,day,krs_P0,krs_P1,krs_P2,krs_P3
0,1.0,-0.0,-0.0,-0.0,-0.0
1,2.0,-0.0,-0.0,-0.0,-0.0
2,3.0,-0.0,-0.0,-0.0,-0.0
3,4.0,-0.0,-0.0,-0.0,-0.0
4,5.0,-0.0,-0.0,-0.0,-0.0
5,6.0,-0.0,-0.0,-0.0,-0.0
6,7.0,-0.0,-0.0,-0.0,-0.0
7,8.0,-0.0,-0.0,-0.0,-0.0
8,9.0,-0.0,-0.0,-0.0,-0.0
9,10.0,-0.0,-0.0,-0.0,-0.0
10,11.0,-0.0,-0.0,-0.0,-0.0
11,12.0,-0.0,-0.0,-0.0,-0.0
12,13.0,-0.0,-0.0,-0.0,-0.0
13,14.0,-0.0,-0.0,-0.0,-0.0
14,15.0,-0.0,-0.0,-0.0,-0.0
15,16.0,-0.0,-0.0,-0.0,-0.0
16,17.0,-0.0,-0.0,-0.0,-0.0
17,18.0,-0.0,-0.0,-0.0,-0.0
18,19.0,-0.0,-0.0,-0.0,-0.0
19,20.0,-0.0,-0.0,-0.0,-0.0
20,21.0,-0.0,-0.0,-0.0,-0.0
21,22.0,-0.0,-0.0,-0.0,-0.0
22,23.0,-0.0,-0.0,-0.0,-0.0
23,24.0,-0.0,-0.0,-0.0,-0.0
24,25.0,-0.0,-0.0,-0.0,-0.0
25,26.0,-0.0,-0.0,-0.0,-0.0
26,27.0,-0.0,-0.0,-0.0,-0.0
27,28.0,-0.0,-0.0,-0.0,-0.0
28,1.0,-0.0,-0.0,-0.0,-0.0
29,2.0,-0.0,-0.0,-0.0,-0.0
30,3.0,-0.0,-0.0,-0.0,-0.0
31,4.0,-0.0,-0.0,-0.0,-0.0
32,5.0,-0.0,-0.0,-0.0,-0.0
33,6.0,-0.0,-0.0,-0.0,-0.0
34,7.0,-0.0,-0.0,-0.0,-0.0
35,8.0,-0.0,-0.0,-0.0,-0.0
36,9.0,-0.0,-0.0,-0.0,-0.0
37,10.0,-0.0,-0.0,-0.0,-0.0
38,11.0,-0.0,-0.0,-0.0,-0.0
39,12.0,-0.0,-0.0,-0.0,-0.0
40,13.0,-0.0,-0.0,-0.0,-0.0
41,14.0,-0.0,-0.0,-0.0,-0.0
42,15.0,-0.0,-0.0,-0.0,-0.0
43,16.0,-0.0,-0.0,-0.0,-0.0
44,17.0,-0.0,-0.0,-0.0,-0.0
45,18.0,-0.0,-0.0,-0.0,-0.0
46,19.0,-0.0,-0.0,-0.0,-0.0
47,20.0,-0.0,-0.0,-0.0,-0.0
48,21.0,-0.0,-0.0,-0.0,-0.0
49,22.0,-0.0,-0.0,-0.0,-0.0
50,23.0,-0.0,-0.0,-0.0,-0.0
51,24.0,-0.0,-0.0,-0.0,-0.0
52,25.0,-0.0,-0.0,-0.0,-0.0
53,26.0,-0.0,-0.0,-0.0,-0.0
54,27.0,-0.0,-0.0,-0.0,-0.0
55,28.0,-0.0,-0.0,-0.0,-0.0
56,1.0,-0.0,-0.0,-0.0,-0.0
57,2.0,-0.0,-0.0,-0.0,-0.0
58,3.0,-0.0,-0.0,-0.0,-0.0
59,4.0,-0.0,-0.0,-0.0,-0.0
60,5.0,-0.0,-0.0,-0.0,-0.0
61,6.0,-0.0,-0.0,-0.0,-0.0
62,7.0,-0.0,-0.0,-0.0,-0.0
63,8.0,-0.0,-0.0,-0.0,-0.0
64,9.0,-0.0,-0.0,-0.0,-0.0
65,10.0,-0.0,-0.0,-0.0,-0.0
66,11.0,-0.0,-0.0,-0.0,-0.0
67,12.0,-0.0,-0.0,-0.0,-0.0
68,13.0,-0.0,-0.0,-0.0,-0.0
69,14.0,-0.0,-0.0,-0.0,-0.0
70,15.0,-0.0,-0.0,-0.0,-0.0
71,16.0,-0.0,-0.0,-0.0,-0.0
72,17.0,-0.0,-0.0,-0.0,-0.0
73,18.0,-0.0,-0.0,-0.0,-0.0
74,19.0,-0.0,-0.0,-0.0,-0.0
75,20.0,-0.0,-0.0,-0.0,-0.0
76,21.0,-0.0,-0.0,-0.0,-0.0
77,22.0,-0.0,-0.0,-0.0,-0.0
78,23.0,-0.0,-0.0,-0.0,-0.0
79,24.0,-0.0,-0.0,-0.0,-0.0
80,25.0,-0.0,-0.0,-0.0,-0.0
81,26.0,-0.0,-0.0,-0.0,-0.0
82,27.0,-0.0,-0.0,-0.0,-0.0
83,28.0,-0.0,-0.0,-0.0,-0.0
84,1.0,-0.0,-0.0,-0.0,-0.0
85,2.0,-0.0,-0.0,-0.0,-0.0
86,3.0,-0.0,-0.0,-0.0,-0.0
87,4.0,-0.0,-0.0,-0.0,-0.0
88,5.0,-0.0,-0.0,-0.0,-0.0
89,6.0,-0.0,-0.0,-0.0,-0.0
90,7.0,-0.0,-0.0,-0.0,-0.0
91,8.0,-0.0,-0.0,-0.0,-0.0
92,9.0,-0.0,-0.0,-0.0,-0.0
93,10.0,-0.0,-0.0,-0.0,-0.0
94,11.0,-0.0,-0.0,-0.0,-0.0
95,12.0,-0.0,-0.0,-0.0,-0.0
96,13.0,-0.0,-0.0,-0.0,-0.0
97,14.0,-0.0,-0.0,-0.0,-0.0
98,15.0,-0.0,-0.0,-0.0,-0.0
99,16.0,-0.0,-0.0,-0.0,-0.0
100,17.0,-0.0,-0.0,-0.0,-0.0
101,18.0,-0.0,-0.0,-0.0,-0.0
102,19.0,-0.0,-0.0,-0.0,-0.0
103,20.0,-0.0,-0.0,-0.0,-0.0
104,21.0,-0.0,-0.0,-0.0,-0.0
105,22.0,-0.0,-0.0,-0.0,-0.0
106,23.0,-0.0,-0.0,-0.0,-0.0
107,24.0,-0.0,-0.0,-0.0,-0.0
108,25.0,-0.0,-0.0,-0.0,-0.0
109,26.0,-0.0,-0.0,-0.0,-0.0
110,27.0,-0.0,-0.0,-0.0,-0.0
111,28.0,-0.0,-0.0,-0.0,-0.0
112,1.0,-0.0,-0.0,-0.0,-0.0
113,2.0,-0.0,-0.0,-0.0,-0.0
114,3.0,-0.0,-0.0,-0.0,-0.0
115,4.0,-0.0,-0.0,-0.0,-0.0
116,5.0,-0.0,-0.0,-0.0,-0.0
117,6.0,-0.0,-0.0,-0.0,-0.0
118,7.0,-0.0,-0.0,-0.0,-0.0
119,8.0,-0.0,-0.0,-0.0,-0.0
120,9.0,-0.0,-0.0,-0.0,-0.0
121,10.0,-0.0,-0.0,-0.0,-0.0
122,11.0,-0.0,-0.0,-0.0,-0.0
123,12.0,-0.0,-0.0,-0.0,-0.0
124,13.0,-0.0,-0.0,-0.0,-0.0
125,14.0,-0.0,-0.0,-0.0,-0.0
126,15.0,-0.0,-0.0,-0.0,-0.0
127,16.0,-0.0,-0.0,-0.0,-0.0
128,17.0,-0.0,-0.0,-0.0,-0.0
129,18.0,-0.0,-0.0,-0.0,-0.0
130,19.0,-0.0,-0.0,-0.0,-0.0
131,20.0,-0.0,-0.0,-0.0,-0.0
132,21.0,-0.0,-0.0,-0.0,-0.0
133,22.0,-0.0,-0.0,-0.0,-0.0
134,23.0,-0.0,-0.0,-0.0,-0.0
135,24.0,-0.0,-0.0,-0.0,-0.0
136,25.0,-0.0,-0.0,-0.0,-0.0
137,26.0,-0.0,-0.0,-0.0,-0.0
138,27.0,-0.0,-0.0,-0.0,-0.0
139,28.0,-0.0,-0.0,-0.0,-0.0
140,1.0,-0.0,-0.0,-0.0,-0.0
141,2.0,-0.0,-0.0,-0.0,-0.0
142,3.0,-0.0,-0.0,-0.0,-0.0
143,4.0,-0.0,-0.0,-0.0,-0.0
144,5.0,-0.0,-0.0,-0.0,-0.0
145,6.0,-0.0,-0.0,-0.0,-0.0
146,7.0,-0.0,-0.0,-0.0,-0.0
147,8.0,-0.0,-0.0,-0.0,-0.0
148,9.0,-0.0,-0.0,-0.0,-0.0
149,10.0,-0.0,-0.0,-0.0,-0.0
150,11.0,-0.0,-0.0,-0.0,-0.0
151,12.0,-0.0,-0.0,-0.0,-0.0
152,13.0,-0.0,-0.0,-0.0,-0.0
153,14.0,-0.0,-0.0,-0.0,-0.0
154,15.0,-0.0,-0.0,-0.0,-0.0
155,16.0,-0.0,-0.0,-0.0,-0.0
156,17.0,-0.0,-0.0,-0.0,-0.0
157,18.0,-0.0,-0.0,-0.0,-0.0
158,19.0,-0.0,-0.0,-0.0,-0.0
159,20.0,-0.0,-0.0,-0.0,-0.0
160,21.0,-0.0,-0.0,-0.0,-0.0
161,22.0,-0.0,-0.0,-0.0,-0.0
162,23.0,-0.0,-0.0,-0.0,-0.0
163,24.0,-0.0,-0.0,-0.0,-0.0
164,25.0,-0.0,-0.0,-0.0,-0.0
165,26.0,-0.0,-0.0,-0.0,-0.0
166,27.0,-0.0,-0.0,-0.0,-0.0
167,28.0,-0.0,-0.0,-0.0,-0.0
168,1.0,-0.0,-0.0,-0.0,-0.0
169,2.0,-0.0,-0.0,-0.0,-0.0
170,3.0,-0.0,-0.0,-0.0,-0.0
171,4.0,-0.0,-0.0,-0.0,-0.0
172,5.0,-0.0,-0.0,-0.0,-0.0
173,6.0,-0.0,-0.0,-0.0,-0.0
174,7.0,-0.0,-0.0,-0.0,-0.0
175,8.0,-0.0,-0.0,-0.0,-0.0
176,9.0,-0.0,-0.0,-0.0,-0.0
177,10.0,-0.0,-0.0,-0.0,-0.0
178,11.0,-0.0,-0.0,-0.0,-0.0
179,12.0,-0.0,-0.0,-0.0,-0.0
180,13.0,-0.0,-0.0,-0.0,-0.0
181,14.0,-0.0,-0.0,-0.0,-0.0
182,15.0,-0.0,-0.0,-0.0,-0.0
183,16.0,-0.0,-0.0,-0.0,-0.0
184,17.0,-0.0,-0.0,-0.0,-0.0
185,18.0,-0.0,-0.0,-0.0,-0.0
186,19.0,-0.0,-0.0,-0.0,-0.0
187,20.0,-0.0,-0.0,-0.0,-0.0
188,21.0,-0.0,-0.0,-0.0,-0.0
189,22.0,-0.0,-0.0,-0.0,-0.0
190,23.0,-0.0,-0.0,-0.0,-0.0
191,24.0,-0.0,-0.0,-0.0,-0.0
192,25.0,-0.0,-0.0,-0.0,-0.0
193,26.0,-0.0,-0.0,-0.0,-0.0
194,27.0,-0.0,-0.0,-0.0,-0.0
195,28.0,-0.0,-0.0,-0.0,-0.0
196,1.0,-0.0,-0.0,-0.0,-0.0
197,2.0,-0.0,-0.0,-0.0,-0.0
198,3.0,-0.0,-0.0,-0.0,-0.0
199,4.0,-0.0,-0.0,-0.0,-0.0
200,5.0,-0.0,-0.0,-0.0,-0.0
201,6.0,-0.0,-0.0,-0.0,-0.0
202,7.0,-0.0,-0.0,-0.0,-0.0
203,8.0,-0.0,-0.0,-0.0,-0.0
204,9.0,-0.0,-0.0,-0.0,-0.0
205,10.0,-0.0,-0.0,-0.0,-0.0
206,11.0,-0.0,-0.0,-0.0,-0.0
207,12.0,-0.0,-0.0,-0.0,-0.0
208,13.0,-0.0,-0.0,-0.0,-0.0
209,14.0,-0.0,-0.0,-0.0,-0.0
210,15.0,-0.0,-0.0,-0.0,-0.0
211,16.0,-0.0,-0.0,-0.0,-0.0
212,17.0,-0.0,-0.0,-0.0,-0.0
213,18.0,-0.0,-0.0,-0.0,-0.0
214,19.0,-0.0,-0.0,-0.0,-0.0
215,20.0,-0.0,-0.0,-0.0,-0.0
216,21.0,-0.0,-0.0,-0.0,-0.0
217,22.0,-0.0,-0.0,-0.0,-0.0
218,23.0,-0.0,-0.0,-0.0,-0.0
219,24.0,-0.0,-0.0,-0.0,-0.0
220,25.0,-0.0,-0.0,-0.0,-0.0
221,26.0,-0.0,-0.0,-0.0,-0.0
222,27.0,-0.0,-0.0,-0.0,-0.0
223,28.0,-0.0,-0.0,-0.0,-0.0
224,1.0,-0.0,-0.0,-0.0,-0.0
225,2.0,-0.0,-0.0,-0.0,-0.0
226,3.0,-0.0,-0.0,-0.0,-0.0
227,4.0,-0.0,-0.0,-0.0,-0.0
228,5.0,-0.0,-0.0,-0.0,-0.0
229,6.0,-0.0,-0.0,-0.0,-0.0
230,7.0,-0.0,-0.0,-0.0,-0.0
231,8.0,-0.0,-0.0,-0.0,-0.0
232,9.0,-0.0,-0.0,-0.0,-0.0
233,10.0,-0.0,-0.0,-0.0,-0.0
234,11.0,-0.0,-0.0,-0.0,-0.0
235,12.0,-0.0,-0.0,-0.0,-0.0
236,13.0,-0.0,-0.0,-0.0,-0.0
237,14.0,-0.0,-0.0,-0.0,-0.0
238,15.0,-0.0,-0.0,-0.0,-0.0
239,16.0,-0.0,-0.0,-0.0,-0.0
240,17.0,-0.0,-0.0,-0.0,-0.0
241,18.0,-0.0,-0.0,-0.0,-0.0
242,19.0,-0.0,-0.0,-0.0,-0.0
243,20.0,-0.0,-0.0,-0.0,-0.0
244,21.0,-0.0,-0.0,-0.0,-0.0
245,22.0,-0.0,-0.0,-0.0,-0.0
246,23.0,-0.0,-0.0,-0.0,-0.0
247,24.0,-0.0,-0.0,-0.0,-0.0
248,25.0,-0.0,-0.0,-0.0,-0.0
249,26.0,-0.0,-0.0,-0.0,-0.0
250,27.0,-0.0,-0.0,-0.0,-0.0
251,28.0,-0.0,-0.0,-0.0,-0.0
252,1.0,-0.0,-0.0,-0.0,-0.0
253,2.0,-0.0,-0.0,-0.0,-0.0
254,3.0,-0.0,-0.0,-0.0,-0.0
255,4.0,-0.0,-0.0,-0.0,-0.0
256,5.0,-0.0,-0.0,-0.0,-0.0
257,6.0,-0.0,-0.0,-0.0,-0.0
258,7.0,-0.0,-0.0,-0.0,-0.0
259,8.0,-0.0,-0.0,-0.0,-0.0
260,9.0,-0.0,-0.0,-0.0,-0.0
261,10.0,-0.0,-0.0,-0.0,-0.0
262,11.0,-0.0,-0.0,-0.0,-0.0
263,12.0,-0.0,-0.0,-0.0,-0.0
264,13.0,-0.0,-0.0,-0.0,-0.0
265,14.0,-0.0,-0.0,-0.0,-0.0
266,15.0,-0.0,-0.0,-0.0,-0.0
267,16.0,-0.0,-0.0,-0.0,-0.0
268,17.0,-0.0,-0.0,-0.0,-0.0
269,18.0,-0.0,-0.0,-0.0,-0.0
270,19.0,-0.0,-0.0,-0.0,-0.0
271,20.0,-0.0,-0.0,-0.0,-0.0
272,21.0,-0.0,-0.0,-0.0,-0.0
273,22.0,-0.0,-0.0,-0.0,-0.0
274,23.0,-0.0,-0.0,-0.0,-0.0
275,24.0,-0.0,-0.0,-0.0,-0.0
276,25.0,-0.0,-0.0,-0.0,-0.0
277,26.0,-0.0,-0.0,-0.0,-0.0
278,27.0,-0.0,-0.0,-0.0,-0.0
279,28.0,-0.0,-0.0,-0.0,-0.0
280,1.0,-0.0,-0.0,-0.0,-0.0
281,2.0,-0.0,-0.0,-0.0,-0.0
282,3.0,-0.0,-0.0,-0.0,-0.0
283,4.0,-0.0,-0.0,-0.0,-0.0
284,5.0,-0.0,-0.0,-0.0,-0.0
285,6.0,-0.0,-0.0,-0.0,-0.0
286,7.0,-0.0,-0.0,-0.0,-0.0
287,8.0,-0.0,-0.0,-0.0,-0.0
288,9.0,-0.0,-0.0,-0.0,-0.0
289,10.0,-0.0,-0.0,-0.0,-0.0
290,11.0,-0.0,-0.0,-0.0,-0.0
291,12.0,-0.0,-0.0,-0.0,-0.0
292,13.0,-0.0,-0.0,-0.0,-0.0
293,14.0,-0.0,-0.0,-0.0,-0.0
294,15.0,-0.0,-0.0,-0.0,-0.0
295,16.0,-0.0,-0.0,-0.0,-0.0
296,17.0,-0.0,-0.0,-0.0,-0.0
297,18.0,-0.0,-0.0,-0.0,-0.0
298,19.0,-0.0,-0.0,-0.0,-0.0
299,20.0,-0.0,-0.0,-0.0,-0.0
300,21.0,-0.0,-0.0,-0.0,-0.0
301,22.0,-0.0,-0.0,-0.0,-0.0
302,23.0,-0.0,-0.0,-0.0,-0.0
303,24.0,-0.0,-0.0,-0.0,-0.0
304,25.0,-0.0,-0.0,-0.0,-0.0
305,26.0,-0.0,-0.0,-0.0,-0.0
306,27.0,-0.0,-0.0,-0.0,-0.0
307,28.0,-0.0,-0.0,-0.0,-0.0
308,1.0,-0.0,-0.0,-0.0,-0.0
309,2.0,-0.0,-0.0,-0.0,-0.0
310,3.0,-0.0,-0.0,-0.0,-0.0
311,4.0,-0.0,-0.0,-0.0,-0.0
312,5.0,-0.0,-0.0,-0.0,-0.0
313,6.0,-0.0,-0.0,-0.0,-0.0
314,7.0,-0.0,-0.0,-0.0,-0.0
315,8.0,-0.0,-0.0,-0.0,-0.0
316,9.0,-0.0,-0.0,-0.0,-0.0
317,10.0,-0.0,-0.0,-0.0,-0.0
318,11.0,-0.0,-0.0,-0.0,-0.0
319,12.0,-0.0,-0.0,-0.0,-0.0
320,13.0,-0.0,-0.0,-0.0,-0.0
321,14.0,-0.0,-0.0,-0.0,-0.0
322,15.0,-0.0,-0.0,-0.0,-0.0
323,16.0,-0.0,-0.0,-0.0,-0.0
324,17.0,-0.0,-0.0,-0.0,-0.0
325,18.0,-0.0,-0.0,-0.0,-0.0
326,19.0,-0.0,-0.0,-0.0,-0.0
327,20.0,-0.0,-0.0,-0.0,-0.0
328,21.0,-0.0,-0.0,-0.0,-0.0
329,22.0,-0.0,-0.0,-0.0,-0.0
330,23.0,-0.0,-0.0,-0.0,-0.0
331,24.0,-0.0,-0.0,-0.0,-0.0
332,25.0,-0.0,-0.0,-0.0,-0.0
333,26.0,-0.0,-0.0,-0.0,-0.0
334,27.0,-0.0,-0.0,-0.0,-0.0
335,28.0,-0.0,-0.0,-0.0,-0.0
336,1.0,-0.0,-0.0,-0.0,-0.0
337,2.0,-0.0,-0.0,-0.0,-0.0
338,3.0,-0.0,-0.0,-0.0,-0.0
339,4.0,-0.0,-0.0,-0.0,-0.0
340,5.0,-0.0,-0.0,-0.0,-0.0
341,6.0,-0.0,-0.0,-0.0,-0.0
342,7.0,-0.0,-0.0,-0.0,-0.0
343,8.0,-0.0,-0.0,-0.0,-0.0
344,9.0,-0.0,-0.0,-0.0,-0.0
345,10.0,-0.0,-0.0,-0.0,-0.0
346,11.0,-0.0,-0.0,-0.0,-0.0
347,12.0,-0.0,-0.0,-0.0,-0.0
348,13.0,-0.0,-0.0,-0.0,-0.0
349,14.0,-0.0,-0.0,-0.0,-0.0
350,15.0,-0.0,-0.0,-0.0,-0.0
351,16.0,-0.0,-0.0,-0.0,-0.0
352,17.0,-0.0,-0.0,-0.0,-0.0
353,18.0,-0.0,-0.0,-0.0,-0.0
354,19.0,-0.0,-0.0,-0.0,-0.0
355,20.0,-0.0,-0.0,-0.0,-0.0
356,21.0,-0.0,-0.0,-0.0,-0.0
357,22.0,-0.0,-0.0,-0.0,-0.0
358,23.0,-0.0,-0.0,-0.0,-0.0
359,24.0,-0.0,-0.0,-0.0,-0.0
360,25.0,-0.0,-0.0,-0.0,-0.0
361,26.0,-0.0,-0.0,-0.0,-0.0
362,27.0,-0.0,-0.0,-0.0,-0.0
363,28.0,-0.0,-0.0,-0.0,-0.0
364,1.0,-0.0,-0.0,-0.0,-0.0
365,2.0,-0.0,-0.0,-0.0,-0.0
366,3.0,-0.0,-0.0,-0.0,-0.0
367,4.0,-0.0,-0.0,-0.0,-0.0
368,5.0,-0.0,-0.0,-0.0,-0.0
369,6.0,-0.0,-0.0,-0.0,-0.0
370,7.0,-0.0,-0.0,-0.0,-0.0
371,8.0,-0.0,-0.0,-0.0,-0.0
372,9.0,-0.0,-0.0,-0.0,-0.0
373,10.0,-0.0,-0.0,-0.0,-0.0
374,11.0,-0.0,-0.0,-0.0,-0.0
375,12.0,-0.0,-0.0,-0.0,-0.0
376,13.0,-0.0,-0.0,-0.0,-0.0
377,14.0,-0.0,-0.0,-0.0,-0.0
378,15.0,-0.0,-0.0,-0.0,-0.0
379,16.0,-0.0,-0.0,-0.0,-0.0
380,17.0,-0.0,-0.0,-0.0,-0.0
381,18.0,-0.0,-0.0,-0.0,-0.0
382,19.0,-0.0,-0.0,-0.0,-0.0
383,20.0,-0.0,-0.0,-0.0,-0.0
384,21.0,-0.0,-0.0,-0.0,-0.0
385,22.0,-0.0,-0.0,-0.0,-0.0
386,23.0,-0.0,-0.0,-0.0,-0.0
387,24.0,-0.0,-0.0,-0.0,-0.0
388,25.0,-0.0,-0.0,-0.0,-0.0
389,26.0,-0.0,-0.0,-0.0,-0.0
390,27.0,-0.0,-0.0,-0.0,-0.0
391,28.0,-0.0,-0.0,-0.0,-0.0
392,1.0,-0.0,-0.0,-0.0,-0.0
393,2.0,-0.0,-0.0,-0.0,-0.0
394,3.0,-0.0,-0.0,-0.0,-0.0
395,4.0,-0.0,-0.0,-0.0,-0.0
396,5.0,-0.0,-0.0,-0.0,-0.0
397,6.0,-0.0,-0.0,-0.0,-0.0
398,7.0,-0.0,-0.0,-0.0,-0.0
399,8.0,-0.0,-0.0,-0.0,-0.0
400,9.0,-0.0,-0.0,-0.0,-0.0
401,10.0,-0.0,-0.0,-0.0,-0.0
402,11.0,-0.0,-0.0,-0.0,-0.0
403,12.0,-0.0,-0.0,-0.0,-0.0
404,13.0,-0.0,-0.0,-0.0,-0.0
405,14.0,-0.0,-0.0,-0.0,-0.0
406,15.0,-0.0,-0.0,-0.0,-0.0
407,16.0,-0.0,-0.0,-0.0,-0.0
408,17.0,-0.0,-0.0,-0.0,-0.0
409,18.0,-0.0,-0.0,-0.0,-0.0
410,19.0,-0.0,-0.0,-0.0,-0.0
411,20.0,-0.0,-0.0,-0.0,-0.0
412,21.0,-0.0,-0.0,-0.0,-0.0
413,22.0,-0.0,-0.0,-0.0,-0.0
414,23.0,-0.0,-0.0,-0.0,-0.0
415,24.0,-0.0,-0.0,-0.0,-0.0
416,25.0,-0.0,-0.0,-0.0,-0.0
417,26.0,-0.0,-0.0,-0.0,-0.0
418,27.0,-0.0,-0.0,-0.0,-0.0
419,28.0,-0.0,-0.0,-0.0,-0.0
420,1.0,-0.0,-0.0,-0.0,-0.0
421,2.0,-0.0,-0.0,-0.0,-0.0
422,3.0,-0.0,-0.0,-0.0,-0.0
423,4.0,-0.0,-0.0,-0.0,-0.0
424,5.0,-0.0,-0.0,-0.0,-0.0
425,6.0,-0.0,-0.0,-0.0,-0.0
426,7.0,-0.0,-0.0,-0.0,-0.0
427,8.0,-0.0,-0.0,-0.0,-0.0
428,9.0,-0.0,-0.0,-0.0,-0.0
429,10.0,-0.0,-0.0,-0.0,-0.0
430,11.0,-0.0,-0.0,-0.0,-0.0
431,12.0,-0.0,-0.0,-0.0,-0.0
432,13.0,-0.0,-0.0,-0.0,-0.0
433,14.0,-0.0,-0.0,-0.0,-0.0
434,15.0,-0.0,-0.0,-0.0,-0.0
435,16.0,-0.0,-0.0,-0.0,-0.0
436,17.0,-0.0,-0.0,-0.0,-0.0
437,18.0,-0.0,-0.0,-0.0,-0.0
438,19.0,-0.0,-0.0,-0.0,-0.0
439,20.0,-0.0,-0.0,-0.0,-0.0
440,21.0,-0.0,-0.0,-0.0,-0.0
441,22.0,-0.0,-0.0,-0.0,-0.0
442,23.0,-0.0,-0.0,-0.0,-0.0
443,24.0,-0.0,-0.0,-0.0,-0.0
444,25.0,-0.0,-0.0,-0.0,-0.0
445,26.0,-0.0,-0.0,-0.0,-0.0
446,27.0,-0.0,-0.0,-0.0,-0.0
447,28.0,-0.0,-0.0,-0.0,-0.0
448,1.0,-0.0,-0.0,-0.0,-0.0
449,2.0,-0.0,-0.0,-0.0,-0.0
450,3.0,-0.0,-0.0,-0.0,-0.0
451,4.0,-0.0,-0.0,-0.0,-0.0
452,5.0,-0.0,-0.0,-0.0,-0.0
453,6.0,-0.0,-0.0,-0.0,-0.0
454,7.0,-0.0,-0.0,-0.0,-0.0
455,8.0,-0.0,-0.0,-0.0,-0.0
456,9.0,-0.0,-0.0,-0.0,-0.0
457,10.0,-0.0,-0.0,-0.0,-0.0
458,11.0,-0.0,-0.0,-0.0,-0.0
459,12.0,-0.0,-0.0,-0.0,-0.0
460,13.0,-0.0,-0.0,-0.0,-0.0
461,14.0,-0.0,-0.0,-0.0,-0.0
462,15.0,-0.0,-0.0,-0.0,-0.0
463,16.0,-0.0,-0.0,-0.0,-0.0
464,17.0,-0.0,-0.0,-0.0,-0.0
465,18.0,-0.0,-0.0,-0.0,-0.0
466,19.0,-0.0,-0.0,-0.0,-0.0
467,20.0,-0.0,-0.0,-0.0,-0.0
468,21.0,-0.0,-0.0,-0.0,-0.0
469,22.0,-0.0,-0.0,-0.0,-0.0
470,23.0,-0.0,-0.0,-0.0,-0.0
471,24.0,-0.0,-0.0,-0.0,-0.0
472,25.0,-0.0,-0.0,-0.0,-0.0
473,26.0,-0.0,-0.0,-0.0,-0.0
474,27.0,-0.0,-0.0,-0.0,-0.0
475,28.0,-0.0,-0.0,-0.0,-0.0
476,1.0,-0.0,-0.0,-0.0,-0.0
477,2.0,-0.0,-0.0,-0.0,-0.0
478,3.0,-0.0,-0.0,-0.0,-0.0
479,4.0,-0.0,-0.0,-0.0,-0.0
480,5.0,-0.0,-0.0,-0.0,-0.0
481,6.0,-0.0,-0.0,-0.0,-0.0
482,7.0,-0.0,-0.0,-0.0,-0.0
483,8.0,-0.0,-0.0,-0.0,-0.0
484,9.0,-0.0,-0.0,-0.0,-0.0
485,10.0,-0.0,-0.0,-0.0,-0.0
486,11.0,-0.0,-0.0,-0.0,-0.0
487,12.0,-0.0,-0.0,-0.0,-0.0
488,13.0,-0.0,-0.0,-0.0,-0.0
489,14.0,-0.0,-0.0,-0.0,-0.0
490,15.0,-0.0,-0.0,-0.0,-0.0
491,16.0,-0.0,-0.0,-0.0,-0.0
492,17.0,-0.0,-0.0,-0.0,-0.0
493,18.0,-0.0,-0.0,-0.0,-0.0
494,19.0,-0.0,-0.0,-0.0,-0.0
495,20.0,-0.0,-0.0,-0.0,-0.0
496,21.0,-0.0,-0.0,-0.0,-0.0
497,22.0,-0.0,-0.0,-0.0,-0.0
498,23.0,-0.0,-0.0,-0.0,-0.0
499,24.0,-0.0,-0.0,-0.0,-0.0
500,25.0,-0.0,-0.0,-0.0,-0.0
501,26.0,-0.0,-0.0,-0.0,-0.0
502,27.0,-0.0,-0.0,-0.0,-0.0
503,28.0,-0.0,-0.0,-0.0,-0.0
504,1.0,-0.0,-0.0,-0.0,-0.0
505,2.0,-0.0,-0.0,-0.0,-0.0
506,3.0,-0.0,-0.0,-0.0,-0.0
507,4.0,-0.0,-0.0,-0.0,-0.0
508,5.0,-0.0,-0.0,-0.0,-0.0
509,6.0,-0.0,-0.0,-0.0,-0.0
510,7.0,-0.0,-0.0,-0.0,-0.0
511,8.0,-0.0,-0.0,-0.0,-0.0
512,9.0,-0.0,-0.0,-0.0,-0.0
513,10.0,-0.0,-0.0,-0.0,-0.0
514,11.0,-0.0,-0.0,-0.0,-0.0
515,12.0,-0.0,-0.0,-0.0,-0.0
516,13.0,-0.0,-0.0,-0.0,-0.0
517,14.0,-0.0,-0.0,-0.0,-0.0
518,15.0,-0.0,-0.0,-0.0,-0.0
519,16.0,-0.0,-0.0,-0.0,-0.0
520,17.0,-0.0,-0.0,-0.0,-0.0
521,18.0,-0.0,-0.0,-0.0,-0.0
522,19.0,-0.0,-0.0,-0.0,-0.0
523,20.0,-0.0,-0.0,-0.0,-0.0
524,21.0,-0.0,-0.0,-0.0,-0.0
525,22.0,-0.0,-0.0,-0.0,-0.0
526,23.0,-0.0,-0.0,-0.0,-0.0
527,24.0,-0.0,-0.0,-0.0,-0.0
528,25.0,-0.0,-0.0,-0.0,-0.0
529,26.0,-0.0,-0.0,-0.0,-0.0
530,27.0,-0.0,-0.0,-0.0,-0.0
531,28.0,-0.0,-0.0,-0.0,-0.0
532,1.0,-0.0,-0.0,-0.0,-0.0
533,2.0,-0.0,-0.0,-0.0,-0.0
534,3.0,-0.0,-0.0,-0.0,-0.0
535,4.0,-0.0,-0.0,-0.0,-0.0
536,5.0,-0.0,-0.0,-0.0,-0.0
537,6.0,-0.0,-0.0,-0.0,-0.0
538,7.0,-0.0,-0.0,-0.0,-0.0
539,8.0,-0.0,-0.0,-0.0,-0.0
540,9.0,-0.0,-0.0,-0.0,-0.0
541,10.0,-0.0,-0.0,-0.0,-0.0
542,11.0,-0.0,-0.0,-0.0,-0.0
543,12.0,-0.0,-0.0,-0.0,-0.0
544,13.0,-0.0,-0.0,-0.0,-0.0
545,14.0,-0.0,-0.0,-0.0,-0.0
546,15.0,-0.0,-0.0,-0.0,-0.0
547,16.0,-0.0,-0.0,-0.0,-0.0
548,17.0,-0.0,-0.0,-0.0,-0.0
549,18.0,-0.0,-0.0,-0.0,-0.0
550,19.0,-0.0,-0.0,-0.0,-0.0
551,20.0,-0.0,-0.0,-0.0,-0.0
552,21.0,-0.0,-0.0,-0.0,-0.0
553,22.0,-0.0,-0.0,-0.0,-0.0
554,23.0,-0.0,-0.0,-0.0,-0.0
555,24.0,-0.0,-0.0,-0.0,-0.0
556,25.0,-0.0,-0.0,-0.0,-0.0
557,26.0,-0.0,-0.0,-0.0,-0.0
558,27.0,-0.0,-0.0,-0.0,-0.0
559,28.0,-0.0,-0.0,-0.0,-0.0
560,1.0,-0.0,-0.0,-0.0,-0.0
561,2.0,-0.0,-0.0,-0.0,-0.0
562,3.0,-0.0,-0.0,-0.0,-0.0
563,4.0,-0.0,-0.0,-0.0,-0.0
564,5.0,-0.0,-0.0,-0.0,-0.0
565,6.0,-0.0,-0.0,-0.0,-0.0
566,7.0,-0.0,-0.0,-0.0,-0.0
567,8.0,-0.0,-0.0,-0.0,-0.0
568,9.0,-0.0,-0.0,-0.0,-0.0
569,10.0,-0.0,-0.0,-0.0,-0.0
570,11.0,-0.0,-0.0,-0.0,-0.0
571,12.0,-0.0,-0.0,-0.0,-0.0
572,13.0,-0.0,-0.0,-0.0,-0.0
573,14.0,-0.0,-0.0,-0.0,-0.0
574,15.0,-0.0,-0.0,-0.0,-0.0
575,16.0,-0.0,-0.0,-0.0,-0.0
576,17.0,-0.0,-0.0,-0.0,-0.0
577,18.0,-0.0,-0.0,-0.0,-0.0
578,19.0,-0.0,-0.0,-0.0,-0.0
579,20.0,-0.0,-0.0,-0.0,-0.0
580,21.0,-0.0,-0.0,-0.0,-0.0
581,22.0,-0.0,-0.0,-0.0,-0.0
582,23.0,-0.0,-0.0,-0.0,-0.0
583,24.0,-0.0,-0.0,-0.0,-0.0
584,25.0,-0.0,-0.0,-0.0,-0.0
585,26.0,-0.0,-0.0,-0.0,-0.0
586,27.0,-0.0,-0.0,-0.0,-0.0
587,28.0,-0.0,-0.0,-0.0,-0.0
588,1.0,-0.0,-0.0,-0.0,-0.0
589,2.0,-0.0,-0.0,-0.0,-0.0
590,3.0,-0.0,-0.0,-0.0,-0.0
591,4.0,-0.0,-0.0,-0.0,-0.0
592,5.0,-0.0,-0.0,-0.0,-0.0
593,6.0,-0.0,-0.0,-0.0,-0.0
594,7.0,-0.0,-0.0,-0.0,-0.0
595,8.0,-0.0,-0.0,-0.0,-0.0
596,9.0,-0.0,-0.0,-0.0,-0.0
597,10.0,-0.0,-0.0,-0.0,-0.0
598,11.0,-0.0,-0.0,-0.0,-0.0
599,12.0,-0.0,-0.0,-0.0,-0.0
600,13.0,-0.0,-0.0,-0.0,-0.0
601,14.0,-0.0,-0.0,-0.0,-0.0
602,15.0,-0.0,-0.0,-0.0,-0.0
603,16.0,-0.0,-0.0,-0.0,-0.0
604,17.0,-0.0,-0.0,-0.0,-0.0
605,18.0,-0.0,-0.0,-0.0,-0.0
606,19.0,-0.0,-0.0,-0.0,-0.0
607,20.0,-0.0,-0.0,-0.0,-0.0
608,21.0,-0.0,-0.0,-0.0,-0.0
609,22.0,-0.0,-0.0,-0.0,-0.0
610,23.0,-0.0,-0.0,-0.0,-0.0
611,24.0,-0.0,-0.0,-0.0,-0.0
612,25.0,-0.0,-0.0,-0.0,-0.0
613,26.0,-0.0,-0.0,-0.0,-0.0
614,27.0,-0.0,-0.0,-0.0,-0.0
615,28.0,-0.0,-0.0,-0.0,-0.0
616,1.0,-0.0,-0.0,-0.0,-0.0
617,2.0,-0.0,-0.0,-0.0,-0.0
618,3.0,-0.0,-0.0,-0.0,-0.0
619,4.0,-0.0,-0.0,-0.0,-0.0
620,5.0,-0.0,-0.0,-0.0,-0.0
621,6.0,-0.0,-0.0,-0.0,-0.0
622,7.0,-0.0,-0.0,-0.0,-0.0
623,8.0,-0.0,-0.0,-0.0,-0.0
624,9.0,-0.0,-0.0,-0.0,-0.0
625,10.0,-0.0,-0.0,-0.0,-0.0
626,11.0,-0.0,-0.0,-0.0,-0.0
627,12.0,-0.0,-0.0,-0.0,-0.0
628,13.0,-0.0,-0.0,-0.0,-0.0
629,14.0,-0.0,-0.0,-0.0,-0.0
630,15.0,-0.0,-0.0,-0.0,-0.0
631,16.0,-0.0,-0.0,-0.0,-0.0
632,17.0,-0.0,-0.0,-0.0,-0.0
633,18.0,-0.0,-0.0,-0.0,-0.0
634,19.0,-0.0,-0.0,-0.0,-0.0
635,20.0,-0.0,-0.0,-0.0,-0.0
636,21.0,-0.0,-0.0,-0.0,-0.0
637,22.0,-0.0,-0.0,-0.0,-0.0
638,23.0,-0.0,-0.0,-0.0,-0.0
639,24.0,-0.0,-0.0,-0.0,-0.0
640,25.0,-0.0,-0.0,-0.0,-0.0
641,26.0,-0.0,-0.0,-0.0,-0.0
642,27.0,-0.0,-0.0,-0.0,-0.0
643,28.0,-0.0,-0.0,-0.0,-0.0
644,1.0,-0.0,-0.0,-0.0,-0.0
645,2.0,-0.0,-0.0,-0.0,-0.0
646,3.0,-0.0,-0.0,-0.0,-0.0
647,4.0,-0.0,-0.0,-0.0,-0.0
648,5.0,-0.0,-0.0,-0.0,-0.0
649,6.0,-0.0,-0.0,-0.0,-0.0
650,7.0,-0.0,-0.0,-0.0,-0.0
651,8.0,-0.0,-0.0,-0.0,-0.0
652,9.0,-0.0,-0.0,-0.0,-0.0
653,10.0,-0.0,-0.0,-0.0,-0.0
654,11.0,-0.0,-0.0,-0.0,-0.0
655,12.0,-0.0,-0.0,-0.0,-0.0
656,13.0,-0.0,-0.0,-0.0,-0.0
657,14.0,-0.0,-0.0,-0.0,-0.0
658,15.0,-0.0,-0.0,-0.0,-0.0
659,16.0,-0.0,-0.0,-0.0,-0.0
660,17.0,-0.0,-0.0,-0.0,-0.0
661,18.0,-0.0,-0.0,-0.0,-0.0
662,19.0,-0.0,-0.0,-0.0,-0.0
663,20.0,-0.0,-0.0,-0.0,-0.0
664,21.0,-0.0,-0.0,-0.0,-0.0
665,22.0,-0.0,-0.0,-0.0,-0.0
666,23.0,-0.0,-0.0,-0.0,-0.0
667,24.0,-0.0,-0.0,-0.0,-0.0
668,25.0,-0.0,-0.0,-0.0,-0.0
669,26.0,-0.0,-0.0,-0.0,-0.0
670,27.0,-0.0,-0.0,-0.0,-0.0
671,28.0,-0.0,-0.0,-0.0,-0.0
672,1.0,-0.0,-0.0,-0.0,-0.0
673,2.0,-0.0,-0.0,-0.0,-0.0
674,3.0,-0.0,-0.0,-0.0,-0.0
675,4.0,-0.0,-0.0,-0.0,-0.0
676,5.0,-0.0,-0.0,-0.0,-0.0
677,6.0,-0.0,-0.0,-0.0,-0.0
678,7.0,-0.0,-0.0,-0.0,-0.0
679,8.0,-0.0,-0.0,-0.0,-0.0
680,9.0,-0.0,-0.0,-0.0,-0.0
681,10.0,-0.0,-0.0,-0.0,-0.0
682,11.0,-0.0,-0.0,-0.0,-0.0
683,12.0,-0.0,-0.0,-0.0,-0.0
684,13.0,-0.0,-0.0,-0.0,-0.0
685,14.0,-0.0,-0.0,-0.0,-0.0
686,15.0,-0.0,-0.0,-0.0,-0.0
687,16.0,-0.0,-0.0,-0.0,-0.0
688,17.0,-0.0,-0.0,-0.0,-0.0
689,18.0,-0.0,-0.0,-0.0,-0.0
690,19.0,-0.0,-0.0,-0.0,-0.0
691,20.0,-0.0,-0.0,-0.0,-0.0
692,21.0,-0.0,-0.0,-0.0,-0.0
693,22.0,-0.0,-0.0,-0.0,-0.0
694,23.0,-0.0,-0.0,-0.0,-0.0
695,24.0,-0.0,-0.0,-0.0,-0.0
696,25.0,-0.0,-0.0,-0.0,-0.0
697,26.0,-0.0,-0.0,-0.0,-0.0
698,27.0,-0.0,-0.0,-0.0,-0.0
699,28.0,-0.0,-0.0,-0.0,-0.0
700,1.0,-0.0,-0.0,-0.0,-0.0
701,2.0,-0.0,-0.0,-0.0,-0.0
702,3.0,-0.0,-0.0,-0.0,-0.0
703,4.0,-0.0,-0.0,-0.0,-0.0
704,5.0,-0.0,-0.0,-0.0,-0.0
705,6.0,-0.0,-0.0,-0.0,-0.0
706,7.0,-0.0,-0.0,-0.0,-0.0
707,8.0,-0.0,-0.0,-0.0,-0.0
708,9.0,-0.0,-0.0,-0.0,-0.0
709,10.0,-0.0,-0.0,-0.0,-0.0
710,11.0,-0.0,-0.0,-0.0,-0.0
711,12.0,-0.0,-0.0,-0.0,-0.0
712,13.0,-0.0,-0.0,-0.0,-0.0
713,14.0,-0.0,-0.0,-0.0,-0.0
714,15.0,-0.0,-0.0,-0.0,-0.0
715,16.0,-0.0,-0.0,-0.0,-0.0
716,17.0,-0.0,-0.0,-0.0,-0.0
717,18.0,-0.0,-0.0,-0.0,-0.0
718,19.0,-0.0,-0.0,-0.0,-0.0
719,20.0,-0.0,-0.0,-0.0,-0.0
720,21.0,-0.0,-0.0,-0.0,-0.0
721,22.0,-0.0,-0.0,-0.0,-0.0
722,23.0,-0.0,-0.0,-0.0,-0.0
723,24.0,-0.0,-0.0,-0.0,-0.0
724,25.0,-0.0,-0.0,-0.0,-0.0
725,26.0,-0.0,-0.0,-0.0,-0.0
726,27.0,-0.0,-0.0,-0.0,-0.0
727,28.0,-0.0,-0.0,-0.0,-0.0
728,1.0,-0.0,-0.0,-0.0,-0.0
729,2.0,-0.0,-0.0,-0.0,-0.0
730,3.0,-0.0,-0.0,-0.0,-0.0
731,4.0,-0.0,-0.0,-0.0,-0.0
732,5.0,-0.0,-0.0,-0.0,-0.0
733,6.0,-0.0,-0.0,-0.0,-0.0
734,7.0,-0.0,-0.0,-0.0,-0.0
735,8.0,-0.0,-0.0,-0.0,-0.0
736,9.0,-0.0,-0.0,-0.0,-0.0
737,10.0,-0.0,-0.0,-0.0,-0.0
738,11.0,-0.0,-0.0,-0.0,-0.0
739,12.0,-0.0,-0.0,-0.0,-0.0
740,13.0,-0.0,-0.0,-0.0,-0.0
741,14.0,-0.0,-0.0,-0.0,-0.0
742,15.0,-0.0,-0.0,-0.0,-0.0
743,16.0,-0.0,-0.0,-0.0,-0.0
744,17.0,-0.0,-0.0,-0.0,-0.0
745,18.0,-0.0,-0.0,-0.0,-0.0
746,19.0,-0.0,-0.0,-0.0,-0.0
747,20.0,-0.0,-0.0,-0.0,-0.0
748,21.0,-0.0,-0.0,-0.0,-0.0
749,22.0,-0.0,-0.0,-0.0,-0.0
750,23.0,-0.0,-0.0,-0.0,-0.0
751,24.0,-0.0,-0.0,-0.0,-0.0
752,25.0,-0.0,-0.0,-0.0,-0.0
753,26.0,-0.0,-0.0,-0.0,-0.0
754,27.0,-0.0,-0.0,-0.0,-0.0
755,28.0,-0.0,-0.0,-0.0,-0.0
756,1.0,-0.0,-0.0,-0.0,-0.0
757,2.0,-0.0,-0.0,-0.0,-0.0
758,3.0,-0.0,-0.0,-0.0,-0.0
759,4.0,-0.0,-0.0,-0.0,-0.0
760,5.0,-0.0,-0.0,-0.0,-0.0
761,6.0,-0.0,-0.0,-0.0,-0.0
762,7.0,-0.0,-0.0,-0.0,-0.0
763,8.0,-0.0,-0.0,-0.0,-0.0
764,9.0,-0.0,-0.0,-0.0,-0.0
765,10.0,-0.0,-0.0,-0.0,-0.0
766,11.0,-0.0,-0.0,-0.0,-0.0
767,12.0,-0.0,-0.0,-0.0,-0.0
768,13.0,-0.0,-0.0,-0.0,-0.0
769,14.0,-0.0,-0.0,-0.0,-0.0
770,15.0,-0.0,-0.0,-0.0,-0.0
771,16.0,-0.0,-0.0,-0.0,-0.0
772,17.0,-0.0,-0.0,-0.0,-0.0
773,18.0,-0.0,-0.0,-0.0,-0.0
774,19.0,-0.0,-0.0,-0.0,-0.0
775,20.0,-0.0,-0.0,-0.0,-0.0
776,21.0,-0.0,-0.0,-0.0,-0.0
777,22.0,-0.0,-0.0,-0.0,-0.0
778,23.0,-0.0,-0.0,-0.0,-0.0
779,24.0,-0.0,-0.0,-0.0,-0.0
780,25.0,-0.0,-0.0,-0.0,-0.0
781,26.0,-0.0,-0.0,-0.0,-0.0
782,27.0,-0.0,-0.0,-0.0,-0.0
783,28.0,-0.0,-0.0,-0.0,-0.0
784,1.0,-0.0,-0.0,-0.0,-0.0
785,2.0,-0.0,-0.0,-0.0,-0.0
786,3.0,-0.0,-0.0,-0.0,-0.0
787,4.0,-0.0,-0.0,-0.0,-0.0
788,5.0,-0.0,-0.0,-0.0,-0.0
789,6.0,-0.0,-0.0,-0.0,-0.0
790,7.0,-0.0,-0.0,-0.0,-0.0
791,8.0,-0.0,-0.0,-0.0,-0.0
792,9.0,-0.0,-0.0,-0.0,-0.0
793,10.0,-0.0,-0.0,-0.0,-0.0
794,11.0,-0.0,-0.0,-0.0,-0.0
795,12.0,-0.0,-0.0,-0.0,-0.0
796,13.0,-0.0,-0.0,-0.0,-0.0
797,14.0,-0.0,-0.0,-0.0,-0.0
798,15.0,-0.0,-0.0,-0.0,-0.0
799,16.0,-0.0,-0.0,-0.0,-0.0
800,17.0,-0.0,-0.0,-0.0,-0.0
801,18.0,-0.0,-0.0,-0.0,-0.0
802,19.0,-0.0,-0.0,-0.0,-0.0
803,20.0,-0.0,-0.0,-0.0,-0.0
804,21.0,-0.0,-0.0,-0.0,-0.0
805,22.0,-0.0,-0.0,-0.0,-0.0
806,23.0,-0.0,-0.0,-0.0,-0.0
807,24.0,-0.0,-0.0,-0.0,-0.0
808,25.0,-0.0,-0.0,-0.0,-0.0
809,26.0,-0.0,-0.0,-0.0,-0.0
810,27.0,-0.0,-0.0,-0.0,-0.0
811,28.0,-0.0,-0.0,-0.0,-0.0
812,1.0,-0.0,-0.0,-0.0,-0.0
813,2.0,-0.0,-0.0,-0.0,-0.0
814,3.0,-0.0,-0.0,-0.0,-0.0
815,4.0,-0.0,-0.0,-0.0,-0.0
816,5.0,-0.0,-0.0,-0.0,-0.0
817,6.0,-0.0,-0.0,-0.0,-0.0
818,7.0,-0.0,-0.0,-0.0,-0.0
819,8.0,-0.0,-0.0,-0.0,-0.0
820,9.0,-0.0,-0.0,-0.0,-0.0
821,10.0,-0.0,-0.0,-0.0,-0.0
822,11.0,-0.0,-0.0,-0.0,-0.0
823,12.0,-0.0,-0.0,-0.0,-0.0
824,13.0,-0.0,-0.0,-0.0,-0.0
825,14.0,-0.0,-0.0,-0.0,-0.0
826,15.0,-0.0,-0.0,-0.0,-0.0
827,16.0,-0.0,-0.0,-0.0,-0.0
828,17.0,-0.0,-0.0,-0.0,-0.0
829,18.0,-0.0,-0.0,-0.0,-0.0
830,19.0,-0.0,-0.0,-0.0,-0.0
831,20.0,-0.0,-0.0,-0.0,-0.0
832,21.0,-0.0,-0.0,-0.0,-0.0
833,22.0,-0.0,-0.0,-0.0,-0.0
834,23.0,-0.0,-0.0,-0.0,-0.0
835,24.0,-0.0,-0.0,-0.0,-0.0
836,25.0,-0.0,-0.0,-0.0,-0.0
837,26.0,-0.0,-0.0,-0.0,-0.0
838,27.0,-0.0,-0.0,-0.0,-0.0
839,28.0,-0.0,-0.0,-0.0,-0.0
840,1.0,-0.0,-0.0,-0.0,-0.0
841,2.0,-0.0,-0.0,-0.0,-0.0
842,3.0,-0.0,-0.0,-0.0,-0.0
843,4.0,-0.0,-0.0,-0.0,-0.0
844,5.0,-0.0,-0.0,-0.0,-0.0
845,6.0,-0.0,-0.0,-0.0,-0.0
846,7.0,-0.0,-0.0,-0.0,-0.0
847,8.0,-0.0,-0.0,-0.0,-0.0
848,9.0,-0.0,-0.0,-0.0,-0.0
849,10.0,-0.0,-0.0,-0.0,-0.0
850,11.0,-0.0,-0.0,-0.0,-0.0
851,12.0,-0.0,-0.0,-0.0,-0.0
852,13.0,-0.0,-0.0,-0.0,-0.0
853,14.0,-0.0,-0.0,-0.0,-0.0
854,15.0,-0.0,-0.0,-0.0,-0.0
855,16.0,-0.0,-0.0,-0.0,-0.0
856,17.0,-0.0,-0.0,-0.0,-0.0
857,18.0,-0.0,-0.0,-0.0,-0.0
858,19.0,-0.0,-0.0,-0.0,-0.0
859,20.0,-0.0,-0.0,-0.0,-0.0
860,21.0,-0.0,-0.0,-0.0,-0.0
861,22.0,-0.0,-0.0,-0.0,-0.0
862,23.0,-0.0,-0.0,-0.0,-0.0
863,24.0,-0.0,-0.0,-0.0,-0.0
864,25.0,-0.0,-0.0,-0.0,-0.0
865,26.0,-0.0,-0.0,-0.0,-0.0
866,27.0,-0.0,-0.0,-0.0,-0.0
867,28.0,-0.0,-0.0,-0.0,-0.0
868,1.0,-0.0,-0.0,-0.0,-0.0
869,2.0,-0.0,-0.0,-0.0,-0.0
870,3.0,-0.0,-0.0,-0.0,-0.0
871,4.0,-0.0,-0.0,-0.0,-0.0
872,5.0,-0.0,-0.0,-0.0,-0.0
873,6.0,-0.0,-0.0,-0.0,-0.0
874,7.0,-0.0,-0.0,-0.0,-0.0
875,8.0,-0.0,-0.0,-0.0,-0.0
876,9.0,-0.0,-0.0,-0.0,-0.0
877,10.0,-0.0,-0.0,-0.0,-0.0
878,11.0,-0.0,-0.0,-0.0,-0.0
879,12.0,-0.0,-0.0,-0.0,-0.0
880,13.0,-0.0,-0.0,-0.0,-0.0
881,14.0,-0.0,-0.0,-0.0,-0.0
882,15.0,-0.0,-0.0,-0.0,-0.0
883,16.0,-0.0,-0.0,-0.0,-0.0
884,17.0,-0.0,-0.0,-0.0,-0.0
885,18.0,-0.0,-0.0,-0.0,-0.0
886,19.0,-0.0,-0.0,-0.0,-0.0
887,20.0,-0.0,-0.0,-0.0,-0.0
888,21.0,-0.0,-0.0,-0.0,-0.0
889,22.0,-0.0,-0.0,-0.0,-0.0
890,23.0,-0.0,-0.0,-0.0,-0.0
891,24.0,-0.0,-0.0,-0.0,-0.0
892,25.0,-0.0,-0.0,-0.0,-0.0
893,26.0,-0.0,-0.0,-0.0,-0.0
894,27.0,-0.0,-0.0,-0.0,-0.0
895,28.0,-0.0,-0.0,-0.0,-0.0
896,1.0,-0.0,-0.0,-0.0,-0.0
897,2.0,-0.0,-0.0,-0.0,-0.0
898,3.0,-0.0,-0.0,-0.0,-0.0
899,4.0,-0.0,-0.0,-0.0,-0.0
900,5.0,-0.0,-0.0,-0.0,-0.0
901,6.0,-0.0,-0.0,-0.0,-0.0
902,7.0,-0.0,-0.0,-0.0,-0.0
903,8.0,-0.0,-0.0,-0.0,-0.0
904,9.0,-0.0,-0.0,-0.0,-0.0
905,10.0,-0.0,-0.0,-0.0,-0.0
906,11.0,-0.0,-0.0,-0.0,-0.0
907,12.0,-0.0,-0.0,-0.0,-0.0
908,13.0,-0.0,-0.0,-0.0,-0.0
909,14.0,-0.0,-0.0,-0.0,-0.0
910,15.0,-0.0,-0.0,-0.0,-0.0
911,16.0,-0.0,-0.0,-0.0,-0.0
912,17.0,-0.0,-0.0,-0.0,-0.0
913,18.0,-0.0,-0.0,-0.0,-0.0
914,19.0,-0.0,-0.0,-0.0,-0.0
915,20.0,-0.0,-0.0,-0.0,-0.0
916,21.0,-0.0,-0.0,-0.0,-0.0
917,22.0,-0.0,-0.0,-0.0,-0.0
918,23.0,-0.0,-0.0,-0.0,-0.0
919,24.0,-0.0,-0.0,-0.0,-0.0
920,25.0,-0.0,-0.0,-0.0,-0.0
921,26.0,-0.0,-0.0,-0.0,-0.0
922,27.0,-0.0,-0.0,-0.0,-0.0
923,28.0,-0.0,-0.0,-0.0,-0.0
924,1.0,-0.0,-0.0,-0.0,-0.0
925,2.0,-0.0,-0.0,-0.0,-0.0
926,3.0,-0.0,-0.0,-0.0,-0.0
927,4.0,-0.0,-0.0,-0.0,-0.0
928,5.0,-0.0,-0.0,-0.0,-0.0
929,6.0,-0.0,-0.0,-0.0,-0.0
930,7.0,-0.0,-0.0,-0.0,-0.0
931,8.0,-0.0,-0.0,-0.0,-0.0
932,9.0,-0.0,-0.0,-0.0,-0.0
933,10.0,-0.0,-0.0,-0.0,-0.0
934,11.0,-0.0,-0.0,-0.0,-0.0
935,12.0,-0.0,-0.0,-0.0,-0.0
936,13.0,-0.0,-0.0,-0.0,-0.0
937,14.0,-0.0,-0.0,-0.0,-0.0
938,15.0,-0.0,-0.0,-0.0,-0.0
939,16.0,-0.0,-0.0,-0.0,-0.0
940,17.0,-0.0,-0.0,-0.0,-0.0
941,18.0,-0.0,-0.0,-0.0,-0.0
942,19.0,-0.0,-0.0,-0.0,-0.0
943,20.0,-0.0,-0.0,-0.0,-0.0
944,21.0,-0.0,-0.0,-0.0,-0.0
945,22.0,-0.0,-0.0,-0.0,-0.0
946,23.0,-0.0,-0.0,-0.0,-0.0
947,24.0,-0.0,-0.0,-0.0,-0.0
948,25.0,-0.0,-0.0,-0.0,-0.0
949,26.0,-0.0,-0.0,-0.0,-0.0
950,27.0,-0.0,-0.0,-0.0,-0.0
951,28.0,-0.0,-0.0,-0.0,-0.0
952,1.0,-0.0,-0.0,-0.0,-0.0
953,2.0,-0.0,-0.0,-0.0,-0.0
954,3.0,-0.0,-0.0,-0.0,-0.0
955,4.0,-0.0,-0.0,-0.0,-0.0
956,5.0,-0.0,-0.0,-0.0,-0.0
957,6.0,-0.0,-0.0,-0.0,-0.0
958,7.0,-0.0,-0.0,-0.0,-0.0
959,8.0,-0.0,-0.0,-0.0,-0.0
960,9.0,-0.0,-0.0,-0.0,-0.0
961,10.0,-0.0,-0.0,-0.0,-0.0
962,11.0,-0.0,-0.0,-0.0,-0.0
963,12.0,-0.0,-0.0,-0.0,-0.0
964,13.0,-0.0,-0.0,-0.0,-0.0
965,14.0,-0.0,-0.0,-0.0,-0.0
966,15.0,-0.0,-0.0,-0.0,-0.0
967,16.0,-0.0,-0.0,-0.0,-0.0
968,17.0,-0.0,-0.0,-0.0,-0.0
969,18.0,-0.0,-0.0,-0.0,-0.0
970,19.0,-0.0,-0.0,-0.0,-0.0
971,20.0,-0.0,-0.0,-0.0,-0.0
972,21.0,-0.0,-0.0,-0.0,-0.0
973,22.0,-0.0,-0.0,-0.0,-0.0
974,23.0,-0.0,-0.0,-0.0,-0.0
975,24.0,-0.0,-0.0,-0.0,-0.0
976,25.0,-0.0,-0.0,-0.0,-0.0
977,26.0,-0.0,-0.0,-0.0,-0.0
978,27.0,-0.0,-0.0,-0.0,-0.0
979,28.0,-0.0,-0.0,-0.0,-0.0
980,1.0,-0.0,-0.0,-0.0,-0.0
981,2.0,-0.0,-0.0,-0.0,-0.0
982,3.0,-0.0,-0.0,-0.0,-0.0
983,4.0,-0.0,-0.0,-0.0,-0.0
984,5.0,-0.0,-0.0,-0.0,-0.0
985,6.0,-0.0,-0.0,-0.0,-0.0
986,7.0,-0.0,-0.0,-0.0,-0.0
987,8.0,-0.0,-0.0,-0.0,-0.0
988,9.0,-0.0,-0.0,-0.0,-0.0
989,10.0,-0.0,-0.0,-0.0,-0.0
990,11.0,-0.0,-0.0,-0.0,-0.0
991,12.0,-0.0,-0.0,-0.0,-0.0
992,13.0,-0.0,-0.0,-0.0,-0.0
993,14.0,-0.0,-0.0,-0.0,-0.0
994,15.0,-0.0,-0.0,-0.0,-0.0
995,16.0,-0.0,-0.0,-0.0,-0.0
996,17.0,-0.0,-0.0,-0.0,-0.0
997,18.0,-0.0,-0.0,-0.0,-0.0
998,19.0,-0.0,-0.0,-0.0,-0.0
999,20.0,-0.0,-0.0,-0.0,-0.0
1000,21.0,-0.0,-0.0,-0.0,-0.0
1001,22.0,-0.0,-0.0,-0.0,-0.0
1002,23.0,-0.0,-0.0,-0.0,-0.0
1003,24.0,-0.0,-0.0,-0.0,-0.0
1004,25.0,-0.0,-0.0,-0.0,-0.0
1005,26.0,-0.0,-0.0,-0.0,-0.0
1006,27.0,-0.0,-0.0,-0.0,-0.0
1007,28.0,-0.0,-0.0,-0.0,-0.0
1008,1.0,-0.0,-0.0,-0.0,-0.0
1009,2.0,-0.0,-0.0,-0.0,-0.0
1010,3.0,-0.0,-0.0,-0.0,-0.0
1011,4.0,-0.0,-0.0,-0.0,-0.0
1012,5.0,-0.0,-0.0,-0.0,-0.0
1013,6.0,-0.0,-0.0,-0.0,-0.0
1014,7.0,-0.0,-0.0,-0.0,-0.0
1015,8.0,-0.0,-0.0,-0.0,-0.0
1016,9.0,-0.0,-0.0,-0.0,-0.0
1017,10.0,-0.0,-0.0,-0.0,-0.0
1018,11.0,-0.0,-0.0,-0.0,-0.0
1019,12.0,-0.0,-0.0,-0.0,-0.0
1020,13.0,-0.0,-0.0,-0.0,-0.0
1021,14.0,-0.0,-0.0,-0.0,-0.0
1022,15.0,-0.0,-0.0,-0.0,-0.0
1023,16.0,-0.0,-0.0,-0.0,-0.0
1024,17.0,-0.0,-0.0,-0.0,-0.0
1025,18.0,-0.0,-0.0,-0.0,-0.0
1026,19.0,-0.0,-0.0,-0.0,-0.0
1027,20.0,-0.0,-0.0,-0.0,-0.0
1028,21.0,-0.0,-0.0,-0.0,-0.0
1029,22.0,-0.0,-0.0,-0.0,-0.0
1030,23.0,-0.0,-0.0,-0.0,-0.0
1031,24.0,-0.0,-0.0,-0.0,-0.0
1032,25.0,-0.0,-0.0,-0.0,-0.0
1033,26.0,-0.0,-0.0,-0.0,-0.0
1034,27.0,-0.0,-0.0,-0.0,-0.0
1035,28.0,-0.0,-0.0,-0.0,-0.0
1036,1.0,-0.0,-0.0,-0.0,-0.0
1037,2.0,-0.0,-0.0,-0.0,-0.0
1038,3.0,-0.0,-0.0,-0.0,-0.0
1039,4.0,-0.0,-0.0,-0.0,-0.0
1040,5.0,-0.0,-0.0,-0.0,-0.0
1041,6.0,-0.0,-0.0,-0.0,-0.0
1042,7.0,-0.0,-0.0,-0.0,-0.0
1043,8.0,-0.0,-0.0,-0.0,-0.0
1044,9.0,-0.0,-0.0,-0.0,-0.0
1045,10.0,-0.0,-0.0,-0.0,-0.0
1046,11.0,-0.0,-0.0,-0.0,-0.0
1047,12.0,-0.0,-0.0,-0.0,-0.0
1048,13.0,-0.0,-0.0,-0.0,-0.0
1049,14.0,-0.0,-0.0,-0.0,-0.0
1050,15.0,-0.0,-0.0,-0.0,-0.0
1051,16.0,-0.0,-0.0,-0.0,-0.0
1052,17.0,-0.0,-0.0,-0.0,-0.0
1053,18.0,-0.0,-0.0,-0.0,-0.0
1054,19.0,-0.0,-0.0,-0.0,-0.0
1055,20.0,-0.0,-0.0,-0.0,-0.0
1056,21.0,-0.0,-0.0,-0.0,-0.0
1057,22.0,-0.0,-0.0,-0.0,-0.0
1058,23.0,-0.0,-0.0,-0.0,-0.0
1059,24.0,-0.0,-0.0,-0.0,-0.0
1060,25.0,-0.0,-0.0,-0.0,-0.0
1061,26.0,-0.0,-0.0,-0.0,-0.0
1062,27.0,-0.0,-0.0,-0.0,-0.0
1063,28.0,-0.0,-0.0,-0.0,-0.0
1064,1.0,-0.0,-0.0,-0.0,-0.0
1065,2.0,-0.0,-0.0,-0.0,-0.0
1066,3.0,-0.0,-0.0,-0.0,-0.0
1067,4.0,-0.0,-0.0,-0.0,-0.0
1068,5.0,-0.0,-0.0,-0.0,-0.0
1069,6.0,-0.0,-0.0,-0.0,-0.0
1070,7.0,-0.0,-0.0,-0.0,-0.0
1071,8.0,-0.0,-0.0,-0.0,-0.0
1072,9.0,-0.0,-0.0,-0.0,-0.0
1073,10.0,-0.0,-0.0,-0.0,-0.0
1074,11.0,-0.0,-0.0,-0.0,-0.0
1075,12.0,-0.0,-0.0,-0.0,-0.0
1076,13.0,-0.0,-0.0,-0.0,-0.0
1077,14.0,-0.0,-0.0,-0.0,-0.0
1078,15.0,-0.0,-0.0,-0.0,-0.0
1079,16.0,-0.0,-0.0,-0.0,-0.0
1080,17.0,-0.0,-0.0,-0.0,-0.0
1081,18.0,-0.0,-0.0,-0.0,-0.0
1082,19.0,-0.0,-0.0,-0.0,-0.0
1083,20.0,-0.0,-0.0,-0.0,-0.0
1084,21.0,-0.0,-0.0,-0.0,-0.0
1085,22.0,-0.0,-0.0,-0.0,-0.0
1086,23.0,-0.0,-0.0,-0.0,-0.0
1087,24.0,-0.0,-0.0,-0.0,-0.0
1088,25.0,-0.0,-0.0,-0.0,-0.0
1089,26.0,-0.0,-0.0,-0.0,-0.0
1090,27.0,-0.0,-0.0,-0.0,-0.0
1091,28.0,-0.0,-0.0,-0.0,-0.0
1092,1.0,-0.0,-0.0,-0.0,-0.0
1093,2.0,-0.0,-0.0,-0.0,-0.0
1094,3.0,-0.0,-0.0,-0.0,-0.0
1095,4.0,-0.0,-0.0,-0.0,-0.0
1096,5.0,-0.0,-0.0,-0.0,-0.0
1097,6.0,-0.0,-0.0,-0.0,-0.0
1098,7.0,-0.0,-0.0,-0.0,-0.0
1099,8.0,-0.0,-0.0,-0.0,-0.0
1100,9.0,-0.0,-0.0,-0.0,-0.0
1101,10.0,-0.0,-0.0,-0.0,-0.0
1102,11.0,-0.0,-0.0,-0.0,-0.0
1103,12.0,-0.0,-0.0,-0.0,-0.0
1104,13.0,-0.0,-0.0,-0.0,-0.0
1105,14.0,-0.0,-0.0,-0.0,-0.0
1106,15.0,-0.0,-0.0,-0.0,-0.0
1107,16.0,-0.0,-0.0,-0.0,-0.0
1108,17.0,-0.0,-0.0,-0.0,-0.0
1109,18.0,-0.0,-0.0,-0.0,-0.0
1110,19.0,-0.0,-0.0,-0.0,-0.0
1111,20.0,-0.0,-0.0,-0.0,-0.0
1112,21.0,-0.0,-0.0,-0.0,-0.0
1113,22.0,-0.0,-0.0,-0.0,-0.0
1114,23.0,-0.0,-0.0,-0.0,-0.0
1115,24.0,-0.0,-0.0,-0.0,-0.0
1116,25.0,-0.0,-0.0,-0.0,-0.0
1117,26.0,-0.0,-0.0,-0.0,-0.0
1118,27.0,-0.0,-0.0,-0.0,-0.0
1119,28.0,-0.0,-0.0,-0.0,-0.0
1120,1.0,-0.0,-0.0,-0.0,-0.0
1121,2.0,-0.0,-0.0,-0.0,-0.0
1122,3.0,-0.0,-0.0,-0.0,-0.0
1123,4.0,-0.0,-0.0,-0.0,-0.0
1124,5.0,-0.0,-0.0,-0.0,-0.0
1125,6.0,-0.0,-0.0,-0.0,-0.0
1126,7.0,-0.0,-0.0,-0.0,-0.0
1127,8.0,-0.0,-0.0,-0.0,-0.0
1128,9.0,-0.0,-0.0,-0.0,-0.0
1129,10.0,-0.0,-0.0,-0.0,-0.0
1130,11.0,-0.0,-0.0,-0.0,-0.0
1131,12.0,-0.0,-0.0,-0.0,-0.0
1132,13.0,-0.0,-0.0,-0.0,-0.0
1133,14.0,-0.0,-0.0,-0.0,-0.0
1134,15.0,-0.0,-0.0,-0.0,-0.0
1135,16.0,-0.0,-0.0,-0.0,-0.0
1136,17.0,-0.0,-0.0,-0.0,-0.0
1137,18.0,-0.0,-0.0,-0.0,-0.0
1138,19.0,-0.0,-0.0,-0.0,-0.0
1139,20.0,-0.0,-0.0,-0.0,-0.0
1140,21.0,-0.0,-0.0,-0.0,-0.0
1141,22.0,-0.0,-0.0,-0.0,-0.0
1142,23.0,-0.0,-0.0,-0.0,-0.0
1143,24.0,-0.0,-0.0,-0.0,-0.0
1144,25.0,-0.0,-0.0,-0.0,-0.0
1145,26.0,-0.0,-0.0,-0.0,-0.0
1146,27.0,-0.0,-0.0,-0.0,-0.0
1147,28.0,-0.0,-0.0,-0.0,-0.0
1148,1.0,-0.0,-0.0,-0.0,-0.0
1149,2.0,-0.0,-0.0,-0.0,-0.0
1150,3.0,-0.0,-0.0,-0.0,-0.0
1151,4.0,-0.0,-0.0,-0.0,-0.0
1152,5.0,-0.0,-0.0,-0.0,-0.0
1153,6.0,-0.0,-0.0,-0.0,-0.0
1154,7.0,-0.0,-0.0,-0.0,-0.0
1155,8.0,-0.0,-0.0,-0.0,-0.0
1156,9.0,-0.0,-0.0,-0.0,-0.0
1157,10.0,-0.0,-0.0,-0.0,-0.0
1158,11.0,-0.0,-0.0,-0.0,-0.0
1159,12.0,-0.0,-0.0,-0.0,-0.0
1160,13.0,-0.0,-0.0,-0.0,-0.0
1161,14.0,-0.0,-0.0,-0.0,-0.0
1162,15.0,-0.0,-0.0,-0.0,-0.0
1163,16.0,-0.0,-0.0,-0.0,-0.0
1164,17.0,-0.0,-0.0,-0.0,-0.0
1165,18.0,-0.0,-0.0,-0.0,-0.0
1166,19.0,-0.0,-0.0,-0.0,-0.0
1167,20.0,-0.0,-0.0,-0.0,-0.0
1168,21.0,-0.0,-0.0,-0.0,-0.0
1169,22.0,-0.0,-0.0,-0.0,-0.0
1170,23.0,-0.0,-0.0,-0.0,-0.0
1171,24.0,-0.0,-0.0,-0.0,-0.0
1172,25.0,-0.0,-0.0,-0.0,-0.0
1173,26.0,-0.0,-0.0,-0.0,-0.0
1174,27.0,-0.0,-0.0,-0.0,-0.0
1175,28.0,-0.0,-0.0,-0.0,-0.0
1176,1.0,-0.0,-0.0,-0.0,-0.0
1177,2.0,-0.0,-0.0,-0.0,-0.0
1178,3.0,-0.0,-0.0,-0.0,-0.0
1179,4.0,-0.0,-0.0,-0.0,-0.0
1180,5.0,-0.0,-0.0,-0.0,-0.0
1181,6.0,-0.0,-0.0,-0.0,-0.0
1182,7.0,-0.0,-0.0,-0.0,-0.0
1183,8.0,-0.0,-0.0,-0.0,-0.0
1184,9.0,-0.0,-0.0,-0.0,-0.0
1185,10.0,-0.0,-0.0,-0.0,-0.0
1186,11.0,-0.0,-0.0,-0.0,-0.0
1187,12.0,-0.0,-0.0,-0.0,-0.0
1188,13.0,-0.0,-0.0,-0.0,-0.0
1189,14.0,-0.0,-0.0,-0.0,-0.0
1190,15.0,-0.0,-0.0,-0.0,-0.0
1191,16.0,-0.0,-0.0,-0.0,-0.0
1192,17.0,-0.0,-0.0,-0.0,-0.0
1193,18.0,-0.0,-0.0,-0.0,-0.0
1194,19.0,-0.0,-0.0,-0.0,-0.0
1195,20.0,-0.0,-0.0,-0.0,-0.0
1196,21.0,-0.0,-0.0,-0.0,-0.0
1197,22.0,-0.0,-0.0,-0.0,-0.0
1198,23.0,-0.0,-0.0,-0.0,-0.0
1199,24.0,-0.0,-0.0,-0.0,-0.0
1200,25.0,-0.0,-0.0,-0.0,-0.0
1201,26.0,-0.0,-0.0,-0.0,-0.0
1202,27.0,-0.0,-0.0,-0.0,-0.0
1203,28.0,-0.0,-0.0,-0.0,-0.0
1204,1.0,-0.0,-0.0,-0.0,-0.0
1205,2.0,-0.0,-0.0,-0.0,-0.0
1206,3.0,-0.0,-0.0,-0.0,-0.0
1207,4.0,-0.0,-0.0,-0.0,-0.0
1208,5.0,-0.0,-0.0,-0.0,-0.0
1209,6.0,-0.0,-0.0,-0.0,-0.0
1210,7.0,-0.0,-0.0,-0.0,-0.0
1211,8.0,-0.0,-0.0,-0.0,-0.0
1212,9.0,-0.0,-0.0,-0.0,-0.0
1213,10.0,-0.0,-0.0,-0.0,-0.0
1214,11.0,-0.0,-0.0,-0.0,-0.0
1215,12.0,-0.0,-0.0,-0.0,-0.0
1216,13.0,-0.0,-0.0,-0.0,-0.0
1217,14.0,-0.0,-0.0,-0.0,-0.0
1218,15.0,-0.0,-0.0,-0.0,-0.0
1219,16.0,-0.0,-0.0,-0.0,-0.0
1220,17.0,-0.0,-0.0,-0.0,-0.0
1221,18.0,-0.0,-0.0,-0.0,-0.0
1222,19.0,-0.0,-0.0,-0.0,-0.0
1223,20.0,-0.0,-0.0,-0.0,-0.0
1224,21.0,-0.0,-0.0,-0.0,-0.0
1225,22.0,-0.0,-0.0,-0.0,-0.0
1226,23.0,-0.0,-0.0,-0.0,-0.0
1227,24.0,-0.0,-0.0,-0.0,-0.0
1228,25.0,-0.0,-0.0,-0.0,-0.0
1229,26.0,-0.0,-0.0,-0.0,-0.0
1230,27.0,-0.0,-0.0,-0.0,-0.0
1231,28.0,-0.0,-0.0,-0.0,-0.0
1232,1.0,-0.0,-0.0,-0.0,-0.0
1233,2.0,-0.0,-0.0,-0.0,-0.0
1234,3.0,-0.0,-0.0,-0.0,-0.0
1235,4.0,-0.0,-0.0,-0.0,-0.0
1236,5.0,-0.0,-0.0,-0.0,-0.0
1237,6.0,-0.0,-0.0,-0.0,-0.0
1238,7.0,-0.0,-0.0,-0.0,-0.0
1239,8.0,-0.0,-0.0,-0.0,-0.0
1240,9.0,-0.0,-0.0,-0.0,-0.0
1241,10.0,-0.0,-0.0,-0.0,-0.0
1242,11.0,-0.0,-0.0,-0.0,-0.0
1243,12.0,-0.0,-0.0,-0.0,-0.0
1244,13.0,-0.0,-0.0,-0.0,-0.0
1245,14.0,-0.0,-0.0,-0.0,-0.0
1246,15.0,-0.0,-0.0,-0.0,-0.0
1247,16.0,-0.0,-0.0,-0.0,-0.0
1248,17.0,-0.0,-0.0,-0.0,-0.0
1249,18.0,-0.0,-0.0,-0.0,-0.0
1250,19.0,-0.0,-0.0,-0.0,-0.0
1251,20.0,-0.0,-0.0,-0.0,-0.0
1252,21.0,-0.0,-0.0,-0.0,-0.0
1253,22.0,-0.0,-0.0,-0.0,-0.0
1254,23.0,-0.0,-0.0,-0.0,-0.0
1255,24.0,-0.0,-0.0,-0.0,-0.0
1256,25.0,-0.0,-0.0,-0.0,-0.0
1257,26.0,-0.0,-0.0,-0.0,-0.0
1258,27.0,-0.0,-0.0,-0.0,-0.0
1259,28.0,-0.0,-0.0,-0.0,-0.0
1260,1.0,-0.0,-0.0,-0.0,-0.0
1261,2.0,-0.0,-0.0,-0.0,-0.0
1262,3.0,-0.0,-0.0,-0.0,-0.0
1263,4.0,-0.0,-0.0,-0.0,-0.0
1264,5.0,-0.0,-0.0,-0.0,-0.0
1265,6.0,-0.0,-0.0,-0.0,-0.0
1266,7.0,-0.0,-0.0,-0.0,-0.0
1267,8.0,-0.0,-0.0,-0.0,-0.0
1268,9.0,-0.0,-0.0,-0.0,-0.0
1269,10.0,-0.0,-0.0,-0.0,-0.0
1270,11.0,-0.0,-0.0,-0.0,-0.0
1271,12.0,-0.0,-0.0,-0.0,-0.0
1272,13.0,-0.0,-0.0,-0.0,-0.0
1273,14.0,-0.0,-0.0,-0.0,-0.0
1274,15.0,-0.0,-0.0,-0.0,-0.0
1275,16.0,-0.0,-0.0,-0.0,-0.0
1276,17.0,-0.0,-0.0,-0.0,-0.0
1277,18.0,-0.0,-0.0,-0.0,-0.0
1278,19.0,-0.0,-0.0,-0.0,-0.0
1279,20.0,-0.0,-0.0,-0.0,-0.0
1280,21.0,-0.0,-0.0,-0.0,-0.0
1281,22.0,-0.0,-0.0,-0.0,-0.0
1282,23.0,-0.0,-0.0,-0.0,-0.0
1283,24.0,-0.0,-0.0,-0.0,-0.0
1284,25.0,-0.0,-0.0,-0.0,-0.0
1285,26.0,-0.0,-0.0,-0.0,-0.0
1286,27.0,-0.0,-0.0,-0.0,-0.0
1287,28.0,-0.0,-0.0,-0.0,-0.0
1288,1.0,-0.0,-0.0,-0.0,-0.0
1289,2.0,-0.0,-0.0,-0.0,-0.0
1290,3.0,-0.0,-0.0,-0.0,-0.0
1291,4.0,-0.0,-0.0,-0.0,-0.0
1292,5.0,-0.0,-0.0,-0.0,-0.0
1293,6.0,-0.0,-0.0,-0.0,-0.0
1294,7.0,-0.0,-0.0,-0.0,-0.0
1295,8.0,-0.0,-0.0,-0.0,-0.0
1296,9.0,-0.0,-0.0,-0.0,-0.0
1297,10.0,-0.0,-0.0,-0.0,-0.0
1298,11.0,-0.0,-0.0,-0.0,-0.0
1299,12.0,-0.0,-0.0,-0.0,-0.0
1300,13.0,-0.0,-0.0,-0.0,-0.0
1301,14.0,-0.0,-0.0,-0.0,-0.0
1302,15.0,-0.0,-0.0,-0.0,-0.0
1303,16.0,-0.0,-0.0,-0.0,-0.0
1304,17.0,-0.0,-0.0,-0.0,-0.0
1305,18.0,-0.0,-0.0,-0.0,-0.0
1306,19.0,-0.0,-0.0,-0.0,-0.0
1307,20.0,-0.0,-0.0,-0.0,-0.0
1308,21.0,-0.0,-0.0,-0.0,-0.0
1309,22.0,-0.0,-0.0,-0.0,-0.0
1310,23.0,-0.0,-0.0,-0.0,-0.0
1311,24.0,-0.0,-0.0,-0.0,-0.0
1312,25.0,-0.0,-0.0,-0.0,-0.0
1313,26.0,-0.0,-0.0,-0.0,-0.0
1314,27.0,-0.0,-0.0,-0.0,-0.0
1315,28.0,-0.0,-0.0,-0.0,-0.0
1316,1.0,-0.0,-0.0,-0.0,-0.0
1317,2.0,-0.0,-0.0,-0.0,-0.0
1318,3.0,-0.0,-0.0,-0.0,-0.0
1319,4.0,-0.0,-0.0,-0.0,-0.0
1320,5.0,-0.0,-0.0,-0.0,-0.0
1321,6.0,-0.0,-0.0,-0.0,-0.0
1322,7.0,-0.0,-0.0,-0.0,-0.0
1323,8.0,-0.0,-0.0,-0.0,-0.0
1324,9.0,-0.0,-0.0,-0.0,-0.0
1325,10.0,-0.0,-0.0,-0.0,-0.0
1326,11.0,-0.0,-0.0,-0.0,-0.0
1327,12.0,-0.0,-0.0,-0.0,-0.0
1328,13.0,-0.0,-0.0,-0.0,-0.0
1329,14.0,-0.0,-0.0,-0.0,-0.0
1330,15.0,-0.0,-0.0,-0.0,-0.0
1331,16.0,-0.0,-0.0,-0.0,-0.0
1332,17.0,-0.0,-0.0,-0.0,-0.0
1333,18.0,-0.0,-0.0,-0.0,-0.0
1334,19.0,-0.0,-0.0,-0.0,-0.0
1335,20.0,-0.0,-0.0,-0.0,-0.0
1336,21.0,-0.0,-0.0,-0.0,-0.0
1337,22.0,-0.0,-0.0,-0.0,-0.0
1338,23.0,-0.0,-0.0,-0.0,-0.0
1339,24.0,-0.0,-0.0,-0.0,-0.0
1340,25.0,-0.0,-0.0,-0.0,-0.0
1341,26.0,-0.0,-0.0,-0.0,-0.0
1342,27.0,-0.0,-0.0,-0.0,-0.0
1343,28.0,-0.0,-0.0,-0.0,-0.0
1344,1.0,-0.0,-0.0,-0.0,-0.0
1345,2.0,-0.0,-0.0,-0.0,-0.0
1346,3.0,-0.0,-0.0,-0.0,-0.0
1347,4.0,-0.0,-0.0,-0.0,-0.0
1348,5.0,-0.0,-0.0,-0.0,-0.0
1349,6.0,-0.0,-0.0,-0.0,-0.0
1350,7.0,-0.0,-0.0,-0.0,-0.0
1351,8.0,-0.0,-0.0,-0.0,-0.0
1352,9.0,-0.0,-0.0,-0.0,-0.0
1353,10.0,-0.0,-0.0,-0.0,-0.0
1354,11.0,-0.0,-0.0,-0.0,-0.0
1355,12.0,-0.0,-0.0,-0.0,-0.0
1356,13.0,-0.0,-0.0,-0.0,-0.0
1357,14.0,-0.0,-0.0,-0.0,-0.0
1358,15.0,-0.0,-0.0,-0.0,-0.0
1359,16.0,-0.0,-0.0,-0.0,-0.0
1360,17.0,-0.0,-0.0,-0.0,-0.0
1361,18.0,-0.0,-0.0,-0.0,-0.0
1362,19.0,-0.0,-0.0,-0.0,-0.0
1363,20.0,-0.0,-0.0,-0.0,-0.0
1364,21.0,-0.0,-0.0,-0.0,-0.0
1365,22.0,-0.0,-0.0,-0.0,-0.0
1366,23.0,-0.0,-0.0,-0.0,-0.0
1367,24.0,-0.0,-0.0,-0.0,-0.0
1368,25.0,-0.0,-0.0,-0.0,-0.0
1369,26.0,-0.0,-0.0,-0.0,-0.0
1370,27.0,-0.0,-0.0,-0.0,-0.0
1371,28.0,-0.0,-0.0,-0.0,-0.0
1372,1.0,-0.0,-0.0,-0.0,-0.0
1373,2.0,-0.0,-0.0,-0.0,-0.0
1374,3.0,-0.0,-0.0,-0.0,-0.0
1375,4.0,-0.0,-0.0,-0.0,-0.0
1376,5.0,-0.0,-0.0,-0.0,-0.0
1377,6.0,-0.0,-0.0,-0.0,-0.0
1378,7.0,-0.0,-0.0,-0.0,-0.0
1379,8.0,-0.0,-0.0,-0.0,-0.0
1380,9.0,-0.0,-0.0,-0.0,-0.0
1381,10.0,-0.0,-0.0,-0.0,-0.0
1382,11.0,-0.0,-0.0,-0.0,-0.0
1383,12.0,-0.0,-0.0,-0.0,-0.0
1384,13.0,-0.0,-0.0,-0.0,-0.0
1385,14.0,-0.0,-0.0,-0.0,-0.0
1386,15.0,-0.0,-0.0,-0.0,-0.0
1387,16.0,-0.0,-0.0,-0.0,-0.0
1388,17.0,-0.0,-0.0,-0.0,-0.0
1389,18.0,-0.0,-0.0,-0.0,-0.0
1390,19.0,-0.0,-0.0,-0.0,-0.0
1391,20.0,-0.0,-0.0,-0.0,-0.0
1392,21.0,-0.0,-0.0,-0.0,-0.0
1393,22.0,-0.0,-0.0,-0.0,-0.0
1394,23.0,-0.0,-0.0,-0.0,-0.0
1395,24.0,-0.0,-0.0,-0.0,-0.0
1396,25.0,-0.0,-0.0,-0.0,-0.0
1397,26.0,-0.0,-0.0,-0.0,-0.0
1398,27.0,-0.0,-0.0,-0.0,-0.0
1399,28.0,-0.0,-0.0,-0.0,-0.0
1400,1.0,-0.0,-0.0,-0.0,-0.0
1401,2.0,-0.0,-0.0,-0.0,-0.0
1402,3.0,-0.0,-0.0,-0.0,-0.0
1403,4.0,-0.0,-0.0,-0.0,-0.0
1404,5.0,-0.0,-0.0,-0.0,-0.0
1405,6.0,-0.0,-0.0,-0.0,-0.0
1406,7.0,-0.0,-0.0,-0.0,-0.0
1407,8.0,-0.0,-0.0,-0.0,-0.0
1408,9.0,-0.0,-0.0,-0.0,-0.0
1409,10.0,-0.0,-0.0,-0.0,-0.0
1410,11.0,-0.0,-0.0,-0.0,-0.0
1411,12.0,-0.0,-0.0,-0.0,-0.0
1412,13.0,-0.0,-0.0,-0.0,-0.0
1413,14.0,-0.0,-0.0,-0.0,-0.0
1414,15.0,-0.0,-0.0,-0.0,-0.0
1415,16.0,-0.0,-0.0,-0.0,-0.0
1416,17.0,-0.0,-0.0,-0.0,-0.0
1417,18.0,-0.0,-0.0,-0.0,-0.0
1418,19.0,-0.0,-0.0,-0.0,-0.0
1419,20.0,-0.0,-0.0,-0.0,-0.0
1420,21.0,-0.0,-0.0,-0.0,-0.0
1421,22.0,-0.0,-0.0,-0.0,-0.0
1422,23.0,-0.0,-0.0,-0.0,-0.0
1423,24.0,-0.0,-0.0,-0.0,-0.0
1424,25.0,-0.0,-0.0,-0.0,-0.0
1425,26.0,-0.0,-0.0,-0.0,-0.0
1426,27.0,-0.0,-0.0,-0.0,-0.0
1427,28.0,-0.0,-0.0,-0.0,-0.0
1428,1.0,-0.0,-0.0,-0.0,-0.0
1429,2.0,-0.0,-0.0,-0.0,-0.0
1430,3.0,-0.0,-0.0,-0.0,-0.0
1431,4.0,-0.0,-0.0,-0.0,-0.0
1432,5.0,-0.0,-0.0,-0.0,-0.0
1433,6.0,-0.0,-0.0,-0.0,-0.0
1434,7.0,-0.0,-0.0,-0.0,-0.0
1435,8.0,-0.0,-0.0,-0.0,-0.0
1436,9.0,-0.0,-0.0,-0.0,-0.0
1437,10.0,-0.0,-0.0,-0.0,-0.0
1438,11.0,-0.0,-0.0,-0.0,-0.0
1439,12.0,-0.0,-0.0,-0.0,-0.0
1440,13.0,-0.0,-0.0,-0.0,-0.0
1441,14.0,-0.0,-0.0,-0.0,-0.0
1442,15.0,-0.0,-0.0,-0.0,-0.0
1443,16.0,-0.0,-0.0,-0.0,-0.0
1444,17.0,-0.0,-0.0,-0.0,-0.0
1445,18.0,-0.0,-0.0,-0.0,-0.0
1446,19.0,-0.0,-0.0,-0.0,-0.0
1447,20.0,-0.0,-0.0,-0.0,-0.0
1448,21.0,-0.0,-0.0,-0.0,-0.0
1449,22.0,-0.0,-0.0,-0.0,-0.0
1450,23.0,-0.0,-0.0,-0.0,-0.0
1451,24.0,-0.0,-0.0,-0.0,-0.0
1452,25.0,-0.0,-0.0,-0.0,-0.0
1453,26.0,-0.0,-0.0,-0.0,-0.0
1454,27.0,-0.0,-0.0,-0.0,-0.0
1455,28.0,-0.0,-0.0,-0.0,-0.0
1456,1.0,-0.0,-0.0,-0.0,-0.0
1457,2.0,-0.0,-0.0,-0.0,-0.0
1458,3.0,-0.0,-0.0,-0.0,-0.0
1459,4.0,-0.0,-0.0,-0.0,-0.0
1460,5.0,-0.0,-0.0,-0.0,-0.0
1461,6.0,-0.0,-0.0,-0.0,-0.0
1462,7.0,-0.0,-0.0,-0.0,-0.0
1463,8.0,-0.0,-0.0,-0.0,-0.0
1464,9.0,-0.0,-0.0,-0.0,-0.0
1465,10.0,-0.0,-0.0,-0.0,-0.0
1466,11.0,-0.0,-0.0,-0.0,-0.0
1467,12.0,-0.0,-0.0,-0.0,-0.0
1468,13.0,-0.0,-0.0,-0.0,-0.0
1469,14.0,-0.0,-0.0,-0.0,-0.0
1470,15.0,-0.0,-0.0,-0.0,-0.0
1471,16.0,-0.0,-0.0,-0.0,-0.0
1472,17.0,-0.0,-0.0,-0.0,-0.0
1473,18.0,-0.0,-0.0,-0.0,-0.0
1474,19.0,-0.0,-0.0,-0.0,-0.0
1475,20.0,-0.0,-0.0,-0.0,-0.0
1476,21.0,-0.0,-0.0,-0.0,-0.0
1477,22.0,-0.0,-0.0,-0.0,-0.0
1478,23.0,-0.0,-0.0,-0.0,-0.0
1479,24.0,-0.0,-0.0,-0.0,-0.0
1480,25.0,-0.0,-0.0,-0.0,-0.0
1481,26.0,-0.0,-0.0,-0.0,-0.0
1482,27.0,-0.0,-0.0,-0.0,-0.0
1483,28.0,-0.0,-0.0,-0.0,-0.0
1484,1.0,-0.0,-0.0,-0.0,-0.0
1485,2.0,-0.0,-0.0,-0.0,-0.0
1486,3.0,-0.0,-0.0,-0.0,-0.0
1487,4.0,-0.0,-0.0,-0.0,-0.0
1488,5.0,-0.0,-0.0,-0.0,-0.0
1489,6.0,-0.0,-0.0,-0.0,-0.0
1490,7.0,-0.0,-0.0,-0.0,-0.0
1491,8.0,-0.0,-0.0,-0.0,-0.0
1492,9.0,-0.0,-0.0,-0.0,-0.0
1493,10.0,-0.0,-0.0,-0.0,-0.0
1494,11.0,-0.0,-0.0,-0.0,-0.0
1495,12.0,-0.0,-0.0,-0.0,-0.0
1496,13.0,-0.0,-0.0,-0.0,-0.0
1497,14.0,-0.0,-0.0,-0.0,-0.0
1498,15.0,-0.0,-0.0,-0.0,-0.0
1499,16.0,-0.0,-0.0,-0.0,-0.0
1500,17.0,-0.0,-0.0,-0.0,-0.0
1501,18.0,-0.0,-0.0,-0.0,-0.0
1502,19.0,-0.0,-0.0,-0.0,-0.0
1503,20.0,-0.0,-0.0,-0.0,-0.0
1504,21.0,-0.0,-0.0,-0.0,-0.0
1505,22.0,-0.0,-0.0,-0.0,-0.0
1506,23.0,-0.0,-0.0,-0.0,-0.0
1507,24.0,-0.0,-0.0,-0.0,-0.0
1508,25.0,-0.0,-0.0,-0.0,-0.0
1509,26.0,-0.0,-0.0,-0.0,-0.0
1510,27.0,-0.0,-0.0,-0.0,-0.0
1511,28.0,-0.0,-0.0,-0.0,-0.0
1512,1.0,-0.0,-0.0,-0.0,-0.0
1513,2.0,-0.0,-0.0,-0.0,-0.0
1514,3.0,-0.0,-0.0,-0.0,-0.0
1515,4.0,-0.0,-0.0,-0.0,-0.0
1516,5.0,-0.0,-0.0,-0.0,-0.0
1517,6.0,-0.0,-0.0,-0.0,-0.0
1518,7.0,-0.0,-0.0,-0.0,-0.0
1519,8.0,-0.0,-0.0,-0.0,-0.0
1520,9.0,-0.0,-0.0,-0.0,-0.0
1521,10.0,-0.0,-0.0,-0.0,-0.0
1522,11.0,-0.0,-0.0,-0.0,-0.0
1523,12.0,-0.0,-0.0,-0.0,-0.0
1524,13.0,-0.0,-0.0,-0.0,-0.0
1525,14.0,-0.0,-0.0,-0.0,-0.0
1526,15.0,-0.0,-0.0,-0.0,-0.0
1527,16.0,-0.0,-0.0,-0.0,-0.0
1528,17.0,-0.0,-0.0,-0.0,-0.0
1529,18.0,-0.0,-0.0,-0.0,-0.0
1530,19.0,-0.0,-0.0,-0.0,-0.0
1531,20.0,-0.0,-0.0,-0.0,-0.0
1532,21.0,-0.0,-0.0,-0.0,-0.0
1533,22.0,-0.0,-0.0,-0.0,-0.0
1534,23.0,-0.0,-0.0,-0.0,-0.0
1535,24.0,-0.0,-0.0,-0.0,-0.0
1536,25.0,-0.0,-0.0,-0.0,-0.0
1537,26.0,-0.0,-0.0,-0.0,-0.0
1538,27.0,-0.0,-0.0,-0.0,-0.0
1539,28.0,-0.0,-0.0,-0.0,-0.0
1540,1.0,-0.0,-0.0,-0.0,-0.0
1541,2.0,-0.0,-0.0,-0.0,-0.0
1542,3.0,-0.0,-0.0,-0.0,-0.0
1543,4.0,-0.0,-0.0,-0.0,-0.0
1544,5.0,-0.0,-0.0,-0.0,-0.0
1545,6.0,-0.0,-0.0,-0.0,-0.0
1546,7.0,-0.0,-0.0,-0.0,-0.0
1547,8.0,-0.0,-0.0,-0.0,-0.0
1548,9.0,-0.0,-0.0,-0.0,-0.0
1549,10.0,-0.0,-0.0,-0.0,-0.0
1550,11.0,-0.0,-0.0,-0.0,-0.0
1551,12.0,-0.0,-0.0,-0.0,-0.0
1552,13.0,-0.0,-0.0,-0.0,-0.0
1553,14.0,-0.0,-0.0,-0.0,-0.0
1554,15.0,-0.0,-0.0,-0.0,-0.0
1555,16.0,-0.0,-0.0,-0.0,-0.0
1556,17.0,-0.0,-0.0,-0.0,-0.0
1557,18.0,-0.0,-0.0,-0.0,-0.0
1558,19.0,-0.0,-0.0,-0.0,-0.0
1559,20.0,-0.0,-0.0,-0.0,-0.0
1560,21.0,-0.0,-0.0,-0.0,-0.0
1561,22.0,-0.0,-0.0,-0.0,-0.0
1562,23.0,-0.0,-0.0,-0.0,-0.0
1563,24.0,-0.0,-0.0,-0.0,-0.0
1564,25.0,-0.0,-0.0,-0.0,-0.0
1565,26.0,-0.0,-0.0,-0.0,-0.0
1566,27.0,-0.0,-0.0,-0.0,-0.0
1567,28.0,-0.0,-0.0,-0.0,-0.0
1568,1.0,-0.0,-0.0,-0.0,-0.0
1569,2.0,-0.0,-0.0,-0.0,-0.0
1570,3.0,-0.0,-0.0,-0.0,-0.0
1571,4.0,-0.0,-0.0,-0.0,-0.0
1572,5.0,-0.0,-0.0,-0.0,-0.0
1573,6.0,-0.0,-0.0,-0.0,-0.0
1574,7.0,-0.0,-0.0,-0.0,-0.0
1575,8.0,-0.0,-0.0,-0.0,-0.0
1576,9.0,-0.0,-0.0,-0.0,-0.0
1577,10.0,-0.0,-0.0,-0.0,-0.0
1578,11.0,-0.0,-0.0,-0.0,-0.0
1579,12.0,-0.0,-0.0,-0.0,-0.0
1580,13.0,-0.0,-0.0,-0.0,-0.0
1581,14.0,-0.0,-0.0,-0.0,-0.0
1582,15.0,-0.0,-0.0,-0.0,-0.0
1583,16.0,-0.0,-0.0,-0.0,-0.0
1584,17.0,-0.0,-0.0,-0.0,-0.0
1585,18.0,-0.0,-0.0,-0.0,-0.0
1586,19.0,-0.0,-0.0,-0.0,-0.0
1587,20.0,-0.0,-0.0,-0.0,-0.0
1588,21.0,-0.0,-0.0,-0.0,-0.0
1589,22.0,-0.0,-0.0,-0.0,-0.0
1590,23.0,-0.0,-0.0,-0.0,-0.0
1591,24.0,-0.0,-0.0,-0.0,-0.0
1592,25.0,-0.0,-0.0,-0.0,-0.0
1593,26.0,-0.0,-0.0,-0.0,-0.0
1594,27.0,-0.0,-0.0,-0.0,-0.0
1595,28.0,-0.0,-0.0,-0.0,-0.0
1596,1.0,-0.0,-0.0,-0.0,-0.0
1597,2.0,-0.0,-0.0,-0.0,-0.0
1598,3.0,-0.0,-0.0,-0.0,-0.0
1599,4.0,-0.0,-0.0,-0.0,-0.0
1600,5.0,-0.0,-0.0,-0.0,-0.0
1601,6.0,-0.0,-0.0,-0.0,-0.0
1602,7.0,-0.0,-0.0,-0.0,-0.0
1603,8.0,-0.0,-0.0,-0.0,-0.0
1604,9.0,-0.0,-0.0,-0.0,-0.0
1605,10.0,-0.0,-0.0,-0.0,-0.0
1606,11.0,-0.0,-0.0,-0.0,-0.0
1607,12.0,-0.0,-0.0,-0.0,-0.0
1608,13.0,-0.0,-0.0,-0.0,-0.0
1609,14.0,-0.0,-0.0,-0.0,-0.0
1610,15.0,-0.0,-0.0,-0.0,-0.0
1611,16.0,-0.0,-0.0,-0.0,-0.0
1612,17.0,-0.0,-0.0,-0.0,-0.0
1613,18.0,-0.0,-0.0,-0.0,-0.0
1614,19.0,-0.0,-0.0,-0.0,-0.0
1615,20.0,-0.0,-0.0,-0.0,-0.0
1616,21.0,-0.0,-0.0,-0.0,-0.0
1617,22.0,-0.0,-0.0,-0.0,-0.0
1618,23.0,-0.0,-0.0,-0.0,-0.0
1619,24.0,-0.0,-0.0,-0.0,-0.0
1620,25.0,-0.0,-0.0,-0.0,-0.0
1621,26.0,-0.0,-0.0,-0.0,-0.0
1622,27.0,-0.0,-0.0,-0.0,-0.0
1623,28.0,-0.0,-0.0,-0.0,-0.0
1624,1.0,-0.0,-0.0,-0.0,-0.0
1625,2.0,-0.0,-0.0,-0.0,-0.0
1626,3.0,-0.0,-0.0,-0.0,-0.0
1627,4.0,-0.0,-0.0,-0.0,-0.0
1628,5.0,-0.0,-0.0,-0.0,-0.0
1629,6.0,-0.0,-0.0,-0.0,-0.0
1630,7.0,-0.0,-0.0,-0.0,-0.0
1631,8.0,-0.0,-0.0,-0.0,-0.0
1632,9.0,-0.0,-0.0,-0.0,-0.0
1633,10.0,-0.0,-0.0,-0.0,-0.0
1634,11.0,-0.0,-0.0,-0.0,-0.0
1635,12.0,-0.0,-0.0,-0.0,-0.0
1636,13.0,-0.0,-0.0,-0.0,-0.0
1637,14.0,-0.0,-0.0,-0.0,-0.0
1638,15.0,-0.0,-0.0,-0.0,-0.0
1639,16.0,-0.0,-0.0,-0.0,-0.0
1640,17.0,-0.0,-0.0,-0.0,-0.0
1641,18.0,-0.0,-0.0,-0.0,-0.0
1642,19.0,-0.0,-0.0,-0.0,-0.0
1643,20.0,-0.0,-0.0,-0.0,-0.0
1644,21.0,-0.0,-0.0,-0.0,-0.0
1645,22.0,-0.0,-0.0,-0.0,-0.0
1646,23.0,-0.0,-0.0,-0.0,-0.0
1647,24.0,-0.0,-0.0,-0.0,-0.0
1648,25.0,-0.0,-0.0,-0.0,-0.0
1649,26.0,-0.0,-0.0,-0.0,-0.0
1650,27.0,-0.0,-0.0,-0.0,-0.0
1651,28.0,-0.0,-0.0,-0.0,-0.0
1652,1.0,-0.0,-0.0,-0.0,-0.0
1653,2.0,-0.0,-0.0,-0.0,-0.0
1654,3.0,-0.0,-0.0,-0.0,-0.0
1655,4.0,-0.0,-0.0,-0.0,-0.0
1656,5.0,-0.0,-0.0,-0.0,-0.0
1657,6.0,-0.0,-0.0,-0.0,-0.0
1658,7.0,-0.0,-0.0,-0.0,-0.0
1659,8.0,-0.0,-0.0,-0.0,-0.0
1660,9.0,-0.0,-0.0,-0.0,-0.0
1661,10.0,-0.0,-0.0,-0.0,-0.0
1662,11.0,-0.0,-0.0,-0.0,-0.0
1663,12.0,-0.0,-0.0,-0.0,-0.0
1664,13.0,-0.0,-0.0,-0.0,-0.0
1665,14.0,-0.0,-0.0,-0.0,-0.0
1666,15.0,-0.0,-0.0,-0.0,-0.0
1667,16.0,-0.0,-0.0,-0.0,-0.0
1668,17.0,-0.0,-0.0,-0.0,-0.0
1669,18.0,-0.0,-0.0,-0.0,-0.0
1670,19.0,-0.0,-0.0,-0.0,-0.0
1671,20.0,-0.0,-0.0,-0.0,-0.0
1672,21.0,-0.0,-0.0,-0.0,-0.0
1673,22.0,-0.0,-0.0,-0.0,-0.0
1674,23.0,-0.0,-0.0,-0.0,-0.0
1675,24.0,-0.0,-0.0,-0.0,-0.0
1676,25.0,-0.0,-0.0,-0.0,-0.0
1677,26.0,-0.0,-0.0,-0.0,-0.0
1678,27.0,-0.0,-0.0,-0.0,-0.0
1679,28.0,-0.0,-0.0,-0.0,-0.0
1680,1.0,-0.0,-0.0,-0.0,-0.0
1681,2.0,-0.0,-0.0,-0.0,-0.0
1682,3.0,-0.0,-0.0,-0.0,-0.0
1683,4.0,-0.0,-0.0,-0.0,-0.0
1684,5.0,-0.0,-0.0,-0.0,-0.0
1685,6.0,-0.0,-0.0,-0.0,-0.0
1686,7.0,-0.0,-0.0,-0.0,-0.0
1687,8.0,-0.0,-0.0,-0.0,-0.0
1688,9.0,-0.0,-0.0,-0.0,-0.0
1689,10.0,-0.0,-0.0,-0.0,-0.0
1690,11.0,-0.0,-0.0,-0.0,-0.0
1691,12.0,-0.0,-0.0,-0.0,-0.0
1692,13.0,-0.0,-0.0,-0.0,-0.0
1693,14.0,-0.0,-0.0,-0.0,-0.0
1694,15.0,-0.0,-0.0,-0.0,-0.0
1695,16.0,-0.0,-0.0,-0.0,-0.0
1696,17.0,-0.0,-0.0,-0.0,-0.0
1697,18.0,-0.0,-0.0,-0.0,-0.0
1698,19.0,-0.0,-0.0,-0.0,-0.0
1699,20.0,-0.0,-0.0,-0.0,-0.0
1700,21.0,-0.0,-0.0,-0.0,-0.0
1701,22.0,-0.0,-0.0,-0.0,-0.0
1702,23.0,-0.0,-0.0,-0.0,-0.0
1703,24.0,-0.0,-0.0,-0.0,-0.0
1704,25.0,-0.0,-0.0,-0.0,-0.0
1705,26.0,-0.0,-0.0,-0.0,-0.0
1706,27.0,-0.0,-0.0,-0.0,-0.0
1707,28.0,-0.0,-0.0,-0.0,-0.0
1708,1.0,-0.0,-0.0,-0.0,-0.0
1709,2.0,-0.0,-0.0,-0.0,-0.0
1710,3.0,-0.0,-0.0,-0.0,-0.0
1711,4.0,-0.0,-0.0,-0.0,-0.0
1712,5.0,-0.0,-0.0,-0.0,-0.0
1713,6.0,-0.0,-0.0,-0.0,-0.0
1714,7.0,-0.0,-0.0,-0.0,-0.0
1715,8.0,-0.0,-0.0,-0.0,-0.0
1716,9.0,-0.0,-0.0,-0.0,-0.0
1717,10.0,-0.0,-0.0,-0.0,-0.0
1718,11.0,-0.0,-0.0,-0.0,-0.0
1719,12.0,-0.0,-0.0,-0.0,-0.0
1720,13.0,-0.0,-0.0,-0.0,-0.0
1721,14.0,-0.0,-0.0,-0.0,-0.0
1722,15.0,-0.0,-0.0,-0.0,-0.0
1723,16.0,-0.0,-0.0,-0.0,-0.0
1724,17.0,-0.0,-0.0,-0.0,-0.0
1725,18.0,-0.0,-0.0,-0.0,-0.0
1726,19.0,-0.0,-0.0,-0.0,-0.0
1727,20.0,-0.0,-0.0,-0.0,-0.0
1728,21.0,-0.0,-0.0,-0.0,-0.0
1729,22.0,-0.0,-0.0,-0.0,-0.0
1730,23.0,-0.0,-0.0,-0.0,-0.0
1731,24.0,-0.0,-0.0,-0.0,-0.0
1732,25.0,-0.0,-0.0,-0.0,-0.0
1733,26.0,-0.0,-0.0,-0.0,-0.0
1734,27.0,-0.0,-0.0,-0.0,-0.0
1735,28.0,-0.0,-0.0,-0.0,-0.0
1736,1.0,-0.0,-0.0,-0.0,-0.0
1737,2.0,-0.0,-0.0,-0.0,-0.0
1738,3.0,-0.0,-0.0,-0.0,-0.0
1739,4.0,-0.0,-0.0,-0.0,-0.0
1740,5.0,-0.0,-0.0,-0.0,-0.0
1741,6.0,-0.0,-0.0,-0.0,-0.0
1742,7.0,-0.0,-0.0,-0.0,-0.0
1743,8.0,-0.0,-0.0,-0.0,-0.0
1744,9.0,-0.0,-0.0,-0.0,-0.0
1745,10.0,-0.0,-0.0,-0.0,-0.0
1746,11.0,-0.0,-0.0,-0.0,-0.0
1747,12.0,-0.0,-0.0,-0.0,-0.0
1748,13.0,-0.0,-0.0,-0.0,-0.0
1749,14.0,-0.0,-0.0,-0.0,-0.0
1750,15.0,-0.0,-0.0,-0.0,-0.0
1751,16.0,-0.0,-0.0,-0.0,-0.0
1752,17.0,-0.0,-0.0,-0.0,-0.0
1753,18.0,-0.0,-0.0,-0.0,-0.0
1754,19.0,-0.0,-0.0,-0.0,-0.0
1755,20.0,-0.0,-0.0,-0.0,-0.0
1756,21.0,-0.0,-0.0,-0.0,-0.0
1757,22.0,-0.0,-0.0,-0.0,-0.0
1758,23.0,-0.0,-0.0,-0.0,-0.0
1759,24.0,-0.0,-0.0,-0.0,-0.0
1760,25.0,-0.0,-0.0,-0.0,-0.0
1761,26.0,-0.0,-0.0,-0.0,-0.0
1762,27.0,-0.0,-0.0,-0.0,-0.0
1763,28.0,-0.0,-0.0,-0.0,-0.0
1764,1.0,-0.0,-0.0,-0.0,-0.0
1765,2.0,-0.0,-0.0,-0.0,-0.0
1766,3.0,-0.0,-0.0,-0.0,-0.0
1767,4.0,-0.0,-0.0,-0.0,-0.0
1768,5.0,-0.0,-0.0,-0.0,-0.0
1769,6.0,-0.0,-0.0,-0.0,-0.0
1770,7.0,-0.0,-0.0,-0.0,-0.0
1771,8.0,-0.0,-0.0,-0.0,-0.0
1772,9.0,-0.0,-0.0,-0.0,-0.0
1773,10.0,-0.0,-0.0,-0.0,-0.0
1774,11.0,-0.0,-0.0,-0.0,-0.0
1775,12.0,-0.0,-0.0,-0.0,-0.0
1776,13.0,-0.0,-0.0,-0.0,-0.0
1777,14.0,-0.0,-0.0,-0.0,-0.0
1778,15.0,-0.0,-0.0,-0.0,-0.0
1779,16.0,-0.0,-0.0,-0.0,-0.0
1780,17.0,-0.0,-0.0,-0.0,-0.0
1781,18.0,-0.0,-0.0,-0.0,-0.0
1782,19.0,-0.0,-0.0,-0.0,-0.0
1783,20.0,-0.0,-0.0,-0.0,-0.0
1784,21.0,-0.0,-0.0,-0.0,-0.0
1785,22.0,-0.0,-0.0,-0.0,-0.0
1786,23.0,-0.0,-0.0,-0.0,-0.0
1787,24.0,-0.0,-0.0,-0.0,-0.0
1788,25.0,-0.0,-0.0,-0.0,-0.0
1789,26.0,-0.0,-0.0,-0.0,-0.0
1790,27.0,-0.0,-0.0,-0.0,-0.0
1791,28.0,-0.0,-0.0,-0.0,-0.0
1792,1.0,-0.0,-0.0,-0.0,-0.0
1793,2.0,-0.0,-0.0,-0.0,-0.0
1794,3.0,-0.0,-0.0,-0.0,-0.0
1795,4.0,-0.0,-0.0,-0.0,-0.0
1796,5.0,-0.0,-0.0,-0.0,-0.0
1797,6.0,-0.0,-0.0,-0.0,-0.0
1798,7.0,-0.0,-0.0,-0.0,-0.0
1799,8.0,-0.0,-0.0,-0.0,-0.0
1800,9.0,-0.0,-0.0,-0.0,-0.0
1801,10.0,-0.0,-0.0,-0.0,-0.0
1802,11.0,-0.0,-0.0,-0.0,-0.0
1803,12.0,-0.0,-0.0,-0.0,-0.0
1804,13.0,-0.0,-0.0,-0.0,-0.0
1805,14.0,-0.0,-0.0,-0.0,-0.0
1806,15.0,-0.0,-0.0,-0.0,-0.0
1807,16.0,-0.0,-0.0,-0.0,-0.0
1808,17.0,-0.0,-0.0,-0.0,-0.0
1809,18.0,-0.0,-0.0,-0.0,-0.0
1810,19.0,-0.0,-0.0,-0.0,-0.0
1811,20.0,-0.0,-0.0,-0.0,-0.0
1812,21.0,-0.0,-0.0,-0.0,-0.0
1813,22.0,-0.0,-0.0,-0.0,-0.0
1814,23.0,-0.0,-0.0,-0.0,-0.0
1815,24.0,-0.0,-0.0,-0.0,-0.0
1816,25.0,-0.0,-0.0,-0.0,-0.0
1817,26.0,-0.0,-0.0,-0.0,-0.0
1818,27.0,-0.0,-0.0,-0.0,-0.0
1819,28.0,-0.0,-0.0,-0.0,-0.0
1820,1.0,-0.0,-0.0,-0.0,-0.0
1821,2.0,-0.0,-0.0,-0.0,-0.0
1822,3.0,-0.0,-0.0,-0.0,-0.0
1823,4.0,-0.0,-0.0,-0.0,-0.0
1824,5.0,-0.0,-0.0,-0.0,-0.0
1825,6.0,-0.0,-0.0,-0.0,-0.0
1826,7.0,-0.0,-0.0,-0.0,-0.0
1827,8.0,-0.0,-0.0,-0.0,-0.0
1828,9.0,-0.0,-0.0,-0.0,-0.0
1829,10.0,-0.0,-0.0,-0.0,-0.0
1830,11.0,-0.0,-0.0,-0.0,-0.0
1831,12.0,-0.0,-0.0,-0.0,-0.0
1832,13.0,-0.0,-0.0,-0.0,-0.0
1833,14.0,-0.0,-0.0,-0.0,-0.0
1834,15.0,-0.0,-0.0,-0.0,-0.0
1835,16.0,-0.0,-0.0,-0.0,-0.0
1836,17.0,-0.0,-0.0,-0.0,-0.0
1837,18.0,-0.0,-0.0,-0.0,-0.0
1838,19.0,-0.0,-0.0,-0.0,-0.0
1839,20.0,-0.0,-0.0,-0.0,-0.0
1840,21.0,-0.0,-0.0,-0.0,-0.0
1841,22.0,-0.0,-0.0,-0.0,-0.0
1842,23.0,-0.0,-0.0,-0.0,-0.0
1843,24.0,-0.0,-0.0,-0.0,-0.0
1844,25.0,-0.0,-0.0,-0.0,-0.0
1845,26.0,-0.0,-0.0,-0.0,-0.0
1846,27.0,-0.0,-0.0,-0.0,-0.0
1847,28.0,-0.0,-0.0,-0.0,-0.0
1848,1.0,-0.0,-0.0,-0.0,-0.0
1849,2.0,-0.0,-0.0,-0.0,-0.0
1850,3.0,-0.0,-0.0,-0.0,-0.0
1851,4.0,-0.0,-0.0,-0.0,-0.0
1852,5.0,-0.0,-0.0,-0.0,-0.0
1853,6.0,-0.0,-0.0,-0.0,-0.0
1854,7.0,-0.0,-0.0,-0.0,-0.0
1855,8.0,-0.0,-0.0,-0.0,-0.0
1856,9.0,-0.0,-0.0,-0.0,-0.0
1857,10.0,-0.0,-0.0,-0.0,-0.0
1858,11.0,-0.0,-0.0,-0.0,-0.0
1859,12.0,-0.0,-0.0,-0.0,-0.0
1860,13.0,-0.0,-0.0,-0.0,-0.0
1861,14.0,-0.0,-0.0,-0.0,-0.0
1862,15.0,-0.0,-0.0,-0.0,-0.0
1863,16.0,-0.0,-0.0,-0.0,-0.0
1864,17.0,-0.0,-0.0,-0.0,-0.0
1865,18.0,-0.0,-0.0,-0.0,-0.0
1866,19.0,-0.0,-0.0,-0.0,-0.0
1867,20.0,-0.0,-0.0,-0.0,-0.0
1868,21.0,-0.0,-0.0,-0.0,-0.0
1869,22.0,-0.0,-0.0,-0.0,-0.0
1870,23.0,-0.0,-0.0,-0.0,-0.0
1871,24.0,-0.0,-0.0,-0.0,-0.0
1872,25.0,-0.0,-0.0,-0.0,-0.0
1873,26.0,-0.0,-0.0,-0.0,-0.0
1874,27.0,-0.0,-0.0,-0.0,-0.0
1875,28.0,-0.0,-0.0,-0.0,-0.0
1876,1.0,-0.0,-0.0,-0.0,-0.0
1877,2.0,-0.0,-0.0,-0.0,-0.0
1878,3.0,-0.0,-0.0,-0.0,-0.0
1879,4.0,-0.0,-0.0,-0.0,-0.0
1880,5.0,-0.0,-0.0,-0.0,-0.0
1881,6.0,-0.0,-0.0,-0.0,-0.0
1882,7.0,-0.0,-0.0,-0.0,-0.0
1883,8.0,-0.0,-0.0,-0.0,-0.0
1884,9.0,-0.0,-0.0,-0.0,-0.0
1885,10.0,-0.0,-0.0,-0.0,-0.0
1886,11.0,-0.0,-0.0,-0.0,-0.0
1887,12.0,-0.0,-0.0,-0.0,-0.0
1888,13.0,-0.0,-0.0,-0.0,-0.0
1889,14.0,-0.0,-0.0,-0.0,-0.0
1890,15.0,-0.0,-0.0,-0.0,-0.0
1891,16.0,-0.0,-0.0,-0.0,-0.0
1892,17.0,-0.0,-0.0,-0.0,-0.0
1893,18.0,-0.0,-0.0,-0.0,-0.0
1894,19.0,-0.0,-0.0,-0.0,-0.0
1895,20.0,-0.0,-0.0,-0.0,-0.0
1896,21.0,-0.0,-0.0,-0.0,-0.0
1897,22.0,-0.0,-0.0,-0.0,-0.0
1898,23.0,-0.0,-0.0,-0.0,-0.0
1899,24.0,-0.0,-0.0,-0.0,-0.0
1900,25.0,-0.0,-0.0,-0.0,-0.0
1901,26.0,-0.0,-0.0,-0.0,-0.0
1902,27.0,-0.0,-0.0,-0.0,-0.0
1903,28.0,-0.0,-0.0,-0.0,-0.0
1904,1.0,-0.0,-0.0,-0.0,-0.0
1905,2.0,-0.0,-0.0,-0.0,-0.0
1906,3.0,-0.0,-0.0,-0.0,-0.0
1907,4.0,-0.0,-0.0,-0.0,-0.0
1908,5.0,-0.0,-0.0,-0.0,-0.0
1909,6.0,-0.0,-0.0,-0.0,-0.0
1910,7.0,-0.0,-0.0,-0.0,-0.0
1911,8.0,-0.0,-0.0,-0.0,-0.0
1912,9.0,-0.0,-0.0,-0.0,-0.0
1913,10.0,-0.0,-0.0,-0.0,-0.0
1914,11.0,-0.0,-0.0,-0.0,-0.0
1915,12.0,-0.0,-0.0,-0.0,-0.0
1916,13.0,-0.0,-0.0,-0.0,-0.0
1917,14.0,-0.0,-0.0,-0.0,-0.0
1918,15.0,-0.0,-0.0,-0.0,-0.0
1919,16.0,-0.0,-0.0,-0.0,-0.0
1920,17.0,-0.0,-0.0,-0.0,-0.0
1921,18.0,-0.0,-0.0,-0.0,-0.0
1922,19.0,-0.0,-0.0,-0.0,-0.0
1923,20.0,-0.0,-0.0,-0.0,-0.0
1924,21.0,-0.0,-0.0,-0.0,-0.0
1925,22.0,-0.0,-0.0,-0.0,-0.0
1926,23.0,-0.0,-0.0,-0.0,-0.0
1927,24.0,-0.0,-0.0,-0.0,-0.0
1928,25.0,-0.0,-0.0,-0.0,-0.0
1929,26.0,-0.0,-0.0,-0.0,-0.0
1930,27.0,-0.0,-0.0,-0.0,-0.0
1931,28.0,-0.0,-0.0,-0.0,-0.0
1932,1.0,-0.0,-0.0,-0.0,-0.0
1933,2.0,-0.0,-0.0,-0.0,-0.0
1934,3.0,-0.0,-0.0,-0.0,-0.0
1935,4.0,-0.0,-0.0,-0.0,-0.0
1936,5.0,-0.0,-0.0,-0.0,-0.0
1937,6.0,-0.0,-0.0,-0.0,-0.0
1938,7.0,-0.0,-0.0,-0.0,-0.0
1939,8.0,-0.0,-0.0,-0.0,-0.0
1940,9.0,-0.0,-0.0,-0.0,-0.0
1941,10.0,-0.0,-0.0,-0.0,-0.0
1942,11.0,-0.0,-0.0,-0.0,-0.0
1943,12.0,-0.0,-0.0,-0.0,-0.0
1944,13.0,-0.0,-0.0,-0.0,-0.0
1945,14.0,-0.0,-0.0,-0.0,-0.0
1946,15.0,-0.0,-0.0,-0.0,-0.0
1947,16.0,-0.0,-0.0,-0.0,-0.0
1948,17.0,-0.0,-0.0,-0.0,-0.0
1949,18.0,-0.0,-0.0,-0.0,-0.0
1950,19.0,-0.0,-0.0,-0.0,-0.0
1951,20.0,-0.0,-0.0,-0.0,-0.0
1952,21.0,-0.0,-0.0,-0.0,-0.0
1953,22.0,-0.0,-0.0,-0.0,-0.0
1954,23.0,-0.0,-0.0,-0.0,-0.0
1955,24.0,-0.0,-0.0,-0.0,-0.0
1956,25.0,-0.0,-0.0,-0.0,-0.0
1957,26.0,-0.0,-0.0,-0.0,-0.0
1958,27.0,-0.0,-0.0,-0.0,-0.0
1959,28.0,-0.0,-0.0,-0.0,-0.0
1960,1.0,-0.0,-0.0,-0.0,-0.0
1961,2.0,-0.0,-0.0,-0.0,-0.0
1962,3.0,-0.0,-0.0,-0.0,-0.0
1963,4.0,-0.0,-0.0,-0.0,-0.0
1964,5.0,-0.0,-0.0,-0.0,-0.0
1965,6.0,-0.0,-0.0,-0.0,-0.0
1966,7.0,-0.0,-0.0,-0.0,-0.0
1967,8.0,-0.0,-0.0,-0.0,-0.0
1968,9.0,-0.0,-0.0,-0.0,-0.0
1969,10.0,-0.0,-0.0,-0.0,-0.0
1970,11.0,-0.0,-0.0,-0.0,-0.0
1971,12.0,-0.0,-0.0,-0.0,-0.0
1972,13.0,-0.0,-0.0,-0.0,-0.0
1973,14.0,-0.0,-0.0,-0.0,-0.0
1974,15.0,-0.0,-0.0,-0.0,-0.0
1975,16.0,-0.0,-0.0,-0.0,-0.0
1976,17.0,-0.0,-0.0,-0.0,-0.0
1977,18.0,-0.0,-0.0,-0.0,-0.0
1978,19.0,-0.0,-0.0,-0.0,-0.0
1979,20.0,-0.0,-0.0,-0.0,-0.0
1980,21.0,-0.0,-0.0,-0.0,-0.0
1981,22.0,-0.0,-0.0,-0.0,-0.0
1982,23.0,-0.0,-0.0,-0.0,-0.0
1983,24.0,-0.0,-0.0,-0.0,-0.0
1984,25.0,-0.0,-0.0,-0.0,-0.0
1985,26.0,-0.0,-0.0,-0.0,-0.0
1986,27.0,-0.0,-0.0,-0.0,-0.0
1987,28.0,-0.0,-0.0,-0.0,-0.0
1988,1.0,-0.0,-0.0,-0.0,-0.0
1989,2.0,-0.0,-0.0,-0.0,-0.0
1990,3.0,-0.0,-0.0,-0.0,-0.0
1991,4.0,-0.0,-0.0,-0.0,-0.0
1992,5.0,-0.0,-0.0,-0.0,-0.0
1993,6.0,-0.0,-0.0,-0.0,-0.0
1994,7.0,-0.0,-0.0,-0.0,-0.0
1995,8.0,-0.0,-0.0,-0.0,-0.0
1996,9.0,-0.0,-0.0,-0.0,-0.0
1997,10.0,-0.0,-0.0,-0.0,-0.0
1998,11.0,-0.0,-0.0,-0.0,-0.0
1999,12.0,-0.0,-0.0,-0.0,-0.0
2000,13.0,-0.0,-0.0,-0.0,-0.0
2001,14.0,-0.0,-0.0,-0.0,-0.0
2002,15.0,-0.0,-0.0,-0.0,-0.0
2003,16.0,-0.0,-0.0,-0.0,-0.0
2004,17.0,-0.0,-0.0,-0.0,-0.0
2005,18.0,-0.0,-0.0,-0.0,-0.0
2006,19.0,-0.0,-0.0,-0.0,-0.0
2007,20.0,-0.0,-0.0,-0.0,-0.0
2008,21.0,-0.0,-0.0,-0.0,-0.0
2009,22.0,-0.0,-0.0,-0.0,-0.0
2010,23.0,-0.0,-0.0,-0.0,-0.0
2011,24.0,-0.0,-0.0,-0.0,-0.0
2012,25.0,-0.0,-0.0,-0.0,-0.0
2013,26.0,-0.0,-0.0,-0.0,-0.0
2014,27.0,-0.0,-0.0,-0.0,-0.0
2015,28.0,-0.0,-0.0,-0.0,-0.0
2016,1.0,-0.0,-0.0,-0.0,-0.0
2017,2.0,-0.0,-0.0,-0.0,-0.0
2018,3.0,-0.0,-0.0,-0.0,-0.0
2019,4.0,-0.0,-0.0,-0.0,-0.0
2020,5.0,-0.0,-0.0,-0.0,-0.0
2021,6.0,-0.0,-0.0,-0.0,-0.0
2022,7.0,-0.0,-0.0,-0.0,-0.0
2023,8.0,-0.0,-0.0,-0.0,-0.0
2024,9.0,-0.0,-0.0,-0.0,-0.0
2025,10.0,-0.0,-0.0,-0.0,-0.0
2026,11.0,-0.0,-0.0,-0.0,-0.0
2027,12.0,-0.0,-0.0,-0.0,-0.0
2028,13.0,-0.0,-0.0,-0.0,-0.0
2029,14.0,-0.0,-0.0,-0.0,-0.0
2030,15.0,-0.0,-0.0,-0.0,-0.0
2031,16.0,-0.0,-0.0,-0.0,-0.0
2032,17.0,-0.0,-0.0,-0.0,-0.0
2033,18.0,-0.0,-0.0,-0.0,-0.0
2034,19.0,-0.0,-0.0,-0.0,-0.0
2035,20.0,-0.0,-0.0,-0.0,-0.0
2036,21.0,-0.0,-0.0,-0.0,-0.0
2037,22.0,-0.0,-0.0,-0.0,-0.0
2038,23.0,-0.0,-0.0,-0.0,-0.0
2039,24.0,-0.0,-0.0,-0.0,-0.0
2040,25.0,-0.0,-0.0,-0.0,-0.0
2041,26.0,-0.0,-0.0,-0.0,-0.0
2042,27.0,-0.0,-0.0,-0.0,-0.0
2043,28.0,-0.0,-0.0,-0.0,-0.0
2044,1.0,-0.0,-0.0,-0.0,-0.0
2045,2.0,-0.0,-0.0,-0.0,-0.0
2046,3.0,-0.0,-0.0,-0.0,-0.0
2047,4.0,-0.0,-0.0,-0.0,-0.0
2048,5.0,-0.0,-0.0,-0.0,-0.0
2049,6.0,-0.0,-0.0,-0.0,-0.0
2050,7.0,-0.0,-0.0,-0.0,-0.0
2051,8.0,-0.0,-0.0,-0.0,-0.0
2052,9.0,-0.0,-0.0,-0.0,-0.0
2053,10.0,-0.0,-0.0,-0.0,-0.0
2054,11.0,-0.0,-0.0,-0.0,-0.0
2055,12.0,-0.0,-0.0,-0.0,-0.0
2056,13.0,-0.0,-0.0,-0.0,-0.0
2057,14.0,-0.0,-0.0,-0.0,-0.0
2058,15.0,-0.0,-0.0,-0.0,-0.0
2059,16.0,-0.0,-0.0,-0.0,-0.0
2060,17.0,-0.0,-0.0,-0.0,-0.0
2061,18.0,-0.0,-0.0,-0.0,-0.0
2062,19.0,-0.0,-0.0,-0.0,-0.0
2063,20.0,-0.0,-0.0,-0.0,-0.0
2064,21.0,-0.0,-0.0,-0.0,-0.0
2065,22.0,-0.0,-0.0,-0.0,-0.0
2066,23.0,-0.0,-0.0,-0.0,-0.0
2067,24.0,-0.0,-0.0,-0.0,-0.0
2068,25.0,-0.0,-0.0,-0.0,-0.0
2069,26.0,-0.0,-0.0,-0.0,-0.0
2070,27.0,-0.0,-0.0,-0.0,-0.0
2071,28.0,-0.0,-0.0,-0.0,-0.0
2072,1.0,-0.0,-0.0,-0.0,-0.0
2073,2.0,-0.0,-0.0,-0.0,-0.0
2074,3.0,-0.0,-0.0,-0.0,-0.0
2075,4.0,-0.0,-0.0,-0.0,-0.0
2076,5.0,-0.0,-0.0,-0.0,-0.0
2077,6.0,-0.0,-0.0,-0.0,-0.0
2078,7.0,-0.0,-0.0,-0.0,-0.0
2079,8.0,-0.0,-0.0,-0.0,-0.0
2080,9.0,-0.0,-0.0,-0.0,-0.0
2081,10.0,-0.0,-0.0,-0.0,-0.0
2082,11.0,-0.0,-0.0,-0.0,-0.0
2083,12.0,-0.0,-0.0,-0.0,-0.0
2084,13.0,-0.0,-0.0,-0.0,-0.0
2085,14.0,-0.0,-0.0,-0.0,-0.0
2086,15.0,-0.0,-0.0,-0.0,-0.0
2087,16.0,-0.0,-0.0,-0.0,-0.0
2088,17.0,-0.0,-0.0,-0.0,-0.0
2089,18.0,-0.0,-0.0,-0.0,-0.0
2090,19.0,-0.0,-0.0,-0.0,-0.0
2091,20.0,-0.0,-0.0,-0.0,-0.0
2092,21.0,-0.0,-0.0,-0.0,-0.0
2093,22.0,-0.0,-0.0,-0.0,-0.0
2094,23.0,-0.0,-0.0,-0.0,-0.0
2095,24.0,-0.0,-0.0,-0.0,-0.0
2096,25.0,-0.0,-0.0,-0.0,-0.0
2097,26.0,-0.0,-0.0,-0.0,-0.0
2098,27.0,-0.0,-0.0,-0.0,-0.0
2099,28.0,-0.0,-0.0,-0.0,-0.0
2100,1.0,-0.0,-0.0,-0.0,-0.0
2101,2.0,-0.0,-0.0,-0.0,-0.0
2102,3.0,-0.0,-0.0,-0.0,-0.0
2103,4.0,-0.0,-0.0,-0.0,-0.0
2104,5.0,-0.0,-0.0,-0.0,-0.0
2105,6.0,-0.0,-0.0,-0.0,-0.0
2106,7.0,-0.0,-0.0,-0.0,-0.0
2107,8.0,-0.0,-0.0,-0.0,-0.0
2108,9.0,-0.0,-0.0,-0.0,-0.0
2109,10.0,-0.0,-0.0,-0.0,-0.0
2110,11.0,-0.0,-0.0,-0.0,-0.0
2111,12.0,-0.0,-0.0,-0.0,-0.0
2112,13.0,-0.0,-0.0,-0.0,-0.0
2113,14.0,-0.0,-0.0,-0.0,-0.0
2114,15.0,-0.0,-0.0,-0.0,-0.0
2115,16.0,-0.0,-0.0,-0.0,-0.0
2116,17.0,-0.0,-0.0,-0.0,-0.0
2117,18.0,-0.0,-0.0,-0.0,-0.0
2118,19.0,-0.0,-0.0,-0.0,-0.0
2119,20.0,-0.0,-0.0,-0.0,-0.0
2120,21.0,-0.0,-0.0,-0.0,-0.0
2121,22.0,-0.0,-0.0,-0.0,-0.0
2122,23.0,-0.0,-0.0,-0.0,-0.0
2123,24.0,-0.0,-0.0,-0.0,-0.0
2124,25.0,-0.0,-0.0,-0.0,-0.0
2125,26.0,-0.0,-0.0,-0.0,-0.0
2126,27.0,-0.0,-0.0,-0.0,-0.0
2127,28.0,-0.0,-0.0,-0.0,-0.0
2128,1.0,-0.0,-0.0,-0.0,-0.0
2129,2.0,-0.0,-0.0,-0.0,-0.0
2130,3.0,-0.0,-0.0,-0.0,-0.0
2131,4.0,-0.0,-0.0,-0.0,-0.0
2132,5.0,-0.0,-0.0,-0.0,-0.0
2133,6.0,-0.0,-0.0,-0.0,-0.0
2134,7.0,-0.0,-0.0,-0.0,-0.0
2135,8.0,-0.0,-0.0,-0.0,-0.0
2136,9.0,-0.0,-0.0,-0.0,-0.0
2137,10.0,-0.0,-0.0,-0.0,-0.0
2138,11.0,-0.0,-0.0,-0.0,-0.0
2139,12.0,-0.0,-0.0,-0.0,-0.0
2140,13.0,-0.0,-0.0,-0.0,-0.0
2141,14.0,-0.0,-0.0,-0.0,-0.0
2142,15.0,-0.0,-0.0,-0.0,-0.0
2143,16.0,-0.0,-0.0,-0.0,-0.0
2144,17.0,-0.0,-0.0,-0.0,-0.0
2145,18.0,-0.0,-0.0,-0.0,-0.0
2146,19.0,-0.0,-0.0,-0.0,-0.0
2147,20.0,-0.0,-0.0,-0.0,-0.0
2148,21.0,-0.0,-0.0,-0.0,-0.0
2149,22.0,-0.0,-0.0,-0.0,-0.0
2150,23.0,-0.0,-0.0,-0.0,-0.0
2151,24.0,-0.0,-0.0,-0.0,-0.0
2152,25.0,-0.0,-0.0,-0.0,-0.0
2153,26.0,-0.0,-0.0,-0.0,-0.0
2154,27.0,-0.0,-0.0,-0.0,-0.0
2155,28.0,-0.0,-0.0,-0.0,-0.0
2156,1.0,-0.0,-0.0,-0.0,-0.0
2157,2.0,-0.0,-0.0,-0.0,-0.0
2158,3.0,-0.0,-0.0,-0.0,-0.0
2159,4.0,-0.0,-0.0,-0.0,-0.0
2160,5.0,-0.0,-0.0,-0.0,-0.0
2161,6.0,-0.0,-0.0,-0.0,-0.0
2162,7.0,-0.0,-0.0,-0.0,-0.0
2163,8.0,-0.0,-0.0,-0.0,-0.0
2164,9.0,-0.0,-0.0,-0.0,-0.0
2165,10.0,-0.0,-0.0,-0.0,-0.0
2166,11.0,-0.0,-0.0,-0.0,-0.0
2167,12.0,-0.0,-0.0,-0.0,-0.0
2168,13.0,-0.0,-0.0,-0.0,-0.0
2169,14.0,-0.0,-0.0,-0.0,-0.0
2170,15.0,-0.0,-0.0,-0.0,-0.0
2171,16.0,-0.0,-0.0,-0.0,-0.0
2172,17.0,-0.0,-0.0,-0.0,-0.0
2173,18.0,-0.0,-0.0,-0.0,-0.0
2174,19.0,-0.0,-0.0,-0.0,-0.0
2175,20.0,-0.0,-0.0,-0.0,-0.0
2176,21.0,-0.0,-0.0,-0.0,-0.0
2177,22.0,-0.0,-0.0,-0.0,-0.0
2178,23.0,-0.0,-0.0,-0.0,-0.0
2179,24.0,-0.0,-0.0,-0.0,-0.0
2180,25.0,-0.0,-0.0,-0.0,-0.0
2181,26.0,-0.0,-0.0,-0.0,-0.0
2182,27.0,-0.0,-0.0,-0.0,-0.0
2183,28.0,-0.0,-0.0,-0.0,-0.0
2184,1.0,-0.0,-0.0,-0.0,-0.0
2185,2.0,-0.0,-0.0,-0.0,-0.0
2186,3.0,-0.0,-0.0,-0.0,-0.0
2187,4.0,-0.0,-0.0,-0.0,-0.0
2188,5.0,-0.0,-0.0,-0.0,-0.0
2189,6.0,-0.0,-0.0,-0.0,-0.0
2190,7.0,-0.0,-0.0,-0.0,-0.0
2191,8.0,-0.0,-0.0,-0.0,-0.0
2192,9.0,-0.0,-0.0,-0.0,-0.0
2193,10.0,-0.0,-0.0,-0.0,-0.0
2194,11.0,-0.0,-0.0,-0.0,-0.0
2195,12.0,-0.0,-0.0,-0.0,-0.0
2196,13.0,-0.0,-0.0,-0.0,-0.0
2197,14.0,-0.0,-0.0,-0.0,-0.0
2198,15.0,-0.0,-0.0,-0.0,-0.0
2199,16.0,-0.0,-0.0,-0.0,-0.0
2200,17.0,-0.0,-0.0,-0.0,-0.0
2201,18.0,-0.0,-0.0,-0.0,-0.0
2202,19.0,-0.0,-0.0,-0.0,-0.0
2203,20.0,-0.0,-0.0,-0.0,-0.0
2204,21.0,-0.0,-0.0,-0.0,-0.0
2205,22.0,-0.0,-0.0,-0.0,-0.0
2206,23.0,-0.0,-0.0,-0.0,-0.0
2207,24.0,-0.0,-0.0,-0.0,-0.0
2208,25.0,-0.0,-0.0,-0.0,-0.0
2209,26.0,-0.0,-0.0,-0.0,-0.0
2210,27.0,-0.0,-0.0,-0.0,-0.0
2211,28.0,-0.0,-0.0,-0.0,-0.0
2212,1.0,-0.0,-0.0,-0.0,-0.0
2213,2.0,-0.0,-0.0,-0.0,-0.0
2214,3.0,-0.0,-0.0,-0.0,-0.0
2215,4.0,-0.0,-0.0,-0.0,-0.0
2216,5.0,-0.0,-0.0,-0.0,-0.0
2217,6.0,-0.0,-0.0,-0.0,-0.0
2218,7.0,-0.0,-0.0,-0.0,-0.0
2219,8.0,-0.0,-0.0,-0.0,-0.0
2220,9.0,-0.0,-0.0,-0.0,-0.0
2221,10.0,-0.0,-0.0,-0.0,-0.0
2222,11.0,-0.0,-0.0,-0.0,-0.0
2223,12.0,-0.0,-0.0,-0.0,-0.0
2224,13.0,-0.0,-0.0,-0.0,-0.0
2225,14.0,-0.0,-0.0,-0.0,-0.0
2226,15.0,-0.0,-0.0,-0.0,-0.0
2227,16.0,-0.0,-0.0,-0.0,-0.0
2228,17.0,-0.0,-0.0,-0.0,-0.0
2229,18.0,-0.0,-0.0,-0.0,-0.0
2230,19.0,-0.0,-0.0,-0.0,-0.0
2231,20.0,-0.0,-0.0,-0.0,-0.0
2232,21.0,-0.0,-0.0,-0.0,-0.0
2233,22.0,-0.0,-0.0,-0.0,-0.0
2234,23.0,-0.0,-0.0,-0.0,-0.0
2235,24.0,-0.0,-0.0,-0.0,-0.0
2236,25.0,-0.0,-0.0,-0.0,-0.0
2237,26.0,-0.0,-0.0,-0.0,-0.0
2238,27.0,-0.0,-0.0,-0.0,-0.0
2239,28.0,-0.0,-0.0,-0.0,-0.0
2240,1.0,-0.0,-0.0,-0.0,-0.0
2241,2.0,-0.0,-0.0,-0.0,-0.0
2242,3.0,-0.0,-0.0,-0.0,-0.0
2243,4.0,-0.0,-0.0,-0.0,-0.0
2244,5.0,-0.0,-0.0,-0.0,-0.0
2245,6.0,-0.0,-0.0,-0.0,-0.0
2246,7.0,-0.0,-0.0,-0.0,-0.0
2247,8.0,-0.0,-0.0,-0.0,-0.0
2248,9.0,-0.0,-0.0,-0.0,-0.0
2249,10.0,-0.0,-0.0,-0.0,-0.0
2250,11.0,-0.0,-0.0,-0.0,-0.0
2251,12.0,-0.0,-0.0,-0.0,-0.0
2252,13.0,-0.0,-0.0,-0.0,-0.0
2253,14.0,-0.0,-0.0,-0.0,-0.0
2254,15.0,-0.0,-0.0,-0.0,-0.0
2255,16.0,-0.0,-0.0,-0.0,-0.0
2256,17.0,-0.0,-0.0,-0.0,-0.0
2257,18.0,-0.0,-0.0,-0.0,-0.0
2258,19.0,-0.0,-0.0,-0.0,-0.0
2259,20.0,-0.0,-0.0,-0.0,-0.0
2260,21.0,-0.0,-0.0,-0.0,-0.0
2261,22.0,-0.0,-0.0,-0.0,-0.0
2262,23.0,-0.0,-0.0,-0.0,-0.0
2263,24.0,-0.0,-0.0,-0.0,-0.0
2264,25.0,-0.0,-0.0,-0.0,-0.0
2265,26.0,-0.0,-0.0,-0.0,-0.0
2266,27.0,-0.0,-0.0,-0.0,-0.0
2267,28.0,-0.0,-0.0,-0.0,-0.0
2268,1.0,-0.0,-0.0,-0.0,-0.0
2269,2.0,-0.0,-0.0,-0.0,-0.0
2270,3.0,-0.0,-0.0,-0.0,-0.0
2271,4.0,-0.0,-0.0,-0.0,-0.0
2272,5.0,-0.0,-0.0,-0.0,-0.0
2273,6.0,-0.0,-0.0,-0.0,-0.0
2274,7.0,-0.0,-0.0,-0.0,-0.0
2275,8.0,-0.0,-0.0,-0.0,-0.0
2276,9.0,-0.0,-0.0,-0.0,-0.0
2277,10.0,-0.0,-0.0,-0.0,-0.0
2278,11.0,-0.0,-0.0,-0.0,-0.0
2279,12.0,-0.0,-0.0,-0.0,-0.0
2280,13.0,-0.0,-0.0,-0.0,-0.0
2281,14.0,-0.0,-0.0,-0.0,-0.0
2282,15.0,-0.0,-0.0,-0.0,-0.0
2283,16.0,-0.0,-0.0,-0.0,-0.0
2284,17.0,-0.0,-0.0,-0.0,-0.0
2285,18.0,-0.0,-0.0,-0.0,-0.0
2286,19.0,-0.0,-0.0,-0.0,-0.0
2287,20.0,-0.0,-0.0,-0.0,-0.0
2288,21.0,-0.0,-0.0,-0.0,-0.0
2289,22.0,-0.0,-0.0,-0.0,-0.0
2290,23.0,-0.0,-0.0,-0.0,-0.0
2291,24.0,-0.0,-0.0,-0.0,-0.0
2292,25.0,-0.0,-0.0,-0.0,-0.0
2293,26.0,-0.0,-0.0,-0.0,-0.0
2294,27.0,-0.0,-0.0,-0.0,-0.0
2295,28.0,-0.0,-0.0,-0.0,-0.0
2296,1.0,-0.0,-0.0,-0.0,-0.0
2297,2.0,-0.0,-0.0,-0.0,-0.0
2298,3.0,-0.0,-0.0,-0.0,-0.0
2299,4.0,-0.0,-0.0,-0.0,-0.0
2300,5.0,-0.0,-0.0,-0.0,-0.0
2301,6.0,-0.0,-0.0,-0.0,-0.0
2302,7.0,-0.0,-0.0,-0.0,-0.0
2303,8.0,-0.0,-0.0,-0.0,-0.0
2304,9.0,-0.0,-0.0,-0.0,-0.0
2305,10.0,-0.0,-0.0,-0.0,-0.0
2306,11.0,-0.0,-0.0,-0.0,-0.0
2307,12.0,-0.0,-0.0,-0.0,-0.0
2308,13.0,-0.0,-0.0,-0.0,-0.0
2309,14.0,-0.0,-0.0,-0.0,-0.0
2310,15.0,-0.0,-0.0,-0.0,-0.0
2311,16.0,-0.0,-0.0,-0.0,-0.0
2312,17.0,-0.0,-0.0,-0.0,-0.0
2313,18.0,-0.0,-0.0,-0.0,-0.0
2314,19.0,-0.0,-0.0,-0.0,-0.0
2315,20.0,-0.0,-0.0,-0.0,-0.0
2316,21.0,-0.0,-0.0,-0.0,-0.0
2317,22.0,-0.0,-0.0,-0.0,-0.0
2318,23.0,-0.0,-0.0,-0.0,-0.0
2319,24.0,-0.0,-0.0,-0.0,-0.0
2320,25.0,-0.0,-0.0,-0.0,-0.0
2321,26.0,-0.0,-0.0,-0.0,-0.0
2322,27.0,-0.0,-0.0,-0.0,-0.0
2323,28.0,-0.0,-0.0,-0.0,-0.0
2324,1.0,-0.0,-0.0,-0.0,-0.0
2325,2.0,-0.0,-0.0,-0.0,-0.0
2326,3.0,-0.0,-0.0,-0.0,-0.0
2327,4.0,-0.0,-0.0,-0.0,-0.0
2328,5.0,-0.0,-0.0,-0.0,-0.0
2329,6.0,-0.0,-0.0,-0.0,-0.0
2330,7.0,-0.0,-0.0,-0.0,-0.0
2331,8.0,-0.0,-0.0,-0.0,-0.0
2332,9.0,-0.0,-0.0,-0.0,-0.0
2333,10.0,-0.0,-0.0,-0.0,-0.0
2334,11.0,-0.0,-0.0,-0.0,-0.0
2335,12.0,-0.0,-0.0,-0.0,-0.0
2336,13.0,-0.0,-0.0,-0.0,-0.0
2337,14.0,-0.0,-0.0,-0.0,-0.0
2338,15.0,-0.0,-0.0,-0.0,-0.0
2339,16.0,-0.0,-0.0,-0.0,-0.0
2340,17.0,-0.0,-0.0,-0.0,-0.0
2341,18.0,-0.0,-0.0,-0.0,-0.0
2342,19.0,-0.0,-0.0,-0.0,-0.0
2343,20.0,-0.0,-0.0,-0.0,-0.0
2344,21.0,-0.0,-0.0,-0.0,-0.0
2345,22.0,-0.0,-0.0,-0.0,-0.0
2346,23.0,-0.0,-0.0,-0.0,-0.0
2347,24.0,-0.0,-0.0,-0.0,-0.0
2348,25.0,-0.0,-0.0,-0.0,-0.0
2349,26.0,-0.0,-0.0,-0.0,-0.0
2350,27.0,-0.0,-0.0,-0.0,-0.0
2351,28.0,-0.0,-0.0,-0.0,-0.0
2352,1.0,-0.0,-0.0,-0.0,-0.0
2353,2.0,-0.0,-0.0,-0.0,-0.0
2354,3.0,-0.0,-0.0,-0.0,-0.0
2355,4.0,-0.0,-0.0,-0.0,-0.0
2356,5.0,-0.0,-0.0,-0.0,-0.0
2357,6.0,-0.0,-0.0,-0.0,-0.0
2358,7.0,-0.0,-0.0,-0.0,-0.0
2359,8.0,-0.0,-0.0,-0.0,-0.0
2360,9.0,-0.0,-0.0,-0.0,-0.0
2361,10.0,-0.0,-0.0,-0.0,-0.0
2362,11.0,-0.0,-0.0,-0.0,-0.0
2363,12.0,-0.0,-0.0,-0.0,-0.0
2364,13.0,-0.0,-0.0,-0.0,-0.0
2365,14.0,-0.0,-0.0,-0.0,-0.0
2366,15.0,-0.0,-0.0,-0.0,-0.0
2367,16.0,-0.0,-0.0,-0.0,-0.0
2368,17.0,-0.0,-0.0,-0.0,-0.0
2369,18.0,-0.0,-0.0,-0.0,-0.0
2370,19.0,-0.0,-0.0,-0.0,-0.0
2371,20.0,-0.0,-0.0,-0.0,-0.0
2372,21.0,-0.0,-0.0,-0.0,-0.0
2373,22.0,-0.0,-0.0,-0.0,-0.0
2374,23.0,-0.0,-0.0,-0.0,-0.0
2375,24.0,-0.0,-0.0,-0.0,-0.0
2376,25.0,-0.0,-0.0,-0.0,-0.0
2377,26.0,-0.0,-0.0,-0.0,-0.0
2378,27.0,-0.0,-0.0,-0.0,-0.0
2379,28.0,-0.0,-0.0,-0.0,-0.0
2380,1.0,-0.0,-0.0,-0.0,-0.0
2381,2.0,-0.0,-0.0,-0.0,-0.0
2382,3.0,-0.0,-0.0,-0.0,-0.0
2383,4.0,-0.0,-0.0,-0.0,-0.0
2384,5.0,-0.0,-0.0,-0.0,-0.0
2385,6.0,-0.0,-0.0,-0.0,-0.0
2386,7.0,-0.0,-0.0,-0.0,-0.0
2387,8.0,-0.0,-0.0,-0.0,-0.0
2388,9.0,-0.0,-0.0,-0.0,-0.0
2389,10.0,-0.0,-0.0,-0.0,-0.0
2390,11.0,-0.0,-0.0,-0.0,-0.0
2391,12.0,-0.0,-0.0,-0.0,-0.0
2392,13.0,-0.0,-0.0,-0.0,-0.0
2393,14.0,-0.0,-0.0,-0.0,-0.0
2394,15.0,-0.0,-0.0,-0.0,-0.0
2395,16.0,-0.0,-0.0,-0.0,-0.0
2396,17.0,-0.0,-0.0,-0.0,-0.0
2397,18.0,-0.0,-0.0,-0.0,-0.0
2398,19.0,-0.0,-0.0,-0.0,-0.0
2399,20.0,-0.0,-0.0,-0.0,-0.0
2400,21.0,-0.0,-0.0,-0.0,-0.0
2401,22.0,-0.0,-0.0,-0.0,-0.0
2402,23.0,-0.0,-0.0,-0.0,-0.0
2403,24.0,-0.0,-0.0,-0.0,-0.0
2404,25.0,-0.0,-0.0,-0.0,-0.0
2405,26.0,-0.0,-0.0,-0.0,-0.0
2406,27.0,-0.0,-0.0,-0.0,-0.0
2407,28.0,-0.0,-0.0,-0.0,-0.0
2408,1.0,-0.0,-0.0,-0.0,-0.0
2409,2.0,-0.0,-0.0,-0.0,-0.0
2410,3.0,-0.0,-0.0,-0.0,-0.0
2411,4.0,-0.0,-0.0,-0.0,-0.0
2412,5.0,-0.0,-0.0,-0.0,-0.0
2413,6.0,-0.0,-0.0,-0.0,-0.0
2414,7.0,-0.0,-0.0,-0.0,-0.0
2415,8.0,-0.0,-0.0,-0.0,-0.0
2416,9.0,-0.0,-0.0,-0.0,-0.0
2417,10.0,-0.0,-0.0,-0.0,-0.0
2418,11.0,-0.0,-0.0,-0.0,-0.0
2419,12.0,-0.0,-0.0,-0.0,-0.0
2420,13.0,-0.0,-0.0,-0.0,-0.0
2421,14.0,-0.0,-0.0,-0.0,-0.0
2422,15.0,-0.0,-0.0,-0.0,-0.0
2423,16.0,-0.0,-0.0,-0.0,-0.0
2424,17.0,-0.0,-0.0,-0.0,-0.0
2425,18.0,-0.0,-0.0,-0.0,-0.0
2426,19.0,-0.0,-0.0,-0.0,-0.0
2427,20.0,-0.0,-0.0,-0.0,-0.0
2428,21.0,-0.0,-0.0,-0.0,-0.0
2429,22.0,-0.0,-0.0,-0.0,-0.0
2430,23.0,-0.0,-0.0,-0.0,-0.0
2431,24.0,-0.0,-0.0,-0.0,-0.0
2432,25.0,-0.0,-0.0,-0.0,-0.0
2433,26.0,-0.0,-0.0,-0.0,-0.0
2434,27.0,-0.0,-0.0,-0.0,-0.0
2435,28.0,-0.0,-0.0,-0.0,-0.0
2436,1.0,-0.0,-0.0,-0.0,-0.0
2437,2.0,-0.0,-0.0,-0.0,-0.0
2438,3.0,-0.0,-0.0,-0.0,-0.0
2439,4.0,-0.0,-0.0,-0.0,-0.0
2440,5.0,-0.0,-0.0,-0.0,-0.0
2441,6.0,-0.0,-0.0,-0.0,-0.0
2442,7.0,-0.0,-0.0,-0.0,-0.0
2443,8.0,-0.0,-0.0,-0.0,-0.0
2444,9.0,-0.0,-0.0,-0.0,-0.0
2445,10.0,-0.0,-0.0,-0.0,-0.0
2446,11.0,-0.0,-0.0,-0.0,-0.0
2447,12.0,-0.0,-0.0,-0.0,-0.0
2448,13.0,-0.0,-0.0,-0.0,-0.0
2449,14.0,-0.0,-0.0,-0.0,-0.0
2450,15.0,-0.0,-0.0,-0.0,-0.0
2451,16.0,-0.0,-0.0,-0.0,-0.0
2452,17.0,-0.0,-0.0,-0.0,-0.0
2453,18.0,-0.0,-0.0,-0.0,-0.0
2454,19.0,-0.0,-0.0,-0.0,-0.0
2455,20.0,-0.0,-0.0,-0.0,-0.0
2456,21.0,-0.0,-0.0,-0.0,-0.0
2457,22.0,-0.0,-0.0,-0.0,-0.0
2458,23.0,-0.0,-0.0,-0.0,-0.0
2459,24.0,-0.0,-0.0,-0.0,-0.0
2460,25.0,-0.0,-0.0,-0.0,-0.0
2461,26.0,-0.0,-0.0,-0.0,-0.0
2462,27.0,-0.0,-0.0,-0.0,-0.0
2463,28.0,-0.0,-0.0,-0.0,-0.0
2464,1.0,-0.0,-0.0,-0.0,-0.0
2465,2.0,-0.0,-0.0,-0.0,-0.0
2466,3.0,-0.0,-0.0,-0.0,-0.0
2467,4.0,-0.0,-0.0,-0.0,-0.0
2468,5.0,-0.0,-0.0,-0.0,-0.0
2469,6.0,-0.0,-0.0,-0.0,-0.0
2470,7.0,-0.0,-0.0,-0.0,-0.0
2471,8.0,-0.0,-0.0,-0.0,-0.0
2472,9.0,-0.0,-0.0,-0.0,-0.0
2473,10.0,-0.0,-0.0,-0.0,-0.0
2474,11.0,-0.0,-0.0,-0.0,-0.0
2475,12.0,-0.0,-0.0,-0.0,-0.0
2476,13.0,-0.0,-0.0,-0.0,-0.0
2477,14.0,-0.0,-0.0,-0.0,-0.0
2478,15.0,-0.0,-0.0,-0.0,-0.0
2479,16.0,-0.0,-0.0,-0.0,-0.0
2480,17.0,-0.0,-0.0,-0.0,-0.0
2481,18.0,-0.0,-0.0,-0.0,-0.0
2482,19.0,-0.0,-0.0,-0.0,-0.0
2483,20.0,-0.0,-0.0,-0.0,-0.0
2484,21.0,-0.0,-0.0,-0.0,-0.0
2485,22.0,-0.0,-0.0,-0.0,-0.0
2486,23.0,-0.0,-0.0,-0.0,-0.0
2487,24.0,-0.0,-0.0,-0.0,-0.0
2488,25.0,-0.0,-0.0,-0.0,-0.0
2489,26.0,-0.0,-0.0,-0.0,-0.0
2490,27.0,-0.0,-0.0,-0.0,-0.0
2491,28.0,-0.0,-0.0,-0.0,-0.0
2492,1.0,-0.0,-0.0,-0.0,-0.0
2493,2.0,-0.0,-0.0,-0.0,-0.0
2494,3.0,-0.0,-0.0,-0.0,-0.0
2495,4.0,-0.0,-0.0,-0.0,-0.0
2496,5.0,-0.0,-0.0,-0.0,-0.0
2497,6.0,-0.0,-0.0,-0.0,-0.0
2498,7.0,-0.0,-0.0,-0.0,-0.0
2499,8.0,-0.0,-0.0,-0.0,-0.0
2500,9.0,-0.0,-0.0,-0.0,-0.0
2501,10.0,-0.0,-0.0,-0.0,-0.0
2502,11.0,-0.0,-0.0,-0.0,-0.0
2503,12.0,-0.0,-0.0,-0.0,-0.0
2504,13.0,-0.0,-0.0,-0.0,-0.0
2505,14.0,-0.0,-0.0,-0.0,-0.0
2506,15.0,-0.0,-0.0,-0.0,-0.0
2507,16.0,-0.0,-0.0,-0.0,-0.0
2508,17.0,-0.0,-0.0,-0.0,-0.0
2509,18.0,-0.0,-0.0,-0.0,-0.0
2510,19.0,-0.0,-0.0,-0.0,-0.0
2511,20.0,-0.0,-0.0,-0.0,-0.0
2512,21.0,-0.0,-0.0,-0.0,-0.0
2513,22.0,-0.0,-0.0,-0.0,-0.0
2514,23.0,-0.0,-0.0,-0.0,-0.0
2515,24.0,-0.0,-0.0,-0.0,-0.0
2516,25.0,-0.0,-0.0,-0.0,-0.0
2517,26.0,-0.0,-0.0,-0.0,-0.0
2518,27.0,-0.0,-0.0,-0.0,-0.0
2519,28.0,-0.0,-0.0,-0.0,-0.0
2520,1.0,-0.0,-0.0,-0.0,-0.0
2521,2.0,-0.0,-0.0,-0.0,-0.0
2522,3.0,-0.0,-0.0,-0.0,-0.0
2523,4.0,-0.0,-0.0,-0.0,-0.0
2524,5.0,-0.0,-0.0,-0.0,-0.0
2525,6.0,-0.0,-0.0,-0.0,-0.0
2526,7.0,-0.0,-0.0,-0.0,-0.0
2527,8.0,-0.0,-0.0,-0.0,-0.0
2528,9.0,-0.0,-0.0,-0.0,-0.0
2529,10.0,-0.0,-0.0,-0.0,-0.0
2530,11.0,-0.0,-0.0,-0.0,-0.0
2531,12.0,-0.0,-0.0,-0.0,-0.0
2532,13.0,-0.0,-0.0,-0.0,-0.0
2533,14.0,-0.0,-0.0,-0.0,-0.0
2534,15.0,-0.0,-0.0,-0.0,-0.0
2535,16.0,-0.0,-0.0,-0.0,-0.0
2536,17.0,-0.0,-0.0,-0.0,-0.0
2537,18.0,-0.0,-0.0,-0.0,-0.0
2538,19.0,-0.0,-0.0,-0.0,-0.0
2539,20.0,-0.0,-0.0,-0.0,-0.0
2540,21.0,-0.0,-0.0,-0.0,-0.0
2541,22.0,-0.0,-0.0,-0.0,-0.0
2542,23.0,-0.0,-0.0,-0.0,-0.0
2543,24.0,-0.0,-0.0,-0.0,-0.0
2544,25.0,-0.0,-0.0,-0.0,-0.0
2545,26.0,-0.0,-0.0,-0.0,-0.0
2546,27.0,-0.0,-0.0,-0.0,-0.0
2547,28.0,-0.0,-0.0,-0.0,-0.0
2548,1.0,-0.0,-0.0,-0.0,-0.0
2549,2.0,-0.0,-0.0,-0.0,-0.0
2550,3.0,-0.0,-0.0,-0.0,-0.0
2551,4.0,-0.0,-0.0,-0.0,-0.0
2552,5.0,-0.0,-0.0,-0.0,-0.0
2553,6.0,-0.0,-0.0,-0.0,-0.0
2554,7.0,-0.0,-0.0,-0.0,-0.0
2555,8.0,-0.0,-0.0,-0.0,-0.0
2556,9.0,-0.0,-0.0,-0.0,-0.0
2557,10.0,-0.0,-0.0,-0.0,-0.0
2558,11.0,-0.0,-0.0,-0.0,-0.0
2559,12.0,-0.0,-0.0,-0.0,-0.0
2560,13.0,-0.0,-0.0,-0.0,-0.0
2561,14.0,-0.0,-0.0,-0.0,-0.0
2562,15.0,-0.0,-0.0,-0.0,-0.0
2563,16.0,-0.0,-0.0,-0.0,-0.0
2564,17.0,-0.0,-0.0,-0.0,-0.0
2565,18.0,-0.0,-0.0,-0.0,-0.0
2566,19.0,-0.0,-0.0,-0.0,-0.0
2567,20.0,-0.0,-0.0,-0.0,-0.0
2568,21.0,-0.0,-0.0,-0.0,-0.0
2569,22.0,-0.0,-0.0,-0.0,-0.0
2570,23.0,-0.0,-0.0,-0.0,-0.0
2571,24.0,-0.0,-0.0,-0.0,-0.0
2572,25.0,-0.0,-0.0,-0.0,-0.0
2573,26.0,-0.0,-0.0,-0.0,-0.0
2574,27.0,-0.0,-0.0,-0.0,-0.0
2575,28.0,-0.0,-0.0,-0.0,-0.0
2576,1.0,-0.0,-0.0,-0.0,-0.0
2577,2.0,-0.0,-0.0,-0.0,-0.0
2578,3.0,-0.0,-0.0,-0.0,-0.0
2579,4.0,-0.0,-0.0,-0.0,-0.0
2580,5.0,-0.0,-0.0,-0.0,-0.0
2581,6.0,-0.0,-0.0,-0.0,-0.0
2582,7.0,-0.0,-0.0,-0.0,-0.0
2583,8.0,-0.0,-0.0,-0.0,-0.0
2584,9.0,-0.0,-0.0,-0.0,-0.0
2585,10.0,-0.0,-0.0,-0.0,-0.0
2586,11.0,-0.0,-0.0,-0.0,-0.0
2587,12.0,-0.0,-0.0,-0.0,-0.0
2588,13.0,-0.0,-0.0,-0.0,-0.0
2589,14.0,-0.0,-0.0,-0.0,-0.0
2590,15.0,-0.0,-0.0,-0.0,-0.0
2591,16.0,-0.0,-0.0,-0.0,-0.0
2592,17.0,-0.0,-0.0,-0.0,-0.0
2593,18.0,-0.0,-0.0,-0.0,-0.0
2594,19.0,-0.0,-0.0,-0.0,-0.0
2595,20.0,-0.0,-0.0,-0.0,-0.0
2596,21.0,-0.0,-0.0,-0.0,-0.0
2597,22.0,-0.0,-0.0,-0.0,-0.0
2598,23.0,-0.0,-0.0,-0.0,-0.0
2599,24.0,-0.0,-0.0,-0.0,-0.0
2600,25.0,-0.0,-0.0,-0.0,-0.0
2601,26.0,-0.0,-0.0,-0.0,-0.0
2602,27.0,-0.0,-0.0,-0.0,-0.0
2603,28.0,-0.0,-0.0,-0.0,-0.0
2604,1.0,-0.0,-0.0,-0.0,-0.0
2605,2.0,-0.0,-0.0,-0.0,-0.0
2606,3.0,-0.0,-0.0,-0.0,-0.0
2607,4.0,-0.0,-0.0,-0.0,-0.0
2608,5.0,-0.0,-0.0,-0.0,-0.0
2609,6.0,-0.0,-0.0,-0.0,-0.0
2610,7.0,-0.0,-0.0,-0.0,-0.0
2611,8.0,-0.0,-0.0,-0.0,-0.0
2612,9.0,-0.0,-0.0,-0.0,-0.0
2613,10.0,-0.0,-0.0,-0.0,-0.0
2614,11.0,-0.0,-0.0,-0.0,-0.0
2615,12.0,-0.0,-0.0,-0.0,-0.0
2616,13.0,-0.0,-0.0,-0.0,-0.0
2617,14.0,-0.0,-0.0,-0.0,-0.0
2618,15.0,-0.0,-0.0,-0.0,-0.0
2619,16.0,-0.0,-0.0,-0.0,-0.0
2620,17.0,-0.0,-0.0,-0.0,-0.0
2621,18.0,-0.0,-0.0,-0.0,-0.0
2622,19.0,-0.0,-0.0,-0.0,-0.0
2623,20.0,-0.0,-0.0,-0.0,-0.0
2624,21.0,-0.0,-0.0,-0.0,-0.0
2625,22.0,-0.0,-0.0,-0.0,-0.0
2626,23.0,-0.0,-0.0,-0.0,-0.0
2627,24.0,-0.0,-0.0,-0.0,-0.0
2628,25.0,-0.0,-0.0,-0.0,-0.0
2629,26.0,-0.0,-0.0,-0.0,-0.0
2630,27.0,-0.0,-0.0,-0.0,-0.0
2631,28.0,-0.0,-0.0,-0.0,-0.0
2632,1.0,-0.0,-0.0,-0.0,-0.0
2633,2.0,-0.0,-0.0,-0.0,-0.0
2634,3.0,-0.0,-0.0,-0.0,-0.0
2635,4.0,-0.0,-0.0,-0.0,-0.0
2636,5.0,-0.0,-0.0,-0.0,-0.0
2637,6.0,-0.0,-0.0,-0.0,-0.0
2638,7.0,-0.0,-0.0,-0.0,-0.0
2639,8.0,-0.0,-0.0,-0.0,-0.0
2640,9.0,-0.0,-0.0,-0.0,-0.0
2641,10.0,-0.0,-0.0,-0.0,-0.0
2642,11.0,-0.0,-0.0,-0.0,-0.0
2643,12.0,-0.0,-0.0,-0.0,-0.0
2644,13.0,-0.0,-0.0,-0.0,-0.0
2645,14.0,-0.0,-0.0,-0.0,-0.0
2646,15.0,-0.0,-0.0,-0.0,-0.0
2647,16.0,-0.0,-0.0,-0.0,-0.0
2648,17.0,-0.0,-0.0,-0.0,-0.0
2649,18.0,-0.0,-0.0,-0.0,-0.0
2650,19.0,-0.0,-0.0,-0.0,-0.0
2651,20.0,-0.0,-0.0,-0.0,-0.0
2652,21.0,-0.0,-0.0,-0.0,-0.0
2653,22.0,-0.0,-0.0,-0.0,-0.0
2654,23.0,-0.0,-0.0,-0.0,-0.0
2655,24.0,-0.0,-0.0,-0.0,-0.0
2656,25.0,-0.0,-0.0,-0.0,-0.0
2657,26.0,-0.0,-0.0,-0.0,-0.0
2658,27.0,-0.0,-0.0,-0.0,-0.0
2659,28.0,-0.0,-0.0,-0.0,-0.0
2660,1.0,-0.0,-0.0,-0.0,-0.0
2661,2.0,-0.0,-0.0,-0.0,-0.0
2662,3.0,-0.0,-0.0,-0.0,-0.0
2663,4.0,-0.0,-0.0,-0.0,-0.0
2664,5.0,-0.0,-0.0,-0.0,-0.0
2665,6.0,-0.0,-0.0,-0.0,-0.0
2666,7.0,-0.0,-0.0,-0.0,-0.0
2667,8.0,-0.0,-0.0,-0.0,-0.0
2668,9.0,-0.0,-0.0,-0.0,-0.0
2669,10.0,-0.0,-0.0,-0.0,-0.0
2670,11.0,-0.0,-0.0,-0.0,-0.0
2671,12.0,-0.0,-0.0,-0.0,-0.0
2672,13.0,-0.0,-0.0,-0.0,-0.0
2673,14.0,-0.0,-0.0,-0.0,-0.0
2674,15.0,-0.0,-0.0,-0.0,-0.0
2675,16.0,-0.0,-0.0,-0.0,-0.0
2676,17.0,-0.0,-0.0,-0.0,-0.0
2677,18.0,-0.0,-0.0,-0.0,-0.0
2678,19.0,-0.0,-0.0,-0.0,-0.0
2679,20.0,-0.0,-0.0,-0.0,-0.0
2680,21.0,-0.0,-0.0,-0.0,-0.0
2681,22.0,-0.0,-0.0,-0.0,-0.0
2682,23.0,-0.0,-0.0,-0.0,-0.0
2683,24.0,-0.0,-0.0,-0.0,-0.0
2684,25.0,-0.0,-0.0,-0.0,-0.0
2685,26.0,-0.0,-0.0,-0.0,-0.0
2686,27.0,-0.0,-0.0,-0.0,-0.0
2687,28.0,-0.0,-0.0,-0.0,-0.0
2688,1.0,-0.0,-0.0,-0.0,-0.0
2689,2.0,-0.0,-0.0,-0.0,-0.0
2690,3.0,-0.0,-0.0,-0.0,-0.0
2691,4.0,-0.0,-0.0,-0.0,-0.0
2692,5.0,-0.0,-0.0,-0.0,-0.0
2693,6.0,-0.0,-0.0,-0.0,-0.0
2694,7.0,-0.0,-0.0,-0.0,-0.0
2695,8.0,-0.0,-0.0,-0.0,-0.0
2696,9.0,-0.0,-0.0,-0.0,-0.0
2697,10.0,-0.0,-0.0,-0.0,-0.0
2698,11.0,-0.0,-0.0,-0.0,-0.0
2699,12.0,-0.0,-0.0,-0.0,-0.0
2700,13.0,-0.0,-0.0,-0.0,-0.0
2701,14.0,-0.0,-0.0,-0.0,-0.0
2702,15.0,-0.0,-0.0,-0.0,-0.0
2703,16.0,-0.0,-0.0,-0.0,-0.0
2704,17.0,-0.0,-0.0,-0.0,-0.0
2705,18.0,-0.0,-0.0,-0.0,-0.0
2706,19.0,-0.0,-0.0,-0.0,-0.0
2707,20.0,-0.0,-0.0,-0.0,-0.0
2708,21.0,-0.0,-0.0,-0.0,-0.0
2709,22.0,-0.0,-0.0,-0.0,-0.0
2710,23.0,-0.0,-0.0,-0.0,-0.0
2711,24.0,-0.0,-0.0,-0.0,-0.0
2712,25.0,-0.0,-0.0,-0.0,-0.0
2713,26.0,-0.0,-0.0,-0.0,-0.0
2714,27.0,-0.0,-0.0,-0.0,-0.0
2715,28.0,-0.0,-0.0,-0.0,-0.0
2716,1.0,-0.0,-0.0,-0.0,-0.0
2717,2.0,-0.0,-0.0,-0.0,-0.0
2718,3.0,-0.0,-0.0,-0.0,-0.0
2719,4.0,-0.0,-0.0,-0.0,-0.0
2720,5.0,-0.0,-0.0,-0.0,-0.0
2721,6.0,-0.0,-0.0,-0.0,-0.0
2722,7.0,-0.0,-0.0,-0.0,-0.0
2723,8.0,-0.0,-0.0,-0.0,-0.0
2724,9.0,-0.0,-0.0,-0.0,-0.0
2725,10.0,-0.0,-0.0,-0.0,-0.0
2726,11.0,-0.0,-0.0,-0.0,-0.0
2727,12.0,-0.0,-0.0,-0.0,-0.0
2728,13.0,-0.0,-0.0,-0.0,-0.0
2729,14.0,-0.0,-0.0,-0.0,-0.0
2730,15.0,-0.0,-0.0,-0.0,-0.0
2731,16.0,-0.0,-0.0,-0.0,-0.0
2732,17.0,-0.0,-0.0,-0.0,-0.0
2733,18.0,-0.0,-0.0,-0.0,-0.0
2734,19.0,-0.0,-0.0,-0.0,-0.0
2735,20.0,-0.0,-0.0,-0.0,-0.0
2736,21.0,-0.0,-0.0,-0.0,-0.0
2737,22.0,-0.0,-0.0,-0.0,-0.0
2738,23.0,-0.0,-0.0,-0.0,-0.0
2739,24.0,-0.0,-0.0,-0.0,-0.0
2740,25.0,-0.0,-0.0,-0.0,-0.0
2741,26.0,-0.0,-0.0,-0.0,-0.0
2742,27.0,-0.0,-0.0,-0.0,-0.0
2743,28.0,-0.0,-0.0,-0.0,-0.0
2744,1.0,-0.0,-0.0,-0.0,-0.0
2745,2.0,-0.0,-0.0,-0.0,-0.0
2746,3.0,-0.0,-0.0,-0.0,-0.0
2747,4.0,-0.0,-0.0,-0.0,-0.0
2748,5.0,-0.0,-0.0,-0.0,-0.0
2749,6.0,-0.0,-0.0,-0.0,-0.0
2750,7.0,-0.0,-0.0,-0.0,-0.0
2751,8.0,-0.0,-0.0,-0.0,-0.0
2752,9.0,-0.0,-0.0,-0.0,-0.0
2753,10.0,-0.0,-0.0,-0.0,-0.0
2754,11.0,-0.0,-0.0,-0.0,-0.0
2755,12.0,-0.0,-0.0,-0.0,-0.0
2756,13.0,-0.0,-0.0,-0.0,-0.0
2757,14.0,-0.0,-0.0,-0.0,-0.0
2758,15.0,-0.0,-0.0,-0.0,-0.0
2759,16.0,-0.0,-0.0,-0.0,-0.0
2760,17.0,-0.0,-0.0,-0.0,-0.0
2761,18.0,-0.0,-0.0,-0.0,-0.0
2762,19.0,-0.0,-0.0,-0.0,-0.0
2763,20.0,-0.0,-0.0,-0.0,-0.0
2764,21.0,-0.0,-0.0,-0.0,-0.0
2765,22.0,-0.0,-0.0,-0.0,-0.0
2766,23.0,-0.0,-0.0,-0.0,-0.0
2767,24.0,-0.0,-0.0,-0.0,-0.0
2768,25.0,-0.0,-0.0,-0.0,-0.0
2769,26.0,-0.0,-0.0,-0.0,-0.0
2770,27.0,-0.0,-0.0,-0.0,-0.0
2771,28.0,-0.0,-0.0,-0.0,-0.0
2772,1.0,-0.0,-0.0,-0.0,-0.0
2773,2.0,-0.0,-0.0,-0.0,-0.0
2774,3.0,-0.0,-0.0,-0.0,-0.0
2775,4.0,-0.0,-0.0,-0.0,-0.0
2776,5.0,-0.0,-0.0,-0.0,-0.0
2777,6.0,-0.0,-0.0,-0.0,-0.0
2778,7.0,-0.0,-0.0,-0.0,-0.0
2779,8.0,-0.0,-0.0,-0.0,-0.0
2780,9.0,-0.0,-0.0,-0.0,-0.0
2781,10.0,-0.0,-0.0,-0.0,-0.0
2782,11.0,-0.0,-0.0,-0.0,-0.0
2783,12.0,-0.0,-0.0,-0.0,-0.0
2784,13.0,-0.0,-0.0,-0.0,-0.0
2785,14.0,-0.0,-0.0,-0.0,-0.0
2786,15.0,-0.0,-0.0,-0.0,-0.0
2787,16.0,-0.0,-0.0,-0.0,-0.0
2788,17.0,-0.0,-0.0,-0.0,-0.0
2789,18.0,-0.0,-0.0,-0.0,-0.0
2790,19.0,-0.0,-0.0,-0.0,-0.0
2791,20.0,-0.0,-0.0,-0.0,-0.0
2792,21.0,-0.0,-0.0,-0.0,-0.0
2793,22.0,-0.0,-0.0,-0.0,-0.0
2794,23.0,-0.0,-0.0,-0.0,-0.0
2795,24.0,-0.0,-0.0,-0.0,-0.0
2796,25.0,-0.0,-0.0,-0.0,-0.0
2797,26.0,-0.0,-0.0,-0.0,-0.0
2798,27.0,-0.0,-0.0,-0.0,-0.0
2799,28.0,-0.0,-0.0,-0.0,-0.0
