0.0,nan,3.637978807091713e-12,1.9584397018617058e-12
0.0,nan,1.310207210281078e-06,7.053262188818728e-07
0.0,nan,1.3102077218718478e-06,7.053264942874596e-07
0.0,nan,1.31020760818501e-06,7.053264330862181e-07
0.0,nan,1.3102072955462063e-06,7.053262647828038e-07
0.0,nan,1.3102063860515045e-06,7.053257751728714e-07
0.0,nan,1.3102074376547534e-06,7.053263412843558e-07
0.0,nan,1.3102078924021043e-06,7.05326586089322e-07
0.0,nan,1.3102089724270627e-06,7.053271675011167e-07
0.0,nan,1.3102068692205648e-06,7.053260352781481e-07
0.0,nan,1.3102068976422743e-06,7.053260505784585e-07
0.0,nan,1.310207210281078e-06,7.053262188818728e-07
0.0,nan,1.3102065565817611e-06,7.053258669747338e-07
0.0,nan,1.3102065281600517e-06,7.053258516744234e-07
0.0,nan,1.3102074660764629e-06,7.053263565846661e-07
0.0,nan,1.3102089724270627e-06,7.053271675011167e-07
0.0,nan,1.3102066418468894e-06,7.05325912875665e-07
0.0,nan,1.310205817617316e-06,7.053254691666637e-07
0.0,nan,1.31020561866535e-06,7.05325362064491e-07
0.0,nan,1.3102067839554365e-06,7.053259893772169e-07
0.0,nan,1.3102059881475725e-06,7.053255609685261e-07
0.0,nan,1.3102065281600517e-06,7.053258516744234e-07
0.0,nan,1.3102063292080857e-06,7.053257445722507e-07
0.0,nan,1.3102062439429574e-06,7.053256986713196e-07
0.0,nan,1.3102067271120177e-06,7.053259587765961e-07
0.0,nan,1.310205959725863e-06,7.053255456682157e-07
0.0,nan,1.3102072671244969e-06,7.053262494824934e-07
0.0,nan,1.3102059313041536e-06,7.053255303679053e-07
0.0,nan,1.3102066418468894e-06,7.05325912875665e-07
0.0,nan,1.3102066702685988e-06,7.053259281759754e-07
0.0,nan,1.3102065281600517e-06,7.053258516744234e-07
0.0,nan,1.3102073808113346e-06,7.05326310683735e-07
0.0,nan,1.3102063292080857e-06,7.053257445722507e-07
0.0,nan,1.3102075513415912e-06,7.053264024855973e-07
0.0,nan,1.3102064428949234e-06,7.053258057734922e-07
0.0,nan,1.3102065281600517e-06,7.053258516744234e-07
3.1300514379006567e-21,6.886607502741106e-12,1.310206016569282e-06,7.053255762688364e-07
4.545128264517206e-08,49.31506851578222,1.310206414473214e-06,7.053257904731818e-07
9.216510094635002e-08,65.76576579274014,1.3102057323521876e-06,7.053254232657326e-07
1.4014145487713456e-07,74.0000000249056,1.3102064713166328e-06,7.053258210738026e-07
1.8938034443754424e-07,78.94736844335583,1.3102068692205648e-06,7.053260352781481e-07
2.398817696275904e-07,82.25108227108015,1.3102059028824442e-06,7.053255150675949e-07
2.916457304472853e-07,84.61538463345435,1.3102065281600517e-06,7.053258516744234e-07
3.4467222689663806e-07,86.39240507975914,1.3102068976422743e-06,7.053260505784585e-07
3.989612589756621e-07,87.77777779290666,1.3102073239679157e-06,7.053262800831142e-07
4.545128266843645e-07,88.8888889028867,1.310206812377146e-06,7.053260046775273e-07
5.113269300227571e-07,89.80044347201225,1.3102065281600517e-06,7.053258516744234e-07
5.694035689908486e-07,90.56224900818326,1.3102066986903083e-06,7.053259434762857e-07
6.287427435886446e-07,91.20879122026523,1.310206158677829e-06,7.053256527703884e-07
6.893444538161563e-07,91.76470589318993,1.3102068407988554e-06,7.053260199778377e-07
7.512086996733909e-07,92.24806202577697,1.310206812377146e-06,7.053260046775273e-07
8.143354811603555e-07,92.6724138028739,1.3102067271120177e-06,7.053259587765961e-07
8.787247982770562e-07,93.04812835156554,1.3102066702685988e-06,7.053259281759754e-07
9.443766510235026e-07,93.38327092027355,1.3102072671244969e-06,7.053262494824934e-07
1.0112910393996993e-06,93.68421053485957,1.3102070965942403e-06,7.053261576806312e-07
1.0794679634056504e-06,93.9560439642515,1.3102070681725309e-06,7.053261423803208e-07
1.1489074230413664e-06,94.20289855862445,1.3102070397508214e-06,7.053261270800104e-07
1.219609418306842e-06,94.42815250028565,1.3102066418468894e-06,7.05325912875665e-07
1.2915739492020897e-06,94.63459760217582,1.3102067839554365e-06,7.053259893772169e-07
1.364801015727113e-06,94.8245614106236,1.310207011329112e-06,7.053261117797e-07
1.4392906178819153e-06,95.00000000689077,1.31020661342518e-06,7.053258975753545e-07
1.5150427556665053e-06,95.1625693960557,1.3102064428949234e-06,7.053258057734922e-07
1.5920574290808783e-06,95.31368103445418,1.3102066702685988e-06,7.053259281759754e-07
1.670334638125043e-06,95.45454546085064,1.3102069260639837e-06,7.053260658787688e-07
1.7498743827990064e-06,95.58620690268596,1.3102071534376591e-06,7.053261882812519e-07
1.8306766631027746e-06,95.70957096306924,1.3102069829074026e-06,7.053260964793896e-07
1.912741479036346e-06,95.82542695079368,1.3102066702685988e-06,7.053259281759754e-07
1.99606883059972e-06,95.93446602509673,1.3102065565817611e-06,7.053258669747338e-07
2.080658717792903e-06,96.03729604284015,1.310207210281078e-06,7.053262188818728e-07
2.166511140615906e-06,96.13445378692876,1.3102072671244969e-06,7.053262494824934e-07
2.2536260990687226e-06,96.22641509963437,1.3102071818593686e-06,7.053262035815623e-07
2.3420035931513627e-06,96.31360332812851,1.310207409233044e-06,7.053263259840454e-07
2.431643622863826e-06,96.39639640146609,1.310207409233044e-06,7.053263259840454e-07
2.5225461882061227e-06,96.52173913533662,1.3102071818593686e-06,7.053262035815623e-07
2.6134487535492454e-06,96.63865546693062,1.3102066986903083e-06,7.053259434762857e-07
2.704351318892462e-06,96.74796748427416,1.3102068407988554e-06,7.053260199778377e-07
2.7952538842357697e-06,96.85039370524922,1.3102067555337271e-06,7.053259740769065e-07
2.8861564495791726e-06,96.94656488982852,1.3102066418468894e-06,7.05325912875665e-07
2.9770590149226696e-06,97.03703704124727,1.3102069829074026e-06,7.053260964793896e-07
3.0679615802662594e-06,97.12230216236827,1.3102063860515045e-06,7.053257751728714e-07
3.15886414560994e-06,97.20279720678296,1.3102068976422743e-06,7.053260505784585e-07
3.2497667109537184e-06,97.27891156850822,1.3102067555337271e-06,7.053259740769065e-07
3.3406692762975936e-06,97.3509933812677,1.3102068407988554e-06,7.053260199778377e-07
3.4315718416415645e-06,97.41935484240074,1.3102064997383422e-06,7.05325836374113e-07
3.522474406985631e-06,97.48427673316213,1.3102072955462063e-06,7.053262647828038e-07
3.6133769723298002e-06,97.54601227345658,1.3102069544856931e-06,7.053260811790792e-07
3.7042795376740646e-06,97.60479042259908,1.3102069829074026e-06,7.053260964793896e-07
3.7951821030184247e-06,97.66081871681081,1.3102067271120177e-06,7.053259587765961e-07
3.8860846683628865e-06,97.71428571757276,1.3102069544856931e-06,7.053260811790792e-07
3.9769872337074495e-06,97.7653631317084,1.3102066986903083e-06,7.053259434762857e-07
4.067889799052109e-06,97.81420765342273,1.3102068976422743e-06,7.053260505784585e-07
4.158792364396863e-06,97.86096256992994,1.3102065850034705e-06,7.053258822750441e-07
4.2496949297417254e-06,97.90575916532684,1.3102069829074026e-06,7.053260964793896e-07
4.340597495086682e-06,97.94871795168174,1.3102066418468894e-06,7.05325912875665e-07
4.431500060431742e-06,97.98994975165046,1.3102065281600517e-06,7.053258516744234e-07
4.522402625776913e-06,98.02955665309821,1.310206812377146e-06,7.053260046775273e-07
4.613305191122171e-06,98.06763285304065,1.3102072387027874e-06,7.05326234182183e-07
4.704207756467538e-06,98.10426540559189,1.310206812377146e-06,7.053260046775273e-07
4.795110321813002e-06,98.13953488642024,1.3102062439429574e-06,7.053256986713196e-07
4.886012887158569e-06,98.17351598438722,1.3102075513415912e-06,7.053264024855973e-07
4.9769154525042305e-06,98.20627802951232,1.3102069544856931e-06,7.053260811790792e-07
5.0678180178500006e-06,98.23788546511756,1.3102071250159497e-06,7.053261729809415e-07
5.158720583195873e-06,98.26839827091824,1.3102069544856931e-06,7.053260811790792e-07
5.249623148541847e-06,98.29787234290441,1.3102068407988554e-06,7.053260199778377e-07
5.340525713887925e-06,98.32635983507512,1.3102070965942403e-06,7.053261576806312e-07
5.431428279234106e-06,98.35390946742125,1.3102065565817611e-06,7.053258669747338e-07
5.522330844580383e-06,98.38056680398286,1.3102072671244969e-06,7.053262494824934e-07
5.613233409926769e-06,98.40637450431939,1.3102066418468894e-06,7.05325912875665e-07
5.70413597520146e-06,97.665369653162,1.31020661342518e-06,7.053258975753545e-07
5.8404898231001035e-06,97.69799366746956,1.3102066702685988e-06,7.053259281759754e-07
5.978106206640369e-06,97.72961816624071,1.3102068976422743e-06,7.053260505784585e-07
6.116985125809523e-06,97.76029056000958,1.3102073808113346e-06,7.05326310683735e-07
6.257126580607565e-06,97.79005525165387,1.3102069544856931e-06,7.053260811790792e-07
6.3985305710344826e-06,97.81895387287379,1.3102070397508214e-06,7.053261270800104e-07
6.541197097090294e-06,97.84702549864764,1.3102074944981723e-06,7.053263718849765e-07
6.685126158774994e-06,97.87430684201888,1.3102071250159497e-06,7.053261729809415e-07
6.830317756088573e-06,97.90083243128986,1.3102066702685988e-06,7.053259281759754e-07
6.976771889031047e-06,97.92663477145061,1.3102071534376591e-06,7.053261882812519e-07
7.124488557602395e-06,97.95174449145742,1.3102063292080857e-06,7.053257445722507e-07
7.273467761802635e-06,97.97619047878894,1.3102071818593686e-06,7.053262035815623e-07
7.423709501631764e-06,98.00000000254565,1.3102065850034705e-06,7.053258822750441e-07
7.5752137770897984e-06,98.02319882621647,1.3102075229198817e-06,7.053263871852869e-07
7.727980588176692e-06,98.04581131111165,1.3102068407988554e-06,7.053260199778377e-07
7.88200993489249e-06,98.06786051135266,1.3102074376547534e-06,7.053263412843558e-07
8.037301817237177e-06,98.08936826121327,1.3102072955462063e-06,7.053262647828038e-07
8.193856235210754e-06,98.11035525552214,1.3102069260639837e-06,7.053260658787688e-07
8.351673188813215e-06,98.13084112376286,1.3102067839554365e-06,7.053259893772169e-07
8.510752678044567e-06,98.15084449844112,1.3102065850034705e-06,7.053258822750441e-07
8.671094702904814e-06,98.17038307823091,1.3102068976422743e-06,7.053260505784585e-07
8.832699263393953e-06,98.18947368635997,1.3102069829074026e-06,7.053260964793896e-07
8.99556635951196e-06,98.20813232464889,1.3102071534376591e-06,7.053261882812519e-07
9.159695991258866e-06,98.22637422357731,1.310206812377146e-06,7.053260046775273e-07
9.325088158634667e-06,98.2442138887148,1.310207409233044e-06,7.053263259840454e-07
9.491742861639369e-06,98.26166514382105,1.3102066418468894e-06,7.05325912875665e-07
9.659660100272954e-06,98.27874117089188,1.3102070397508214e-06,7.053261270800104e-07
9.828839874535446e-06,98.29545454740062,1.3102069260639837e-06,7.053260658787688e-07
9.999282184426827e-06,98.31181728096252,1.3102069544856931e-06,7.053260811790792e-07
1.0170987029947095e-05,98.32784084162773,1.3102072671244969e-06,7.053262494824934e-07
1.0343954411096269e-05,98.34353619199128,1.3102074376547534e-06,7.053263412843558e-07
1.051818432787434e-05,98.35891381528971,1.310207011329112e-06,7.053261117797e-07
1.06936767802813e-05,98.37398374164103,1.3102073239679157e-06,7.053262800831142e-07
1.0870431768317164e-05,98.38875557256951,1.3102072671244969e-06,7.053262494824934e-07
1.1048449291981935e-05,98.40323850394505,1.3102073239679157e-06,7.053262800831142e-07
1.1227729351275604e-05,98.41744134745595,1.3102066702685988e-06,7.053259281759754e-07
1.1408271946198169e-05,98.43137255072348,1.31020661342518e-06,7.053258975753545e-07
1.1590077076749669e-05,98.45559845726788,1.3102065565817611e-06,7.053258669747338e-07
1.1771882207301606e-05,98.4790874541078,1.3102068976422743e-06,7.053260505784585e-07
1.1953687337853658e-05,98.50187266078046,1.310207011329112e-06,7.053261117797e-07
1.2135492468405824e-05,98.52398524142613,1.3102072671244969e-06,7.053262494824934e-07
1.231729759895807e-05,98.54545454699867,1.3102070965942403e-06,7.053261576806312e-07
1.2499102729510455e-05,98.56630824524318,1.310207409233044e-06,7.053263259840454e-07
1.2680907860062918e-05,98.58657243965057,1.3102067839554365e-06,7.053259893772169e-07
1.2862712990615461e-05,98.6062717784649,1.3102067555337271e-06,7.053259740769065e-07
1.304451812116813e-05,98.62542955470032,1.3102067555337271e-06,7.053259740769065e-07
1.3226323251720898e-05,98.64406779802104,1.3102069260639837e-06,7.053260658787688e-07
1.3408128382273753e-05,98.66220735924637,1.3102068407988554e-06,7.053260199778377e-07
1.3589933512826722e-05,98.67986798816226,1.3102073239679157e-06,7.053262800831142e-07
1.3771738643379794e-05,98.69706840524987,1.31020661342518e-06,7.053258975753545e-07
1.395354377393297e-05,98.71382636787875,1.3102073808113346e-06,7.05326310683735e-07
1.4135348904486258e-05,98.73015873145687,1.3102068976422743e-06,7.053260505784585e-07
1.431715403503961e-05,98.74608150597986,1.3102069829074026e-06,7.053260964793896e-07
1.4498959165593102e-05,98.76160990837856,1.3102067839554365e-06,7.053259893772169e-07
1.4680764296146686e-05,98.77675841102447,1.3102073808113346e-06,7.05326310683735e-07
1.486256942670036e-05,98.79154078671833,1.3102072671244969e-06,7.053262494824934e-07
1.5044374557254147e-05,98.80597015045541,1.3102065850034705e-06,7.053258822750441e-07
1.5226179687808049e-05,98.82005899823419,1.310207409233044e-06,7.053263259840454e-07
1.540798481836205e-05,98.83381924314942,1.3102071250159497e-06,7.053261729809415e-07
1.5589789948916145e-05,98.84726224898887,1.3102070397508214e-06,7.053261270800104e-07
1.5771595079470352e-05,98.86039886153291,1.3102064428949234e-06,7.053258057734922e-07
1.5953400210024634e-05,98.87323943773801,1.3102067839554365e-06,7.053259893772169e-07
1.613520534057903e-05,98.88579387296926,1.3102069829074026e-06,7.053260964793896e-07
1.6317010471133553e-05,98.89807162643238,1.3102070681725309e-06,7.053261423803208e-07
1.649881560168817e-05,98.9100817449427,1.3102068407988554e-06,7.053260199778377e-07
1.6680620732242885e-05,98.92183288515636,1.3102071250159497e-06,7.053261729809415e-07
1.68624258627977e-05,98.93333333437887,1.3102071534376591e-06,7.053261882812519e-07
1.7044230993352635e-05,98.94459103005585,1.3102075229198817e-06,7.053263871852869e-07
1.722603612390765e-05,98.95561357804247,1.3102067555337271e-06,7.053259740769065e-07
1.7407841254462807e-05,98.96640826974004,1.3102069544856931e-06,7.053260811790792e-07
1.7589646385018034e-05,98.97698209818043,1.310206414473214e-06,7.053257904731818e-07
1.777145151557337e-05,98.98734177313345,1.3102069260639837e-06,7.053260658787688e-07
1.79532566460722e-05,98.75000000120215,1.3102069544856931e-06,7.053260811790792e-07
1.8180513059200483e-05,98.75865852940797,1.3102069829074026e-06,7.053260964793896e-07
1.840903200797422e-05,98.76718824204438,1.310206414473214e-06,7.053257904731818e-07
1.8638813492377126e-05,98.77559213283197,1.3102068976422743e-06,7.053260505784585e-07
1.8869857512409325e-05,98.78387310094602,1.3102070397508214e-06,7.053261270800104e-07
1.9102164068070684e-05,98.79203395477121,1.3102069544856931e-06,7.053260811790792e-07
1.9335733159361292e-05,98.80007741547837,1.3102065565817611e-06,7.053258669747338e-07
1.9570564786281146e-05,98.80800612043222,1.310206812377146e-06,7.053260046775273e-07
1.9806658948830234e-05,98.81582262643946,1.3102066702685988e-06,7.053259281759754e-07
2.0044015647008516e-05,98.82352941284567,1.3102073523896252e-06,7.053262953834245e-07
2.0282634880816068e-05,98.83112888448969,1.3102075797633006e-06,7.053264177859077e-07
2.052251665025284e-05,98.83862337452238,1.3102074660764629e-06,7.053263565846661e-07
2.0763660955318845e-05,98.8460151470977,1.3102070681725309e-06,7.053261423803208e-07
2.1006067796014034e-05,98.85330639994231,1.3102072387027874e-06,7.05326234182183e-07
2.124973717233853e-05,98.86049926681044,1.3102071818593686e-06,7.053262035815623e-07
2.1494669084292187e-05,98.86759581982969,1.3102072671244969e-06,7.053262494824934e-07
2.1740863531875118e-05,98.8745980717437,1.3102065281600517e-06,7.053258516744234e-07
2.1988320515087266e-05,98.88150797805655,1.3102066418468894e-06,7.05325912875665e-07
2.223704003392864e-05,98.88832743908443,1.310207210281078e-06,7.053262188818728e-07
2.2487022088399252e-05,98.89505830191875,1.310207210281078e-06,7.053262188818728e-07
2.2738266678499092e-05,98.9017023623054,1.310207011329112e-06,7.053261117797e-07
2.2990773804228147e-05,98.90826136644435,1.3102072671244969e-06,7.053262494824934e-07
2.3244543465586464e-05,98.91473701271335,1.3102065850034705e-06,7.053258822750441e-07
2.3499575662573982e-05,98.92113095331958,1.3102071534376591e-06,7.053261882812519e-07
2.3755870395190762e-05,98.92744479588275,1.3102065850034705e-06,7.053258822750441e-07
2.4013427663436764e-05,98.9336801049529,1.31020661342518e-06,7.053258975753545e-07
2.4272247467312004e-05,98.93983840346608,1.3102068407988554e-06,7.053260199778377e-07
2.4532329806816492e-05,98.94592117414098,1.3102071534376591e-06,7.053261882812519e-07
2.479367468195022e-05,98.95192986081894,1.3102069260639837e-06,7.053260658787688e-07
2.5056282092713177e-05,98.95786586975045,1.3102066702685988e-06,7.053259281759754e-07
2.5320152039105387e-05,98.96373057083045,1.3102074376547534e-06,7.053263412843558e-07
2.5585284521126826e-05,98.96952529878459,1.3102068692205648e-06,7.053260352781481e-07
2.5851679538777554e-05,98.97525135430921,1.3102069829074026e-06,7.053260964793896e-07
2.611933709205747e-05,98.98091000516649,1.3102070681725309e-06,7.053261423803208e-07
2.638825718096667e-05,98.98650248723757,1.3102071534376591e-06,7.053261882812519e-07
2.665843980550513e-05,98.99203000553489,1.3102070965942403e-06,7.053261576806312e-07
2.692988496567281e-05,98.99749373517578,1.3102071534376591e-06,7.053261882812519e-07
2.7202592661469778e-05,99.00744416956408,1.3102070965942403e-06,7.053261576806312e-07
2.7475300357267355e-05,99.01719901801853,1.310207011329112e-06,7.053261117797e-07
2.774800805306506e-05,99.0267639910773,1.3102066418468894e-06,7.05325912875665e-07
2.8020715748862884e-05,99.03614457911331,1.3102063007863762e-06,7.053257292719403e-07
2.8293423444660854e-05,99.04534606284317,1.3102070965942403e-06,7.053261576806312e-07
2.856613114045895e-05,99.05437352324012,1.3102073239679157e-06,7.053262800831142e-07
2.8838838836257204e-05,99.06323185088961,1.3102073239679157e-06,7.053262800831142e-07
2.9111546532055553e-05,99.07192575482406,1.3102070681725309e-06,7.053261423803208e-07
2.9384254227854028e-05,99.0804597708701,1.3102065850034705e-06,7.053258822750441e-07
2.9656961923652625e-05,99.0888382695395,1.310206414473214e-06,7.053257904731818e-07
2.9929669619451445e-05,99.09706546349253,1.3102073239679157e-06,7.053262800831142e-07
3.02023773152503e-05,99.1051454146008,1.3102070397508214e-06,7.053261270800104e-07
3.047508501104935e-05,99.113082040634,1.3102070397508214e-06,7.053261270800104e-07
3.074779270684847e-05,99.12087912159413,1.310207210281078e-06,7.053262188818728e-07
3.102050040264779e-05,99.12854030571837,1.3102070965942403e-06,7.053261576806312e-07
3.1293208098447186e-05,99.13606911517094,1.3102063292080857e-06,7.053257445722507e-07
3.156591579424668e-05,99.14346895144234,1.3102065565817611e-06,7.053258669747338e-07
3.183862349004635e-05,99.15074310047349,1.3102068407988554e-06,7.053260199778377e-07
3.211133118584616e-05,99.15789473752098,1.3102066418468894e-06,7.05325912875665e-07
3.2384038881646106e-05,99.16492693177855,1.3102071534376591e-06,7.053261882812519e-07
3.2656746577446105e-05,99.17184265076894,1.3102065565817611e-06,7.053258669747338e-07
3.292945427324635e-05,99.17864476451925,1.3102066418468894e-06,7.05325912875665e-07
3.3202161969046734e-05,99.18533604953232,1.310206215521248e-06,7.053256833710092e-07
3.347486966484716e-05,99.1919191925654,1.3102066986903083e-06,7.053259434762857e-07
3.374757736064775e-05,99.19839679422722,1.3102067555337271e-06,7.053259740769065e-07
3.402028505644844e-05,99.20477137240337,1.3102068976422743e-06,7.053260505784585e-07
3.429299275224931e-05,99.2110453655196,1.3102067271120177e-06,7.053259587765961e-07
3.45657004480503e-05,99.2172211356516,1.3102063007863762e-06,7.053257292719403e-07
3.4838408143851426e-05,99.22330097149032,1.3102068407988554e-06,7.053260199778377e-07
3.511111583965266e-05,99.2292870911697,1.3102069260639837e-06,7.053260658787688e-07
3.5383823535454034e-05,99.23518164496488,1.3102069829074026e-06,7.053260964793896e-07
3.5656531231255544e-05,99.24098671786756,1.3102071534376591e-06,7.053261882812519e-07
3.592923892705721e-05,99.24670433204479,1.3102065565817611e-06,7.053258669747338e-07
3.6201946622859e-05,99.25233644918762,1.3102065281600517e-06,7.053258516744234e-07
3.6474654318660916e-05,99.25788497275504,1.3102069544856931e-06,7.053260811790792e-07
3.674736201440349e-05,99.14163090196038,1.3102067839554365e-06,7.053259893772169e-07
3.7065520992774785e-05,99.14558778898919,1.3102069260639837e-06,7.053260658787688e-07
3.7384942506791146e-05,99.14950611149426,1.3102072671244969e-06,7.053262494824934e-07
3.770562655643674e-05,99.15338645484044,1.3102070397508214e-06,7.053261270800104e-07
3.8027573141711595e-05,99.15722939227723,1.3102072387027874e-06,7.05326234182183e-07
3.835078226261568e-05,99.16103548525554,1.3102075513415912e-06,7.053264024855973e-07
3.86752539191491e-05,99.16480528373486,1.3102062439429574e-06,7.053256986713196e-07
3.900098811131169e-05,99.16853932648074,1.3102068407988554e-06,7.053260199778377e-07
3.932798483910356e-05,99.17223814135299,1.3102071534376591e-06,7.053261882812519e-07
3.965624410252475e-05,99.17590224558492,1.3102065281600517e-06,7.053258516744234e-07
3.998576590157514e-05,99.17953214605404,1.3102073808113346e-06,7.05326310683735e-07
4.031655023625484e-05,99.1831283395443,1.3102066418468894e-06,7.05325912875665e-07
4.064859710656376e-05,99.1866913130004,1.3102068976422743e-06,7.053260505784585e-07
4.098190651250191e-05,99.19022154377444,1.310207210281078e-06,7.053262188818728e-07
4.1316478454069375e-05,99.19371949986497,1.310206812377146e-06,7.053260046775273e-07
4.165231293126608e-05,99.19718564014889,1.3102071250159497e-06,7.053261729809415e-07
4.198940994409206e-05,99.20062041460656,1.3102067839554365e-06,7.053259893772169e-07
4.2327769492547375e-05,99.20402426453995,1.310207210281078e-06,7.053262188818728e-07
4.266739157663186e-05,99.20739762278458,1.3102070681725309e-06,7.053261423803208e-07
4.3008276196345585e-05,99.21074091391505,1.3102065565817611e-06,7.053258669747338e-07
4.3350423351688676e-05,99.21405455444456,1.3102062723646668e-06,7.0532571397163e-07
4.369383304266097e-05,99.21733895301878,1.310207011329112e-06,7.053261117797e-07
4.403850526926252e-05,99.22059451060392,1.3102071250159497e-06,7.053261729809415e-07
4.438444003149336e-05,99.22382162066928,1.3102069260639837e-06,7.053260658787688e-07
4.4731637329353445e-05,99.22702066936498,1.3102071818593686e-06,7.053262035815623e-07
4.5080097162842823e-05,99.23019203569406,1.3102070965942403e-06,7.053261576806312e-07
4.542981953196149e-05,99.23333609168013,1.3102068407988554e-06,7.053260199778377e-07
4.578080443670936e-05,99.23645320253004,1.3102064428949234e-06,7.053258057734922e-07
4.613305187708659e-05,99.23954372679205,1.3102067555337271e-06,7.053259740769065e-07
4.648656185309306e-05,99.24260801650951,1.3102067555337271e-06,7.053259740769065e-07
4.684133436472877e-05,99.24564641737034,1.3102067839554365e-06,7.053259893772169e-07
4.71973694119938e-05,99.24865926885235,1.310207210281078e-06,7.053262188818728e-07
4.755466699488808e-05,99.25164690436442,1.3102067271120177e-06,7.053259587765961e-07
4.791322711341163e-05,99.25460965138402,1.3102064997383422e-06,7.05325836374113e-07
4.827304976756448e-05,99.25754783159074,1.3102069544856931e-06,7.053260811790792e-07
4.863413495734663e-05,99.26046176099635,1.3102072671244969e-06,7.053262494824934e-07
4.899648268275806e-05,99.26335175007127,1.3102067555337271e-06,7.053259740769065e-07
4.936009294379878e-05,99.26873857456722,1.3102069829074026e-06,7.053260964793896e-07
4.972370320484016e-05,99.27404718745525,1.3102068407988554e-06,7.053260199778377e-07
5.008731346588165e-05,99.27927927979717,1.3102065850034705e-06,7.053258822750441e-07
5.045092372692335e-05,99.28443649425228,1.3102063860515045e-06,7.053257751728714e-07
5.081453398796517e-05,99.28952042679684,1.3102067839554365e-06,7.053259893772169e-07
5.11781442490072e-05,99.29453262837077,1.3102065565817611e-06,7.053258669747338e-07
5.1541754510049315e-05,99.29947460645506,1.3102065565817611e-06,7.053258669747338e-07
5.190536477109165e-05,99.30434782658341,1.3102071818593686e-06,7.053262035815623e-07
5.2268975032134155e-05,99.30915371379116,1.3102064997383422e-06,7.05325836374113e-07
5.2632585293176745e-05,99.31389365400466,1.3102067271120177e-06,7.053259587765961e-07
5.2996195554219545e-05,99.3185689953737,1.310206414473214e-06,7.053257904731818e-07
5.335980581526249e-05,99.32318104954993,1.310206812377146e-06,7.053260046775273e-07
5.372341607630563e-05,99.32773109291371,1.310207011329112e-06,7.053261117797e-07
5.408702633734891e-05,99.33222036775177,1.3102069544856931e-06,7.053260811790792e-07
5.445063659839229e-05,99.33665008338801,1.3102071818593686e-06,7.053262035815623e-07
5.481424685943584e-05,99.34102141726959,1.3102063007863762e-06,7.053257292719403e-07
5.5177857120479644e-05,99.34533551601034,1.3102066986903083e-06,7.053259434762857e-07
5.554146738152352e-05,99.34959349639348,1.3102062723646668e-06,7.0532571397163e-07
5.590507764256754e-05,99.35379644633551,1.3102063292080857e-06,7.053257445722507e-07
5.6268687903611844e-05,99.35794542581279,1.3102068976422743e-06,7.053260505784585e-07
5.6632298164656176e-05,99.36204146775289,1.3102068692205648e-06,7.053260352781481e-07
5.69959084257008e-05,99.36608557889186,1.3102066986903083e-06,7.053259434762857e-07
5.735951868674541e-05,99.37007874059915,1.3102067839554365e-06,7.053259893772169e-07
5.7723128947790355e-05,99.37402190967164,1.3102071250159497e-06,7.053261729809415e-07
5.8086739208835405e-05,99.3779160190978,1.3102072671244969e-06,7.053262494824934e-07
5.845034946988054e-05,99.38176197879383,1.310206414473214e-06,7.053257904731818e-07
5.881395973092585e-05,99.38556067631234,1.3102073523896252e-06,7.053262953834245e-07
5.9177569991971475e-05,99.38931297752528,1.3102065281600517e-06,7.053258516744234e-07
5.95411802530171e-05,99.39301972728192,1.3102065565817611e-06,7.053258669747338e-07
5.990479051406303e-05,99.39668175004303,1.3102069829074026e-06,7.053260964793896e-07
6.026840077510895e-05,99.40029985049216,1.3102065565817611e-06,7.053258669747338e-07
6.063201103615508e-05,99.4038748141252,1.3102068407988554e-06,7.053260199778377e-07
6.099562129720126e-05,99.40740740781891,1.3102063860515045e-06,7.053257751728714e-07
6.135923155824783e-05,99.41089838037925,1.3102066986903083e-06,7.053259434762857e-07
6.172284181929445e-05,99.41434846307067,1.3102068976422743e-06,7.053260505784585e-07
6.208645208028083e-05,99.38159330708449,1.3102069260639837e-06,7.053260658787688e-07
6.247278798258005e-05,99.38439599548369,1.3102069544856931e-06,7.053260811790792e-07
6.285975515270086e-05,99.38717050475849,1.3102068692205648e-06,7.053260352781481e-07
6.324735359063629e-05,99.38991726724834,1.3102065281600517e-06,7.053258516744234e-07
6.363558329638657e-05,99.39263670645634,1.3102068407988554e-06,7.053260199778377e-07
6.402444426995159e-05,99.39532923727393,1.3102071534376591e-06,7.053261882812519e-07
6.44139365113312e-05,99.39799526619886,1.3102067839554365e-06,7.053259893772169e-07
6.480406002052562e-05,99.40063519154653,1.3102064713166328e-06,7.053258210738026e-07
6.519481479753473e-05,99.40324940365504,1.310206357629795e-06,7.05325759872561e-07
6.558620084235867e-05,99.40583828508403,1.3102068407988554e-06,7.053260199778377e-07
6.597821815499703e-05,99.40840221080772,1.3102072387027874e-06,7.05326234182183e-07
6.637086673545033e-05,99.41094154840208,1.3102071250159497e-06,7.053261729809415e-07
6.67641465837184e-05,99.41345665822654,1.3102065281600517e-06,7.053258516744234e-07
6.715805769980102e-05,99.41594789360043,1.3102070965942403e-06,7.053261576806312e-07
6.755260008369845e-05,99.41841560097427,1.3102064713166328e-06,7.053258210738026e-07
6.794777373541067e-05,99.42086012009585,1.31020661342518e-06,7.053258975753545e-07
6.834357865493753e-05,99.42328178417193,1.3102066702685988e-06,7.053259281759754e-07
6.874001484227913e-05,99.42568092002485,1.310206357629795e-06,7.05325759872561e-07
6.913708229743539e-05,99.428057848245,1.3102065281600517e-06,7.053258516744234e-07
6.953478102040642e-05,99.43041288333873,1.3102067271120177e-06,7.053259587765961e-07
6.993311101119211e-05,99.4327463338721,1.3102069260639837e-06,7.053260658787688e-07
7.033207226979257e-05,99.43505850261072,1.3102069829074026e-06,7.053260964793896e-07
7.073166479620773e-05,99.43734968665542,1.3102069544856931e-06,7.053260811790792e-07
7.113188859043762e-05,99.43962017757437,1.3102064428949234e-06,7.053258057734922e-07
7.153274365248221e-05,99.44187026153134,1.3102069544856931e-06,7.053260811790792e-07
7.193422998234149e-05,99.44410021941039,1.3102064428949234e-06,7.053258057734922e-07
7.233634758001541e-05,99.44631032693741,1.3102060734127008e-06,7.053256068694573e-07
7.273909644550415e-05,99.44850085479796,1.310207011329112e-06,7.053261117797e-07
7.314247657880767e-05,99.45067206875201,1.3102063292080857e-06,7.053257445722507e-07
7.354648797992572e-05,99.45282422974574,1.3102065565817611e-06,7.053258669747338e-07
7.395113064885854e-05,99.45495759402004,1.310207011329112e-06,7.053261117797e-07
7.435640458560606e-05,99.4570724132163,1.3102062723646668e-06,7.0532571397163e-07
7.47623097901683e-05,99.45916893447915,1.3102069829074026e-06,7.053260964793896e-07
7.51688462625454e-05,99.46124740055667,1.3102066702685988e-06,7.053259281759754e-07
7.557601400273698e-05,99.46330804989783,1.310207409233044e-06,7.053263259840454e-07
7.598381301074345e-05,99.4653511167473,1.3102061018344102e-06,7.053256221697677e-07
7.639224328656452e-05,99.46737683123791,1.3102060734127008e-06,7.053256068694573e-07
7.68013048302004e-05,99.47019867584018,1.3102061870995385e-06,7.053256680706988e-07
7.721036637383652e-05,99.47299077767984,1.310206016569282e-06,7.053255762688364e-07
7.761942791747297e-05,99.475753604533,1.3102068976422743e-06,7.053260505784585e-07
7.80284894611094e-05,99.47848761441766,1.3102066418468894e-06,7.05325912875665e-07
7.843755100474597e-05,99.48119325584697,1.3102066702685988e-06,7.053259281759754e-07
7.88466125483827e-05,99.48387096807446,1.3102064428949234e-06,7.053258057734922e-07
7.92556740920196e-05,99.48652118133168,1.3102072387027874e-06,7.05326234182183e-07
7.966473563565668e-05,99.48914431705884,1.3102064428949234e-06,7.053258057734922e-07
8.00737971792938e-05,99.49174078812804,1.3102057323521876e-06,7.053254232657326e-07
8.04828587229311e-05,99.49431099906,1.3102057891956065e-06,7.053254538663533e-07
8.089192026656851e-05,99.49685534623416,1.3102065565817611e-06,7.053258669747338e-07
8.130098181020612e-05,99.49937421809244,1.3102067555337271e-06,7.053259740769065e-07
8.171004335384379e-05,99.50186799533695,1.3102059881475725e-06,7.053255609685261e-07
8.211910489748159e-05,99.50433705112178,1.3102059313041536e-06,7.053255303679053e-07
8.252816644111956e-05,99.5067817512392,1.3102058460390253e-06,7.053254844669741e-07
8.293722798475772e-05,99.50920245430027,1.3102064428949234e-06,7.053258057734922e-07
8.334628952839593e-05,99.51159951191018,1.310205959725863e-06,7.053255456682157e-07
8.375535107203435e-05,99.51397326883858,1.3102057323521876e-06,7.053254232657326e-07
8.416441261567278e-05,99.51632406318487,1.310205817617316e-06,7.053254691666637e-07
8.457347415931143e-05,99.51865222653865,1.3102054765568028e-06,7.053252855629391e-07
8.498253570295031e-05,99.52095808413574,1.3102058460390253e-06,7.053254844669741e-07
8.53915972465893e-05,99.52324195500964,1.3102057323521876e-06,7.053254232657326e-07
8.580065879022842e-05,99.5255041521386,1.3102057891956065e-06,7.053254538663533e-07
8.620972033386772e-05,99.52774498258863,1.3102054765568028e-06,7.053252855629391e-07
8.6618781877507e-05,99.52996474765254,1.310205959725863e-06,7.053255456682157e-07
8.702784342114646e-05,99.53216374298488,1.3102054197133839e-06,7.053252549623183e-07
8.743690496478613e-05,99.5343422587332,1.3102061018344102e-06,7.053256221697677e-07
8.784596650842593e-05,99.53650057966578,1.3102056755087688e-06,7.053253926651118e-07
8.825502805206593e-05,99.53863898529566,1.3102053912916745e-06,7.053252396620079e-07
8.866408959570583e-05,99.54075775000126,1.3102056755087688e-06,7.053253926651118e-07
8.907315113934608e-05,99.54285714314383,1.310206016569282e-06,7.053255762688364e-07
8.948221268298637e-05,99.5449374291816,1.3102056755087688e-06,7.053253926651118e-07
8.98912742266268e-05,99.54699886778074,1.3102060449909914e-06,7.053255915691469e-07
9.030033577026744e-05,99.54904171392353,1.3102057891956065e-06,7.053254538663533e-07
9.07093973139081e-05,99.5510662180134,1.3102052776048367e-06,7.053251784607663e-07
9.111845885748775e-05,99.52836043221662,1.3102055902436405e-06,7.053253467641806e-07
9.15502460424052e-05,99.52989136058802,1.3102057323521876e-06,7.053254232657326e-07
9.198266449516053e-05,99.5314111630884,1.3102056470870593e-06,7.053253773648014e-07
9.241571421573075e-05,99.53291996439224,1.310205362869965e-06,7.053252243616975e-07
9.284939520411564e-05,99.53441788730397,1.3102057323521876e-06,7.053254232657326e-07
9.32837074603152e-05,99.53590505279296,1.3102054765568028e-06,7.053252855629391e-07
9.37186509843297e-05,99.53738158002771,1.3102053344482556e-06,7.053252090613872e-07
9.415422577615892e-05,99.5388475864092,1.3102056470870593e-06,7.053253773648014e-07
9.459043183580286e-05,99.54030318760377,1.3102054765568028e-06,7.053252855629391e-07
9.502726916326151e-05,99.54174849757493,1.3102056470870593e-06,7.053253773648014e-07
9.546473775853504e-05,99.54318362861474,1.3102052776048367e-06,7.053251784607663e-07
9.590283762162322e-05,99.54460869137442,1.3102057039304782e-06,7.053254079654222e-07
9.634156875252615e-05,99.54602379489418,1.3102053912916745e-06,7.053252396620079e-07
9.678093115124382e-05,99.54742904663259,1.3102049933877424e-06,7.053250254576626e-07
9.722092481777627e-05,99.54882455249509,1.3102055902436405e-06,7.053253467641806e-07
9.766154975212348e-05,99.55021041686214,1.3102052491831273e-06,7.053251631604559e-07
9.810280595428542e-05,99.55158674261655,1.3102054197133839e-06,7.053252549623183e-07
9.854469342426217e-05,99.55295363117031,1.3102052207614179e-06,7.053251478601457e-07
9.898721216205356e-05,99.55431118249079,1.3102055902436405e-06,7.053253467641806e-07
9.943036216765981e-05,99.55565949512658,1.3102049933877424e-06,7.053250254576626e-07
9.987414344108067e-05,99.55699866623242,1.3102047091706481e-06,7.053248724545586e-07
0.00010031855598231646,99.55832879159394,1.3102053912916745e-06,7.053252396620079e-07
0.00010076359979136685,99.55964996565167,1.3102053344482556e-06,7.053252090613872e-07
0.00010120927486823199,99.5609622815248,1.3102053344482556e-06,7.053252090613872e-07
0.00010165558121291199,99.56226583103393,1.3102050218094519e-06,7.053250407579729e-07
0.00010210251882540658,99.56356070472397,1.3102048512791953e-06,7.053249489561106e-07
0.00010255008770571607,99.56484699188618,1.3102055902436405e-06,7.053253467641806e-07
0.00010299828785384012,99.56612478057976,1.3102053912916745e-06,7.053252396620079e-07
0.00010344711926977909,99.5673941576532,1.3102052776048367e-06,7.053251784607663e-07
0.00010389658195353271,99.56865520876497,1.3102053060265462e-06,7.053251937610768e-07
0.00010434667590510121,99.56990801840391,1.3102052207614179e-06,7.053251478601457e-07
0.00010479740112448434,99.5711526699092,1.3102050502311613e-06,7.053250560582833e-07
0.00010524875761168214,99.57238924548983,1.3102045386403915e-06,7.053247806526963e-07
0.00010570074536669472,99.57361782624385,1.3102046523272293e-06,7.053248418539379e-07
0.00010615336438952212,99.57483849217697,1.3102052207614179e-06,7.053251478601457e-07
0.00010660661468016419,99.57605132222103,1.3102054765568028e-06,7.053252855629391e-07
0.0001070604962386211,99.57725639425205,1.3102048512791953e-06,7.053249489561106e-07
0.00010751500906489275,99.57903599267641,1.3102051923397084e-06,7.053251325598353e-07
0.00010796952189116469,99.58080067097147,1.3102050786528707e-06,7.053250713585937e-07
0.00010842403471743688,99.58255061598918,1.3102049365443236e-06,7.053249948570418e-07
0.00010887854754370938,99.5842860114744,1.310204766014067e-06,7.053249030551795e-07
0.00010933306036998185,99.58600703812928,1.3102045386403915e-06,7.053247806526963e-07
0.0001097875731962544,99.58771387367591,1.3102052776048367e-06,7.053251784607663e-07
0.00011024208602252715,99.58940669291749,1.3102049933877424e-06,7.053250254576626e-07
0.00011069659884880018,99.59108566779808,1.3102049933877424e-06,7.053250254576626e-07
0.00011115111167507334,99.59275096746074,1.3102050786528707e-06,7.053250713585937e-07
0.0001116056245013466,99.5944027583044,1.3102053912916745e-06,7.053252396620079e-07
0.00011206013732762,99.59604120403924,1.3102047091706481e-06,7.053248724545586e-07
0.00011251465015389355,99.59766646574082,1.3102050218094519e-06,7.053250407579729e-07
0.00011296916298016733,99.5992787019028,1.310204964966033e-06,7.053250101573522e-07
0.00011342367580644127,99.60087806848857,1.3102044817969727e-06,7.053247500520755e-07
0.00011387818863271522,99.60246471898144,1.3102051070745802e-06,7.053250866589041e-07
0.00011433270145898957,99.60403880443376,1.3102054197133839e-06,7.053252549623183e-07
0.00011478721428526401,99.60560047351494,1.3102051070745802e-06,7.053250866589041e-07
0.00011524172711153856,99.60714987255817,1.3102051923397084e-06,7.053251325598353e-07
0.00011569623993781325,99.60868714560614,1.3102048228574859e-06,7.053249336558002e-07
0.00011615075276408822,99.61021243445573,1.3102050218094519e-06,7.053250407579729e-07
0.00011660526559036304,99.61172587870156,1.3102048512791953e-06,7.053249489561106e-07
0.00011705977841663828,99.6132276157786,1.3102047091706481e-06,7.053248724545586e-07
0.00011751429124291359,99.61471778100378,1.3102049933877424e-06,7.053250254576626e-07
0.00011796880406918915,99.61619650761658,1.3102048228574859e-06,7.053249336558002e-07
0.00011842331689546491,99.61766392681885,1.3102045954838104e-06,7.053248112533171e-07
0.00011887782972174062,99.61912016781352,1.3102051070745802e-06,7.053250866589041e-07
0.00011933234254801678,99.62056535784257,1.3102050218094519e-06,7.053250407579729e-07
0.0001197868553742928,99.6219996222241,1.3102047944357764e-06,7.053249183554898e-07
0.00012024136820056909,99.62342308438845,1.3102045386403915e-06,7.053247806526963e-07
0.00012069588102684552,99.62483586591381,1.3102050502311613e-06,7.053250560582833e-07
0.00012115039385312221,99.62623808656063,1.3102043965318444e-06,7.053247041511444e-07
0.00012160490667939908,99.62762986430562,1.3102051923397084e-06,7.053251325598353e-07
0.0001220594195056757,99.62901131537468,1.3102047944357764e-06,7.053249183554898e-07
0.00012251393233195273,99.63038255427541,1.3102048228574859e-06,7.053249336558002e-07
0.0001229684451582302,99.63174369382872,1.3102040554713312e-06,7.053245205474198e-07
0.00012342295798444517,99.61482024967741,1.3102045102186821e-06,7.053247653523859e-07
0.00012390019645199197,99.61579259928585,1.3102046807489387e-06,7.053248571542482e-07
0.0001243780661873727,99.61675944346554,1.3102043965318444e-06,7.053247041511444e-07
0.0001248565671905678,99.61772083066262,1.3102047944357764e-06,7.053249183554898e-07
0.000125335699461578,99.6186768087502,1.3102047091706481e-06,7.053248724545586e-07
0.00012581546300040276,99.61962742503657,1.3102054481350933e-06,7.053252702626287e-07
0.0001262958578070424,99.62057272627368,1.3102049081226141e-06,7.053249795567314e-07
0.00012677688388149704,99.62151275866525,1.3102049933877424e-06,7.053250254576626e-07
0.00012725854122376616,99.62244756787479,1.3102049933877424e-06,7.053250254576626e-07
0.00012774082983385012,99.62337719903356,1.3102043965318444e-06,7.053247041511444e-07
0.00012822374971174885,99.62430169674832,1.3102044533752633e-06,7.053247347517651e-07
0.0001287073008574623,99.62522110510888,1.3102048797009047e-06,7.05324964256421e-07
0.00012919148327099098,99.62613546769566,1.310204567062101e-06,7.053247959530067e-07
0.00012967629695233377,99.62704482758708,1.3102046523272293e-06,7.053248418539379e-07
0.00013016174190149171,99.62794922736668,1.3102048797009047e-06,7.05324964256421e-07
0.00013064781811846432,99.62884870913037,1.3102046807489387e-06,7.053248571542482e-07
0.00013113452560325196,99.62974331449324,1.3102045386403915e-06,7.053247806526963e-07
0.00013162186435585385,99.63063308459661,1.3102044249535538e-06,7.053247194514548e-07
0.0001321098343762709,99.63151806011473,1.3102047091706481e-06,7.053248724545586e-07
0.0001325984356645024,99.63239828126127,1.3102049933877424e-06,7.053250254576626e-07
0.00013308766822054882,99.63327378779606,1.3102045954838104e-06,7.053248112533171e-07
0.0001335775320444103,99.63414461903132,1.3102047944357764e-06,7.053249183554898e-07
0.00013406802713608623,99.63501081383808,1.3102046239055198e-06,7.053248265536275e-07
0.0001345591534955769,99.63587241065234,1.3102047091706481e-06,7.053248724545586e-07
0.00013505091112288244,99.63672944748109,1.3102044249535538e-06,7.053247194514548e-07
0.00013554330001800272,99.63758196190842,1.3102044817969727e-06,7.053247500520755e-07
0.00013603632018093788,99.63842999110139,1.310204311266716e-06,7.053246582502132e-07
0.00013652997161168757,99.63927357181565,1.3102049933877424e-06,7.053250254576626e-07
0.00013702425431025216,99.64011274040142,1.3102046239055198e-06,7.053248265536275e-07
0.00013751916827663133,99.6409475328088,1.310203970206203e-06,7.053244746464887e-07
0.00013801471351082564,99.6417779845935,1.3102045954838104e-06,7.053248112533171e-07
0.00013851089001283467,99.6426041309222,1.3102039417844935e-06,7.053244593461782e-07
0.00013900769778265812,99.64342600657773,1.310204567062101e-06,7.053247959530067e-07
0.00013950513682029663,99.64424364596456,1.3102044817969727e-06,7.053247500520755e-07
0.00014000320712574994,99.6450570831137,1.3102044817969727e-06,7.053247500520755e-07
0.00014050190869901769,99.645866351688,1.310204368110135e-06,7.05324688850834e-07
0.00014100124154010048,99.646671484987,1.3102048512791953e-06,7.053249489561106e-07
0.00014150120564899776,99.64791549992333,1.3102049933877424e-06,7.053250254576626e-07
0.00014200116975789573,99.64915078562642,1.310204368110135e-06,7.05324688850834e-07
0.00014250113386679407,99.65037743365434,1.3102038280976558e-06,7.053243981449367e-07
0.00014300109797569214,99.65159553428924,1.3102043396884255e-06,7.053246735505236e-07
0.00014350106208459057,99.65280517655944,1.3102043396884255e-06,7.053246735505236e-07
0.000144001026193489,99.65400644826113,1.3102042260015878e-06,7.05324612349282e-07
0.00014450099030238783,99.6551994359796,1.3102042828450067e-06,7.053246429499028e-07
0.0001450009544112868,99.65638422511009,1.310204311266716e-06,7.053246582502132e-07
0.00014550091852018587,99.65756089987809,1.310204766014067e-06,7.053249030551795e-07
0.00014600088262908524,99.65872954335939,1.3102048512791953e-06,7.053249489561106e-07
0.0001465008467379846,99.65989023749955,1.3102043965318444e-06,7.053247041511444e-07
0.00014700081084688426,99.66104306313309,1.3102042260015878e-06,7.05324612349282e-07
0.0001475007749557839,99.66218810000228,1.3102046239055198e-06,7.053248265536275e-07
0.00014800073906468377,99.66332542677549,1.3102047091706481e-06,7.053248724545586e-07
0.00014850070317358403,99.6644551210652,1.3102043396884255e-06,7.053246735505236e-07
0.0001490006672824842,99.6655772594457,1.310204368110135e-06,7.05324688850834e-07
0.00014950063139138473,99.66669191747035,1.3102042828450067e-06,7.053246429499028e-07
0.00015000059550028525,99.66779916968858,1.3102046239055198e-06,7.053248265536275e-07
0.0001505005596091862,99.66889908966245,1.310204368110135e-06,7.05324688850834e-07
0.000151000523718087,99.669991749983,1.3102038565193652e-06,7.053244134452471e-07
0.00015150048782698822,99.67107722228621,1.3102042828450067e-06,7.053246429499028e-07
0.0001520004519358895,99.67215557726858,1.3102044533752633e-06,7.053247347517651e-07
0.00015250041604479114,99.67322688470263,1.3102038565193652e-06,7.053244134452471e-07
0.00015300038015369252,99.67429121345177,1.310204766014067e-06,7.053249030551795e-07
0.00015350034426259428,99.67534863148522,1.3102043396884255e-06,7.053246735505236e-07
0.0001540003083714963,99.67639920589235,1.3102044533752633e-06,7.053247347517651e-07
0.00015450027248039829,99.67744300289696,1.3102040554713312e-06,7.053245205474198e-07
0.0001550002365893007,99.67848008787115,1.310204169158169e-06,7.053245817486614e-07
0.0001555002006982032,99.67951052534897,1.3102045102186821e-06,7.053247653523859e-07
0.00015600016480710587,99.68053437903981,1.3102041975798784e-06,7.053245970489718e-07
0.00015650012891600874,99.68155171184154,1.3102037996759464e-06,7.053243828446263e-07
0.00015700009302491177,99.68256258585339,1.3102039417844935e-06,7.053244593461782e-07
0.00015750005713381475,99.68356706238856,1.3102047091706481e-06,7.053248724545586e-07
0.00015800002124271822,99.68456520198669,1.3102041407364595e-06,7.053245664483509e-07
0.00015849998535162182,99.6855570644259,1.3102042260015878e-06,7.05324612349282e-07
0.00015899994946046226,99.67234133503972,1.310204567062101e-06,7.053247959530067e-07
0.00015952263921063548,99.6730182898629,1.310204766014067e-06,7.053249030551795e-07
0.0001600459602286435,99.67369211493609,1.3102046239055198e-06,7.053248265536275e-07
0.0001605699125144659,99.674362832876,1.310204311266716e-06,7.053246582502132e-07
0.0001610944960681036,99.67503046607865,1.310204311266716e-06,7.053246582502132e-07
0.0001616197108895558,99.67569503672219,1.3102040554713312e-06,7.053245205474198e-07
0.000162145556978823,99.67635656676946,1.3102044817969727e-06,7.053247500520755e-07
0.00016267203433590463,99.67701507797055,1.3102047375923576e-06,7.053248877548691e-07
0.00016319914296080172,99.67767059186563,1.3102043965318444e-06,7.053247041511444e-07
0.0001637268828535128,99.67832312978715,1.3102044817969727e-06,7.053247500520755e-07
0.00016425525401403927,99.6789727128626,1.3102043965318444e-06,7.053247041511444e-07
0.00016478425644238023,99.67961936201696,1.3102046523272293e-06,7.053248418539379e-07
0.00016531389013853623,99.68026309797494,1.3102042260015878e-06,7.05324612349282e-07
0.0001658441551025068,99.68090394126364,1.3102042544232972e-06,7.053246276495924e-07
0.00016637505133429255,99.6815419122147,1.3102043396884255e-06,7.053246735505236e-07
0.00016690657883389277,99.68217703096678,1.3102045954838104e-06,7.053248112533171e-07
0.00016743873760130776,99.68280931746777,1.3102034870371426e-06,7.05324214541212e-07
0.00016797152763653767,99.68343879147706,1.3102044817969727e-06,7.053247500520755e-07
0.00016850494893958228,99.68406547256782,1.3102047375923576e-06,7.053248877548691e-07
0.00016903900151044173,99.68468938012923,1.3102042544232972e-06,7.053246276495924e-07
0.00016957368534911596,99.68531053336848,1.3102051354962896e-06,7.053251019592145e-07
0.0001701090004556049,99.6859289513131,1.3102039986279124e-06,7.053244899467991e-07
0.00017064494682990876,99.68654465281297,1.3102044249535538e-06,7.053247194514548e-07
0.00017118152447202732,99.68715765654242,1.310203970206203e-06,7.053244746464887e-07
0.00017171873338196067,99.68776798100231,1.3102041975798784e-06,7.053245970489718e-07
0.0001722565735597089,99.68837564452195,1.3102045954838104e-06,7.053248112533171e-07
0.0001727950450052718,99.68898066526124,1.3102043396884255e-06,7.053246735505236e-07
0.00017333414771864936,99.68958306121255,1.3102041407364595e-06,7.053245664483509e-07
0.00017387388169984213,99.6901828502026,1.3102047375923576e-06,7.053248877548691e-07
0.0001744142469488496,99.69078004989453,1.3102043396884255e-06,7.053246735505236e-07
0.0001749552434656717,99.69137467778961,1.3102046807489387e-06,7.053248571542482e-07
0.0001754968712503086,99.69196675122926,1.310204311266716e-06,7.053246582502132e-07
0.00017603913030276008,99.69255628739674,1.3102038849410746e-06,7.053244287455575e-07
0.00017658202062302653,99.69314330331905,1.3102036291456898e-06,7.05324291042764e-07
0.00017712554221110808,99.69372781586867,1.3102045102186821e-06,7.053247653523859e-07
0.0001776696950670042,99.69430984176536,1.3102036007239803e-06,7.053242757424536e-07
0.00017821447919071486,99.69488939757785,1.3102045102186821e-06,7.053247653523859e-07
0.00017875989458224028,99.69581749066504,1.3102040554713312e-06,7.053245205474198e-07
0.00017930530997376648,99.69673995468116,1.3102042828450067e-06,7.053246429499028e-07
0.00017985072536529255,99.69765684068358,1.3102042828450067e-06,7.053246429499028e-07
0.0001803961407568191,99.69856819911404,1.310204311266716e-06,7.053246582502132e-07
0.00018094155614834586,99.69947407980786,1.3102040554713312e-06,7.053245205474198e-07
0.0001814869715398727,99.70037453200314,1.3102036291456898e-06,7.05324291042764e-07
0.00018203238693139962,99.70126960434962,1.3102038565193652e-06,7.053244134452471e-07
0.00018257780232292715,99.7021593449174,1.3102044533752633e-06,7.053247347517651e-07
0.000183123217714454,99.70304380120567,1.3102041407364595e-06,7.053245664483509e-07
0.00018366863310598165,99.70392302015098,1.310204567062101e-06,7.053247959530067e-07
0.0001842140484975092,99.70479704813573,1.310204567062101e-06,7.053247959530067e-07
0.00018475946388903726,99.70566593099622,1.3102040838930407e-06,7.053245358477302e-07
0.00018530487928056517,99.70652971403067,1.3102043396884255e-06,7.053246735505236e-07
0.00018585029467209344,99.70738844200713,1.3102042544232972e-06,7.053246276495924e-07
0.00018639571006362208,99.70824215917119,1.310204311266716e-06,7.053246582502132e-07
0.0001869411254551507,99.70909090925356,1.3102034586154332e-06,7.053241992409016e-07
0.00018748654084667956,99.70993473547759,1.3102041407364595e-06,7.053245664483509e-07
0.00018803195623820834,99.71077368056656,1.310203970206203e-06,7.053244746464887e-07
0.00018857737162973737,99.71160778675089,1.3102040554713312e-06,7.053245205474198e-07
0.0001891227870212667,99.7124370957753,1.310203970206203e-06,7.053244746464887e-07
0.00018966820241279628,99.71326164890566,1.310203572302271e-06,7.053242604421432e-07
0.00019021361780432596,99.71408148693591,1.3102037996759464e-06,7.053243828446263e-07
0.00019075903319585607,99.71489665019479,1.3102038280976558e-06,7.053243981449367e-07
0.00019130444858738598,99.71570717855242,1.310203316506886e-06,7.053241227393497e-07
0.00019184986397891634,99.71651311142679,1.310203913362784e-06,7.053244440458678e-07
0.00019239527937044644,99.7173144877902,1.3102036575673992e-06,7.053243063430744e-07
0.00019294069476197718,99.71811134617555,1.3102039986279124e-06,7.053244899467991e-07
0.00019348611015350796,99.7189037246824,1.310203771254237e-06,7.053243675443159e-07
0.00019403152554503886,99.71969166098319,1.3102042260015878e-06,7.05324612349282e-07
0.00019457694093657056,99.72047519232913,1.3102038565193652e-06,7.053244134452471e-07
0.00019512235632810184,99.72125435555606,1.3102036291456898e-06,7.05324291042764e-07
0.00019566777171963322,99.72202918709027,1.3102038849410746e-06,7.053244287455575e-07
0.00019621318711116498,99.72279972295416,1.3102036575673992e-06,7.053243063430744e-07
0.0001967586025026968,99.72356599877182,1.310203771254237e-06,7.053243675443159e-07
0.00019730401789422886,99.72432804977448,1.310203373350305e-06,7.053241533399704e-07
0.00019784943328569714,99.7136639561781,1.3102038565193652e-06,7.053244134452471e-07
0.0001984175743184983,99.71416516257086,1.310203373350305e-06,7.053241533399704e-07
0.0001989863466191342,99.7146644145089,1.3102042260015878e-06,7.05324612349282e-07
0.00019955575018758547,99.7151617239503,1.3102044249535538e-06,7.053247194514548e-07
0.00020012578502385142,99.71565710275414,1.3102033449285955e-06,7.0532413803966e-07
0.0002006964511279324,99.71615056268132,1.3102041407364595e-06,7.053245664483509e-07
0.00020126774849982788,99.71664211539571,1.3102040270496218e-06,7.053245052471094e-07
0.00020183967713953836,99.71713177246517,1.3102044533752633e-06,7.053247347517651e-07
0.00020241223704706336,99.71761954536235,1.310203771254237e-06,7.053243675443159e-07
0.00020298542822240324,99.71810544546595,1.310203771254237e-06,7.053243675443159e-07
0.00020355925066555843,99.71858948406144,1.3102036859891086e-06,7.053243216433847e-07
0.00020413370437652779,99.71907167234218,1.310203913362784e-06,7.053244440458678e-07
0.00020470878935531227,99.71955202141032,1.3102035438805615e-06,7.053242451418328e-07
0.00020528450560191168,99.72003054227768,1.3102038280976558e-06,7.053243981449367e-07
0.00020586085311632578,99.72050724586673,1.3102036575673992e-06,7.053243063430744e-07
0.00020643783189855519,99.72098214301153,1.3102038565193652e-06,7.053244134452471e-07
0.00020701544194859847,99.7214552444585,1.3102035438805615e-06,7.053242451418328e-07
0.0002075936832664572,99.72192656086747,1.3102037428325275e-06,7.053243522440055e-07
0.00020817255585213034,99.72239610281247,1.31020311755492e-06,7.05324015637177e-07
0.00020875205970561882,99.72286388078257,1.3102036575673992e-06,7.053243063430744e-07
0.0002093321948269217,99.72332990518284,1.3102037428325275e-06,7.053243522440055e-07
0.00020991296121603952,99.72379418633506,1.3102036859891086e-06,7.053243216433847e-07
0.00021049435887297253,99.7242567344787,1.310203771254237e-06,7.053243675443159e-07
0.0002110763877977196,99.72471755977163,1.3102032880851766e-06,7.053241074390393e-07
0.00021165904799028213,99.725176672291,1.3102038280976558e-06,7.053243981449367e-07
0.0002122423394506589,99.72563408203403,1.3102034870371426e-06,7.05324214541212e-07
0.00021282626217885108,99.72608979891878,1.3102033449285955e-06,7.0532413803966e-07
0.0002134108161748574,99.726543832785,1.310203373350305e-06,7.053241533399704e-07
0.000213996001438679,99.72699619339484,1.310203373350305e-06,7.053241533399704e-07
0.0002145818179703156,99.72744689043367,1.3102033449285955e-06,7.0532413803966e-07
0.0002151682657697669,99.7278959335108,1.310203572302271e-06,7.053242604421432e-07
0.0002157553448370327,99.72834333216022,1.3102036575673992e-06,7.053243063430744e-07
0.00021634305517211373,99.72878909584144,1.3102035438805615e-06,7.053242451418328e-07
0.00021693139677500908,99.72923323394012,1.3102032028200483e-06,7.053240615381082e-07
0.00021752036964571962,99.72967575576878,1.310203373350305e-06,7.053241533399704e-07
0.00021810997378424445,99.73011667056761,1.310203572302271e-06,7.053242604421432e-07
0.0002187002091905846,99.73055598750516,1.3102030607115012e-06,7.053239850365563e-07
0.0002192910758647393,99.73128003735525,1.3102034017720143e-06,7.053241686402809e-07
0.0002198819425388949,99.73200020630114,1.3102038565193652e-06,7.053244134452471e-07
0.00022047280921305058,99.73271652546187,1.310203316506886e-06,7.053241227393497e-07
0.00022106367588720592,99.73342902562464,1.3102033449285955e-06,7.0532413803966e-07
0.00022165454256136167,99.73413773724931,1.310203771254237e-06,7.053243675443159e-07
0.00022224540923551783,99.73484269047263,1.310203316506886e-06,7.053241227393497e-07
0.00022283627590967425,99.73554391511257,1.3102037996759464e-06,7.053243828446263e-07
0.00022342714258383065,99.73624144067247,1.3102034586154332e-06,7.053241992409016e-07
0.00022401800925798756,99.7369352963453,1.3102031743983389e-06,7.053240462377978e-07
0.0002246088759321443,99.73762551101755,1.3102034301937238e-06,7.053241839405913e-07
0.00022519974260630136,99.73831211327344,1.3102035438805615e-06,7.053242451418328e-07
0.00022579060928045873,99.7389951313987,1.310203515458852e-06,7.053242298415224e-07
0.00022638147595461605,99.73967459338452,1.310203572302271e-06,7.053242604421432e-07
0.0002269723426287738,99.74035052693141,1.3102026912292786e-06,7.053237861325212e-07
0.00022756320930293153,99.7410229594529,1.3102037428325275e-06,7.053243522440055e-07
0.0002281540759770896,99.7416919180793,1.3102032028200483e-06,7.053240615381082e-07
0.00022874494265124785,99.7423574296613,1.3102028901812446e-06,7.053238932346939e-07
0.0002293358093254062,99.74301952077359,1.3102031743983389e-06,7.053240462377978e-07
0.0002299266759995648,99.7436782177184,1.3102038280976558e-06,7.053243981449367e-07
0.0002305175426737237,99.74433354652898,1.3102035438805615e-06,7.053242451418328e-07
0.00023110840934788225,99.74498553297299,1.3102037428325275e-06,7.053243522440055e-07
0.00023169927602204195,99.74563420255599,1.310203714410818e-06,7.053243369436951e-07
0.00023229014269620106,99.7462795805246,1.310203515458852e-06,7.053242298415224e-07
0.00023288100937036033,99.74692169186991,1.3102034870371426e-06,7.05324214541212e-07
0.00023347187604452044,99.7475605613307,1.3102036007239803e-06,7.053242757424536e-07
0.00023406274271868044,99.74819621339647,1.3102036007239803e-06,7.053242757424536e-07
0.00023465360939284034,99.74882867231078,1.310203913362784e-06,7.053244440458678e-07
0.00023524447606700094,99.74945796207419,1.3102032880851766e-06,7.053241074390393e-07
0.00023583534274116137,99.75008410644732,1.3102030322897917e-06,7.053239697362459e-07
0.00023642620941532203,99.75070712895389,1.3102034301937238e-06,7.053241839405913e-07
0.00023701707608948314,99.7513270528836,1.3102036859891086e-06,7.053243216433847e-07
0.00023760794276364444,99.75194390129506,1.3102034301937238e-06,7.053241839405913e-07
0.00023819880943780575,99.7525576970187,1.3102037428325275e-06,7.053243522440055e-07
0.00023878967611196697,99.7531684626595,1.3102034017720143e-06,7.053241686402809e-07
0.00023938054278612911,99.75377622059982,1.3102029754463729e-06,7.053239391356251e-07
0.0002399714094602255,99.7449582016226,1.310203316506886e-06,7.053241227393497e-07
0.00024058500177565588,99.74534595537985,1.3102033449285955e-06,7.0532413803966e-07
0.00024119922535892146,99.74573240307224,1.3102034017720143e-06,7.053241686402809e-07
0.00024181408021000205,99.74611755161834,1.310202918602954e-06,7.053239085350043e-07
0.00024242956632889768,99.74650140788687,1.3102036859891086e-06,7.053243216433847e-07
0.00024304568371560784,99.74688397869727,1.310203316506886e-06,7.053241227393497e-07
0.00024366243237013317,99.74726527082004,1.3102032312417577e-06,7.053240768384186e-07
0.00024427981229247295,99.74764529097725,1.3102030891332106e-06,7.053240003368667e-07
0.0002448978234826281,99.74802404584291,1.3102034586154332e-06,7.053241992409016e-07
0.0002455164659405976,99.74840154204347,1.310202918602954e-06,7.053239085350043e-07
0.0002461357396663824,99.74877778615817,1.3102029754463729e-06,7.053239391356251e-07
0.0002467556446599816,99.74915278471956,1.3102026912292786e-06,7.053237861325212e-07
0.00024737618092139586,99.74952654421384,1.3102032028200483e-06,7.053240615381082e-07
0.00024799734845062487,99.74989907108124,1.3102034586154332e-06,7.053241992409016e-07
0.0002486191472476687,99.7502703717166,1.310202918602954e-06,7.053239085350043e-07
0.00024924157731252735,99.75064045246957,1.3102032312417577e-06,7.053240768384186e-07
0.00024986463864520105,99.75100931964515,1.310203316506886e-06,7.053241227393497e-07
0.0002504883312456899,99.75137697950402,1.3102034586154332e-06,7.053241992409016e-07
0.0002511126551139924,99.7517434382629,1.310203316506886e-06,7.053241227393497e-07
0.00025173761025011084,99.75210870209511,1.3102033449285955e-06,7.0532413803966e-07
0.00025236319665404377,99.75247277713069,1.3102028901812446e-06,7.053238932346939e-07
0.0002529894143257916,99.75283566945703,1.3102029754463729e-06,7.053239391356251e-07
0.0002536162632653543,99.7531973851191,1.3102037428325275e-06,7.053243522440055e-07
0.0002542437434727312,99.75355793011978,1.3102030038680823e-06,7.053239544359355e-07
0.0002548718549479241,99.75391731042042,1.310203572302271e-06,7.053242604421432e-07
0.00025550059769093096,99.75427553194105,1.3102028901812446e-06,7.053238932346939e-07
0.00025612997170175304,99.75463260056074,1.310203771254237e-06,7.053243675443159e-07
0.0002567599769803898,99.75498852211803,1.310203373350305e-06,7.053241533399704e-07
0.0002573906135268415,99.75534330241126,1.3102029754463729e-06,7.053239391356251e-07
0.000258021881341108,99.82586353865508,1.310203714410818e-06,7.053243369436951e-07
0.0002584719752927208,99.82592286490699,1.310203714410818e-06,7.053243369436951e-07
0.00025892270051211405,99.82598240849813,1.3102032312417577e-06,7.053240768384186e-07
0.00025937405699932143,99.8260421678619,1.3102036575673992e-06,7.053243063430744e-07
0.000259826044754344,99.82610214143935,1.3102034301937238e-06,7.053241839405913e-07
0.0002602786637771814,99.82616232767931,1.3102034870371426e-06,7.05324214541212e-07
0.0002607319140678332,99.8262227250382,1.3102030607115012e-06,7.053239850365563e-07
0.0002611857956263,99.82628333198016,1.3102030038680823e-06,7.053239544359355e-07
0.00026164030845258183,99.82658458346377,1.3102030891332106e-06,7.053240003368667e-07
0.00026209482127886337,99.8268847919231,1.3102028049161163e-06,7.053238473337627e-07
0.0002625493341051457,99.82718396276572,1.3102030322897917e-06,7.053239697362459e-07
0.0002630038469314277,99.82748210136182,1.3102035438805615e-06,7.053242451418328e-07
0.0002634583597577103,99.82777921304465,1.310202520699022e-06,7.053236943306589e-07
0.0002639128725839926,99.82807530311077,1.3102039417844935e-06,7.053244593461782e-07
0.00026436738541027514,99.82837037682035,1.3102032596634672e-06,7.05324092138729e-07
0.00026482189823655707,99.82866443939754,1.3102031459766295e-06,7.053240309374874e-07
0.00026527641106284045,99.82895749603074,1.310203515458852e-06,7.053242298415224e-07
0.0002657309238891231,99.8292495518729,1.3102032880851766e-06,7.053241074390393e-07
0.00026618543671540586,99.82954061204188,1.3102036859891086e-06,7.053243216433847e-07
0.0002666399495416893,99.82983068162063,1.3102030891332106e-06,7.053240003368667e-07
0.00026709446236797274,99.83011976565763,1.3102038849410746e-06,7.053244287455575e-07
0.0002675489751942557,99.83040786916708,1.31020311755492e-06,7.05324015637177e-07
0.00026800348802053924,99.8306949971292,1.310203714410818e-06,7.053243369436951e-07
0.00026845800084682306,99.8309811544906,1.3102036575673992e-06,7.053243063430744e-07
0.0002689125136731065,99.83126634616445,1.3102030607115012e-06,7.053239850365563e-07
0.00026936702649939015,99.83155057703084,1.3102030322897917e-06,7.053239697362459e-07
0.0002698215393256746,99.83183385193703,1.3102030607115012e-06,7.053239850365563e-07
0.0002702760521519584,99.83211617569773,1.3102032596634672e-06,7.05324092138729e-07
0.0002707305649782424,99.83239755309538,1.3102036575673992e-06,7.053243063430744e-07
0.0002711850778045267,99.83267798888036,1.310203316506886e-06,7.053241227393497e-07
0.0002716395906308107,99.8329574877714,1.3102026912292786e-06,7.053237861325212e-07
0.00027209410345709566,99.83323605445568,1.3102032596634672e-06,7.05324092138729e-07
0.00027254861628338,99.8335136935892,1.3102029470246634e-06,7.053239238353147e-07
0.0002730031291096648,99.83379040979698,1.310203572302271e-06,7.053242604421432e-07
0.0002734576419359497,99.83406620767336,1.3102030607115012e-06,7.053239850365563e-07
0.00027391215476223473,99.83434109178224,1.310203515458852e-06,7.053242298415224e-07
0.0002743666675885202,99.83461506665732,1.310203515458852e-06,7.053242298415224e-07
0.0002748211804148052,99.83488813680236,1.3102039417844935e-06,7.053244593461782e-07
0.00027527569324109046,99.8351603066914,1.3102025491207314e-06,7.053237096309693e-07
0.0002757302060673762,99.8354315807691,1.3102031743983389e-06,7.053240462377978e-07
0.00027618471889366195,99.83570196345082,1.310202719650988e-06,7.053238014328316e-07
0.000276639231719947,99.835971459123,1.3102031743983389e-06,7.053240462377978e-07
0.00027709374454623295,99.83624007214335,1.31020311755492e-06,7.05324015637177e-07
0.00027754825737251893,99.83650780684107,1.3102036575673992e-06,7.053243063430744e-07
0.0002780027701988046,99.83677466751708,1.3102034870371426e-06,7.05324214541212e-07
0.000278457283025091,99.8370406584443,1.3102034301937238e-06,7.053241839405913e-07
0.00027891179585137716,99.83730578386779,1.3102030891332106e-06,7.053240003368667e-07
0.0002793663086776634,99.83757004800509,1.3102031459766295e-06,7.053240309374874e-07
0.0002798208215039501,99.83783345504636,1.3102036007239803e-06,7.053242757424536e-07
0.00028027533433023675,99.8380960091546,1.3102034586154332e-06,7.053241992409016e-07
0.0002807298471565237,99.83835771446591,1.3102032028200483e-06,7.053240615381082e-07
0.00028118435998281046,99.83861857508971,1.3102032880851766e-06,7.053241074390393e-07
0.0002816388728090974,99.83887859510891,1.3102032312417577e-06,7.053240768384186e-07
0.0002820933856353845,99.83913777858014,1.3102030891332106e-06,7.053240003368667e-07
0.0002825478984616716,99.83939612953398,1.310202918602954e-06,7.053239085350043e-07
0.000283002411287959,99.83965365197521,1.3102034586154332e-06,7.053241992409016e-07
0.00028345692411424673,99.83991034988287,1.310202918602954e-06,7.053239085350043e-07
0.00028391143694053386,99.84016622721064,1.310202918602954e-06,7.053239085350043e-07
0.00028436594976682185,99.84042128788693,1.3102034586154332e-06,7.053241992409016e-07
0.00028482046259310946,99.8406755358151,1.3102030891332106e-06,7.053240003368667e-07
0.0002852749754193974,99.84092897487368,1.3102031743983389e-06,7.053240462377978e-07
0.00028572948824568604,99.84118160891661,1.3102036859891086e-06,7.053243216433847e-07
0.0002861840010719734,99.84143344177332,1.3102032312417577e-06,7.053240768384186e-07
0.0002866385138982625,99.84168447724902,1.3102036575673992e-06,7.053243063430744e-07
0.00028709302672455,99.84193471912486,1.3102031459766295e-06,7.053240309374874e-07
0.000287547539550839,99.84218417115812,1.310203316506886e-06,7.053241227393497e-07
0.00028800205237712763,99.8424328370824,1.3102030607115012e-06,7.053239850365563e-07
0.0002884565652034163,99.84268072060779,1.3102031743983389e-06,7.053240462377978e-07
0.00028891107802970595,99.8429278254211,1.3102034017720143e-06,7.053241686402809e-07
0.00028936559085599437,99.84317415518599,1.3102035438805615e-06,7.053242451418328e-07
0.0002898201036822835,99.84341971354317,1.3102031743983389e-06,7.053240462377978e-07
0.0002902746165085731,99.84366450411059,1.3102031459766295e-06,7.053240309374874e-07
0.00029072912933486176,99.84390853048365,1.3102030607115012e-06,7.053239850365563e-07
0.0002911836421611519,99.84415179623525,1.3102024922773126e-06,7.053236790303485e-07
0.000291638154987441,99.84439430491612,1.3102032596634672e-06,7.05324092138729e-07
0.0002920926678137307,99.84463606005492,1.3102032596634672e-06,7.05324092138729e-07
0.00029254718064002094,99.84487706515837,1.3102036859891086e-06,7.053243216433847e-07
0.00029300169346631116,99.84511732371153,1.3102029754463729e-06,7.053239391356251e-07
0.00029345620629260083,99.84535683917784,1.3102028049161163e-06,7.053238473337627e-07
0.0002939107191188914,99.84559561499938,1.3102032028200483e-06,7.053240615381082e-07
0.0002943652319451813,99.84583365459702,1.310202918602954e-06,7.053239085350043e-07
0.00029481974477147207,99.84607096137051,1.3102031459766295e-06,7.053240309374874e-07
0.0002952742575977624,99.84630753869878,1.310202719650988e-06,7.053238014328316e-07
0.000295728770424053,99.84654338993994,1.3102038280976558e-06,7.053243981449367e-07
0.00029618328325034385,99.84677851843156,1.3102034017720143e-06,7.053241686402809e-07
0.00029663779607663537,99.8470129274908,1.3102036007239803e-06,7.053242757424536e-07
0.0002970923089029258,99.84724662041451,1.3102036291456898e-06,7.05324291042764e-07
0.00029754682172921656,99.84747960047947,1.3102031459766295e-06,7.053240309374874e-07
0.00029800133455550856,99.84771187094246,1.3102025775424408e-06,7.053237249312796e-07
0.00029845584738179954,99.84794343504046,1.3102031743983389e-06,7.053240462377978e-07
0.0002989103602080915,99.84817429599084,1.3102032028200483e-06,7.053240615381082e-07
0.000299364873034383,99.84840445699139,1.3102029470246634e-06,7.053239238353147e-07
0.0002998193858606747,99.84863392122058,1.3102034301937238e-06,7.053241839405913e-07
0.00030027389868696614,99.84886269183764,1.3102034017720143e-06,7.053241686402809e-07
0.0003007284115132587,99.84909077198274,1.3102038849410746e-06,7.053244287455575e-07
0.00030118292433955134,99.84931816477717,1.310203373350305e-06,7.053241533399704e-07
0.0003016374371658433,99.84954487332337,1.310203373350305e-06,7.053241533399704e-07
0.0003020919499921355,99.84977090070514,1.3102030038680823e-06,7.053239544359355e-07
0.0003025464628184284,99.84999624998781,1.3102028901812446e-06,7.053238932346939e-07
0.0003030009756447211,99.85022092421835,1.3102031743983389e-06,7.053240462377978e-07
0.0003034554884710133,99.85044492642547,1.3102034301937238e-06,7.053241839405913e-07
0.0003039100012973065,99.85066825961978,1.3102033449285955e-06,7.0532413803966e-07
0.0003043645141235989,99.850890926794,1.3102028049161163e-06,7.053238473337627e-07
0.0003048190269498928,99.85111293092294,1.3102026628075691e-06,7.053237708322109e-07
0.00030527353977618534,99.85133427496379,1.3102028333378257e-06,7.053238626340732e-07
0.0003057280526024797,99.85155496185615,1.3102031459766295e-06,7.053240309374874e-07
0.0003061825654287723,99.85177499452219,1.3102032596634672e-06,7.05324092138729e-07
0.0003066370782550665,99.8519943758668,1.3102027764944069e-06,7.053238320334523e-07
0.00030709159108135986,99.85221310877765,1.3102028049161163e-06,7.053238473337627e-07
0.0003075461039076546,99.85243119612544,1.3102032880851766e-06,7.053241074390393e-07
0.00030800061673394745,99.85264864076387,1.310203572302271e-06,7.053242604421432e-07
0.0003084551295602418,99.85286544552991,1.3102030322897917e-06,7.053239697362459e-07
0.0003089096423865359,99.85308161324382,1.3102028901812446e-06,7.053238932346939e-07
0.0003093641552128308,99.85329714670932,1.3102036291456898e-06,7.05324291042764e-07
0.00030981866803912495,99.85351204871371,1.3102034586154332e-06,7.053241992409016e-07
0.00031027318086541934,99.85372632202795,1.3102033449285955e-06,7.0532413803966e-07
0.00031072769369171443,99.85393996940687,1.3102032312417577e-06,7.053240768384186e-07
0.0003111822065180088,99.85415299358917,1.310203714410818e-06,7.053243369436951e-07
0.0003116367193443042,99.85436539729764,1.3102036291456898e-06,7.05324291042764e-07
0.00031209123217059884,99.85457718323917,1.3102026912292786e-06,7.053237861325212e-07
0.00031254574499689394,99.85478835410503,1.31020311755492e-06,7.05324015637177e-07
0.0003130002578231901,99.85499891257076,1.310203714410818e-06,7.053243369436951e-07
0.0003134547706494853,99.8552088612965,1.3102036859891086e-06,7.053243216433847e-07
0.00031390928347578133,99.85541820292696,1.310202520699022e-06,7.053236943306589e-07
0.0003143637963020763,99.85562694009158,1.3102032880851766e-06,7.053241074390393e-07
0.0003148183091283724,99.85583507540466,1.3102028333378257e-06,7.053238626340732e-07
0.0003152728219546677,99.8560426114654,1.3102032312417577e-06,7.053240768384186e-07
0.0003157273347809642,99.85624955085811,1.3102031459766295e-06,7.053240309374874e-07
0.0003161818476072604,99.85645589615221,1.3102034301937238e-06,7.053241839405913e-07
0.0003166363604335566,99.85666164990246,1.3102033449285955e-06,7.0532413803966e-07
0.00031709087325985355,99.8568668146489,1.3102031743983389e-06,7.053240462377978e-07
0.0003175453860861494,99.8570713929171,1.3102035438805615e-06,7.053242451418328e-07
0.0003179998989124467,99.85727538721824,1.3102036291456898e-06,7.05324291042764e-07
0.0003184544117387434,99.85747880004911,1.31020411231475e-06,7.053245511480406e-07
0.00031890892456503983,99.85768163389235,1.3102032028200483e-06,7.053240615381082e-07
0.00031936343739133715,99.85788389121647,1.3102032596634672e-06,7.05324092138729e-07
0.00031981795021763495,99.85808557447594,1.3102030891332106e-06,7.053240003368667e-07
0.0003202724630439317,99.85828668611134,1.310203515458852e-06,7.053242298415224e-07
0.0003207269758702293,99.85848722854946,1.3102032596634672e-06,7.05324092138729e-07
0.00032118148869652636,99.85868720420332,1.3102032596634672e-06,7.05324092138729e-07
0.0003216360015228244,99.85888661547236,1.310203316506886e-06,7.053241227393497e-07
0.00032209051434912224,99.85908546474246,1.3102032028200483e-06,7.053240615381082e-07
0.0003225450271754199,99.85928375438611,1.3102028901812446e-06,7.053238932346939e-07
0.00032299954000171823,99.85948148676243,1.3102029470246634e-06,7.053239238353147e-07
0.00032345405282801614,99.85967866421734,1.310202918602954e-06,7.053239085350043e-07
0.0003239085656543144,99.85987528908358,1.3102027764944069e-06,7.053238320334523e-07
0.00032436307848061283,99.86007136368083,1.3102028333378257e-06,7.053238626340732e-07
0.0003248175913069119,99.8602668903158,1.3102029754463729e-06,7.053239391356251e-07
0.00032527210413321023,99.86046187128237,1.3102030038680823e-06,7.053239544359355e-07
0.0003257266169595089,99.86065630886158,1.3102028617595352e-06,7.053238779343836e-07
0.00032618112978580774,99.86085020532181,1.310203316506886e-06,7.053241227393497e-07
0.0003266356426121068,99.86104356291881,1.310202918602954e-06,7.053239085350043e-07
0.00032709015543840573,99.86123638389581,1.3102031459766295e-06,7.053240309374874e-07
0.00032754466826470484,99.86142867048365,1.3102031459766295e-06,7.053240309374874e-07
0.0003279991810910046,99.86162042490075,1.3102031459766295e-06,7.053240309374874e-07
0.00032845369391730413,99.86181164935331,1.3102030038680823e-06,7.053239544359355e-07
0.0003289082067436035,99.86200234603537,1.310203515458852e-06,7.053242298415224e-07
0.00032936271956990316,99.86219251712883,1.3102026912292786e-06,7.053237861325212e-07
0.00032981723239620367,99.8623821648036,1.3102031743983389e-06,7.053240462377978e-07
0.00033027174522250353,99.86257129121768,1.3102034870371426e-06,7.05324214541212e-07
0.0003307262580488036,99.86275989851718,1.310203316506886e-06,7.053241227393497e-07
0.0003311807708751041,99.86294798883651,1.3102028333378257e-06,7.053238626340732e-07
0.00033163528370140427,99.8631355642983,1.3102035438805615e-06,7.053242451418328e-07
0.0003320897965277048,99.86332262701369,1.310203714410818e-06,7.053243369436951e-07
0.00033254430935400557,99.86350917908219,1.3102036291456898e-06,7.05324291042764e-07
0.00033299882218030646,99.86369522259193,1.3102032880851766e-06,7.053241074390393e-07
0.000333453335006607,99.86388075961963,1.3102032596634672e-06,7.05324092138729e-07
0.00033390784783290825,99.86406579223079,1.3102032312417577e-06,7.053240768384186e-07
0.00033436236065920925,99.86425032247958,1.310203572302271e-06,7.053242604421432e-07
0.00033481687348551074,99.86443435240912,1.3102036575673992e-06,7.053243063430744e-07
0.000335271386311812,99.86461788405143,1.3102034586154332e-06,7.053241992409016e-07
0.00033572589913811356,99.86480091942755,1.3102030322897917e-06,7.053239697362459e-07
0.0003361804119644156,99.86498346054762,1.3102029470246634e-06,7.053239238353147e-07
0.0003366349247907169,99.8651655094109,1.3102031743983389e-06,7.053240462377978e-07
0.0003370894376170188,99.86534706800593,1.3102033449285955e-06,7.0532413803966e-07
0.00033754395044332126,99.8655281383105,1.3102028049161163e-06,7.053238473337627e-07
0.00033799846326962324,99.86570872229183,1.310203373350305e-06,7.053241533399704e-07
0.0003384529760959257,99.86588882190655,1.3102033449285955e-06,7.0532413803966e-07
0.00033890748892222806,99.86606843910081,1.3102030891332106e-06,7.053240003368667e-07
0.0003393620017485307,99.86624757581038,1.3102028901812446e-06,7.053238932346939e-07
0.00033981651457483245,99.86642623396064,1.3102025775424408e-06,7.053237249312796e-07
0.00034027102740113546,99.86660441546672,1.3102036575673992e-06,7.053243063430744e-07
0.000340725540227439,99.86678212223357,1.310202918602954e-06,7.053239085350043e-07
0.00034118005305374153,99.86695935615597,1.31020311755492e-06,7.05324015637177e-07
0.0003416345658800446,99.86713611911864,1.3102034301937238e-06,7.053241839405913e-07
0.0003420890787063478,99.86731241299628,1.310203515458852e-06,7.053242298415224e-07
0.0003425435915326522,99.86748823965368,1.3102030322897917e-06,7.053239697362459e-07
0.0003429981043589553,99.86766360094576,1.3102032880851766e-06,7.053241074390393e-07
0.00034345261718525885,99.86783849871759,1.310203515458852e-06,7.053242298415224e-07
0.00034390713001156267,99.86801293480455,1.31020311755492e-06,7.05324015637177e-07
0.0003443616428378665,99.86818691103232,1.3102027764944069e-06,7.053238320334523e-07
0.00034481615566417037,99.86836042921698,1.310203316506886e-06,7.053241227393497e-07
0.0003452706684904749,99.86853349116502,1.310203373350305e-06,7.053241533399704e-07
0.0003457251813167795,99.86870609867353,1.3102028617595352e-06,7.053238779343836e-07
0.0003461796941430837,99.86887825353004,1.310203373350305e-06,7.053241533399704e-07
0.0003466342069693883,99.86904995751286,1.310203572302271e-06,7.053242604421432e-07
0.0003470887197956929,99.8692212123909,1.3102030607115012e-06,7.053239850365563e-07
0.0003475432326219975,99.86939201992385,1.3102034017720143e-06,7.053241686402809e-07
0.0003479977454483024,99.86956238186227,1.3102028901812446e-06,7.053238932346939e-07
0.00034845225827460777,99.86973229994751,1.31020311755492e-06,7.05324015637177e-07
0.0003489067711009136,99.86990177591194,1.3102026912292786e-06,7.053237861325212e-07
0.0003493612839272185,99.87007081147888,1.310202918602954e-06,7.053239085350043e-07
0.00034981579675352433,99.87023940836272,1.3102035438805615e-06,7.053242451418328e-07
0.0003502703095798293,99.87040756826893,1.3102028049161163e-06,7.053238473337627e-07
0.0003507248224061347,99.87057529289423,1.3102032312417577e-06,7.053240768384186e-07
0.00035117933523244095,99.87074258392651,1.31020311755492e-06,7.05324015637177e-07
0.00035163384805874705,99.87090944304492,1.3102028617595352e-06,7.053238779343836e-07
0.000352088360885053,99.87107587192,1.3102031459766295e-06,7.053240309374874e-07
0.00035254287371135897,99.87124187221367,1.31020311755492e-06,7.05324015637177e-07
0.00035299738653766534,99.87140744557932,1.3102030891332106e-06,7.053240003368667e-07
0.0003534518993639716,99.87157259366181,1.3102032312417577e-06,7.053240768384186e-07
0.00035390641219027873,99.87173731809756,1.3102030322897917e-06,7.053239697362459e-07
0.0003543609250165855,99.87190162051466,1.3102036007239803e-06,7.053242757424536e-07
0.0003548154378428918,99.87206550253282,1.310202520699022e-06,7.053236943306589e-07
0.000355269950669199,99.87222896576348,1.3102031743983389e-06,7.053240462377978e-07
0.000355724463495506,99.87239201180985,1.3102036859891086e-06,7.053243216433847e-07
0.0003561789763218138,99.87255464226699,1.3102030038680823e-06,7.053239544359355e-07
0.00035663348914812134,99.87271685872182,1.3102032880851766e-06,7.053241074390393e-07
0.00035708800197442863,99.8728786627532,1.310203316506886e-06,7.053241227393497e-07
0.0003575425148007355,99.87304005593197,1.3102036859891086e-06,7.053243216433847e-07
0.0003579970276270439,99.87320103982098,1.3102026628075691e-06,7.053237708322109e-07
0.00035845154045335164,99.8733616159752,1.3102032880851766e-06,7.053241074390393e-07
0.00035890605327966007,99.87352178594172,1.3102029754463729e-06,7.053239391356251e-07
0.0003593605661059679,99.8736815512598,1.310203373350305e-06,7.053241533399704e-07
0.000359815078932276,99.87384091346097,1.310203771254237e-06,7.053243675443159e-07
0.0003602695917585848,99.87399987406897,1.3102028617595352e-06,7.053238779343836e-07
0.0003607241045848935,99.87415843459995,1.3102032312417577e-06,7.053240768384186e-07
0.00036117861741120173,99.87431659656238,1.31020311755492e-06,7.05324015637177e-07
0.0003616331302375104,99.87447436145717,1.3102036575673992e-06,7.053243063430744e-07
0.00036208764306381924,99.87463173077774,1.3102024922773126e-06,7.053236790303485e-07
0.00036254215589012843,99.87478870600998,1.3102030607115012e-06,7.053239850365563e-07
0.0003629966687164376,99.87494528863236,1.3102030322897917e-06,7.053239697362459e-07
0.00036345118154274653,99.875101480116,1.3102032028200483e-06,7.053240615381082e-07
0.00036390569436905686,99.87525728192463,1.310202918602954e-06,7.053239085350043e-07
0.00036436020719536643,99.87541269551473,1.3102029754463729e-06,7.053239391356251e-07
0.00036481472002167535,99.87556772233546,1.3102029470246634e-06,7.053239238353147e-07
0.00036526923284798524,99.87572236382887,1.310203373350305e-06,7.053241533399704e-07
0.00036572374567429497,99.87587662142978,1.3102030891332106e-06,7.053240003368667e-07
0.00036617825850060546,99.87603049656593,1.3102032028200483e-06,7.053240615381082e-07
0.0003666327713269155,99.87618399065798,1.310203515458852e-06,7.053242298415224e-07
0.0003670872841532255,99.87633710511955,1.3102032596634672e-06,7.05324092138729e-07
0.00036754179697953606,99.87648984135728,1.310203714410818e-06,7.053243369436951e-07
0.00036799630980584704,99.8766422007709,1.3102035438805615e-06,7.053242451418328e-07
0.000368450822632158,99.87679418475321,1.3102031743983389e-06,7.053240462377978e-07
0.00036890533545846856,99.87694579469014,1.3102027480726974e-06,7.05323816733142e-07
0.000369359848284779,99.87709703196086,1.310203572302271e-06,7.053242604421432e-07
0.00036981436111109035,99.87724789793772,1.3102032880851766e-06,7.053241074390393e-07
0.00037026887393740133,99.87739839398634,1.3102028333378257e-06,7.053238626340732e-07
0.00037072338676371187,99.87754852146571,1.3102032028200483e-06,7.053240615381082e-07
0.00037117789959002437,99.87769828172809,1.310203373350305e-06,7.053241533399704e-07
0.000371632412416336,99.87784767611919,1.3102032312417577e-06,7.053240768384186e-07
0.0003720869252426479,99.87799670597815,1.310202918602954e-06,7.053239085350043e-07
0.00037254143806895947,99.87814537263753,1.310203572302271e-06,7.053242604421432e-07
0.0003729959508952717,99.87829367742347,1.3102030891332106e-06,7.053240003368667e-07
0.0003734504637215838,99.87844162165563,1.3102032028200483e-06,7.053240615381082e-07
0.00037390497654789663,99.87858920664725,1.3102030891332106e-06,7.053240003368667e-07
0.00037435948937420896,99.87873643370523,1.3102029470246634e-06,7.053239238353147e-07
0.0003748140022005213,99.87888330413011,1.310203572302271e-06,7.053242604421432e-07
0.00037526851502683357,99.87902981921614,1.3102033449285955e-06,7.0532413803966e-07
0.00037572302785314634,99.87917598025136,1.3102025775424408e-06,7.053237249312796e-07
0.000376177540679459,99.87932178851752,1.3102032880851766e-06,7.053241074390393e-07
0.00037663205350577285,99.87946724529023,1.3102030607115012e-06,7.053239850365563e-07
0.00037708656633208567,99.87961235183899,1.3102035438805615e-06,7.053242451418328e-07
0.0003775410791583989,99.87975710942712,1.3102025491207314e-06,7.053237096309693e-07
0.00037799559198471266,99.87990151931191,1.3102028617595352e-06,7.053238779343836e-07
0.0003784501048110261,99.88004558274464,1.3102032028200483e-06,7.053240615381082e-07
0.0003789046176373397,99.88018930097056,1.3102031743983389e-06,7.053240462377978e-07
0.0003793591304636537,99.88033267522896,1.3102028333378257e-06,7.053238626340732e-07
0.00037981364328996774,99.88047570675323,1.3102028049161163e-06,7.053238473337627e-07
0.0003802681561162816,99.88061839677084,1.3102030891332106e-06,7.053240003368667e-07
0.0003807226689425961,99.88076074650343,1.31020311755492e-06,7.05324015637177e-07
0.00038117718176891,99.8809027571668,1.3102032596634672e-06,7.05324092138729e-07
0.00038163169459522477,99.88104442997098,1.3102026912292786e-06,7.053237861325212e-07
0.0003820862074215394,99.88118576612027,1.3102028901812446e-06,7.053238932346939e-07
0.00038254072024785415,99.88132676681317,1.3102026343858597e-06,7.053237555319004e-07
0.00038299523307416935,99.8814674332426,1.3102030322897917e-06,7.053239697362459e-07
0.00038344974590048407,99.88160776659579,1.3102030038680823e-06,7.053239544359355e-07
0.0003839042587267994,99.88174776805432,1.3102032596634672e-06,7.05324092138729e-07
0.00038435877155311416,99.88188743879425,1.310202918602954e-06,7.053239085350043e-07
0.00038481328437942985,99.88202677998602,1.3102029470246634e-06,7.053239238353147e-07
0.0003852677972057455,99.88216579279464,1.3102034017720143e-06,7.053241686402809e-07
0.0003857223100320615,99.88230447837954,1.3102029470246634e-06,7.053239238353147e-07
0.00038617682285837715,99.88244283789476,1.3102030038680823e-06,7.053239544359355e-07
0.0003866313356846927,99.88258087248892,1.3102032880851766e-06,7.053241074390393e-07
0.0003870858485110093,99.8827185833052,1.3102030607115012e-06,7.053239850365563e-07
0.00038754036133732526,99.8828559714815,1.3102027480726974e-06,7.05323816733142e-07
0.0003879948741636416,99.88299303815036,1.3102025775424408e-06,7.053237249312796e-07
0.00038844938698995817,99.88312978443898,1.3102030891332106e-06,7.053240003368667e-07
0.0003889038998162749,99.88326621146935,1.3102030891332106e-06,7.053240003368667e-07
0.0003893584126425913,99.88340232035821,1.3102025491207314e-06,7.053237096309693e-07
0.00038981292546890807,99.88353811221712,1.3102028901812446e-06,7.053238932346939e-07
0.00039026743829522506,99.88367358815242,1.3102033449285955e-06,7.0532413803966e-07
0.0003907219511215422,99.88380874926537,1.3102035438805615e-06,7.053242451418328e-07
0.0003911764639478595,99.88394359665206,1.3102033449285955e-06,7.0532413803966e-07
0.0003916309767741766,99.88407813140353,1.3102030322897917e-06,7.053239697362459e-07
0.00039208548960049396,99.88421235460575,1.3102030891332106e-06,7.053240003368667e-07
0.000392540002426812,99.8843462673397,1.310203316506886e-06,7.053241227393497e-07
0.00039299451525312963,99.8844798706813,1.3102028049161163e-06,7.053238473337627e-07
0.00039344902807944803,99.88461316570158,1.310203373350305e-06,7.053241533399704e-07
0.00039390354090576595,99.88474615346658,1.3102030607115012e-06,7.053239850365563e-07
0.0003943580537320839,99.88487883503745,1.3102030038680823e-06,7.053239544359355e-07
0.0003948125665584024,99.88501121147047,1.3102041407364595e-06,7.053245664483509e-07
0.0003952670793847209,99.88514328381704,1.310203316506886e-06,7.053241227393497e-07
0.00039572159221103935,99.88527505312375,1.3102027764944069e-06,7.053238320334523e-07
0.0003961761050373581,99.88540652043238,1.3102031743983389e-06,7.053240462377978e-07
0.0003966306178636764,99.88553768677998,1.3102034870371426e-06,7.05324214541212e-07
0.0003970851306899962,99.8856685531988,1.31020311755492e-06,7.05324015637177e-07
0.0003975396435163155,99.88579912071643,1.3102036007239803e-06,7.053242757424536e-07
0.00039799415634263435,99.88592939035573,1.3102034870371426e-06,7.05324214541212e-07
0.0003984486691689539,99.88605936313492,1.3102034017720143e-06,7.053241686402809e-07
0.00039890318199527333,99.88618904006756,1.3102033449285955e-06,7.0532413803966e-07
0.0003993576948215927,99.88631842216265,1.310203316506886e-06,7.053241227393497e-07
0.00039981220764791247,99.88644751042455,1.31020311755492e-06,7.05324015637177e-07
0.0004002667204742328,99.8865763058531,1.3102031459766295e-06,7.053240309374874e-07
0.0004007212333005527,99.8867048094436,1.3102026059641503e-06,7.0532374023159e-07
0.0004011757461268729,99.88683302218683,1.3102034870371426e-06,7.05324214541212e-07
0.00040163025895319373,99.88696094506912,1.310202520699022e-06,7.053236943306589e-07
0.0004020847717795141,99.88708857907234,1.310203373350305e-06,7.053241533399704e-07
0.00040253928460583384,99.88721592517388,1.3102036575673992e-06,7.053243063430744e-07
0.00040299379743215534,99.88734298434679,1.3102029470246634e-06,7.053239238353147e-07
0.0004034483102584757,99.88746975755971,1.3102030891332106e-06,7.053240003368667e-07
0.00040390282308479665,99.88759624577692,1.3102036007239803e-06,7.053242757424536e-07
0.00040435733591111863,99.88772244995839,1.3102030322897917e-06,7.053239697362459e-07
0.00040481184873743947,99.88784837105979,1.3102028617595352e-06,7.053238779343836e-07
0.0004052663615637613,99.88797401003244,1.3102030891332106e-06,7.053240003368667e-07
0.0004057208743900824,99.8880993678235,1.3102037428325275e-06,7.053243522440055e-07
0.0004061753872164039,99.88822444537581,1.3102032312417577e-06,7.053240768384186e-07
0.0004066299000427262,99.88834924362807,1.3102036859891086e-06,7.053243216433847e-07
0.0004070844128690478,99.88847376351474,1.310202918602954e-06,7.053239085350043e-07
0.0004075389256953696,99.88859800596613,1.3102030322897917e-06,7.053239697362459e-07
0.00040799343852169226,99.88872197190842,1.310202719650988e-06,7.053238014328316e-07
0.0004084479513480139,99.88884566226368,1.3102028617595352e-06,7.053238779343836e-07
0.000408902464174337,99.88896907794984,1.310203714410818e-06,7.053243369436951e-07
0.0004093569770006596,99.88909221988081,1.3102031743983389e-06,7.053240462377978e-07
0.0004098114898269828,99.88921508896641,1.3102034301937238e-06,7.053241839405913e-07
0.00041026600265330466,99.88933768611248,1.3102033449285955e-06,7.0532413803966e-07
0.00041072051547962795,99.8894600122208,1.3102034017720143e-06,7.053241686402809e-07
0.0004111750283059513,99.88958206818921,1.3102030038680823e-06,7.053239544359355e-07
0.0004116295411322741,99.88970385491156,1.3102028617595352e-06,7.053238779343836e-07
0.000412084053958598,99.88982537327777,1.3102026628075691e-06,7.053237708322109e-07
0.00041253856678492113,99.88994662417386,1.3102028901812446e-06,7.053238932346939e-07
0.0004129930796112452,99.89006760848193,1.3102024070121843e-06,7.053236331294173e-07
0.00041344759243756906,99.89018832708021,1.3102030322897917e-06,7.053239697362459e-07
0.00041390210526389277,99.89030878084309,1.310203373350305e-06,7.053241533399704e-07
0.00041435661809021757,99.89042897064111,1.3102030038680823e-06,7.053239544359355e-07
0.00041481113091654086,99.89054889734102,1.31020311755492e-06,7.05324015637177e-07
0.000415265643742865,99.89066856180574,1.3102029470246634e-06,7.053239238353147e-07
0.0004157201565691896,99.89078796489449,1.3102030891332106e-06,7.053240003368667e-07
0.00041617466939551504,99.89090710746265,1.3102032596634672e-06,7.05324092138729e-07
0.0004166291822218393,99.89102599036195,1.3102028617595352e-06,7.053238779343836e-07
0.0004170836950481647,99.89114461444038,1.3102031743983389e-06,7.053240462377978e-07
0.00041753820787448923,99.89126298054222,1.3102028333378257e-06,7.053238626340732e-07
0.00041799272070081435,99.89138108950813,1.3102033449285955e-06,7.0532413803966e-07
0.00041844723352713975,99.89149894217509,1.3102033449285955e-06,7.0532413803966e-07
0.00041890174635346553,99.89161653937644,1.3102030038680823e-06,7.053239544359355e-07
0.0004193562591797907,99.89173388194196,1.3102032880851766e-06,7.053241074390393e-07
0.0004198107720061166,99.89185097069779,1.3102032028200483e-06,7.053240615381082e-07
0.00042026528483244253,99.89196780646648,1.3102024638556031e-06,7.053236637300381e-07
0.0004207197976587682,99.89208439006714,1.310203316506886e-06,7.053241227393497e-07
0.0004211743104850942,99.89220072231522,1.310203373350305e-06,7.053241533399704e-07
0.0004216288233114213,99.89231680402276,1.3102029470246634e-06,7.053239238353147e-07
0.0004220833361377473,99.89243263599822,1.3102026343858597e-06,7.053237555319004e-07
0.0004225378489640728,99.89254821904663,1.3102028617595352e-06,7.053238779343836e-07
0.00042299236179040055,99.89266355396957,1.3102028617595352e-06,7.053238779343836e-07
0.00042344687461672666,99.89277864156517,1.31020311755492e-06,7.05324015637177e-07
0.0004239013874430543,99.89289348262814,1.3102027764944069e-06,7.053238320334523e-07
0.0004243559002693809,99.8930080779498,1.3102032596634672e-06,7.05324092138729e-07
