0.0,0.0,0.0,0.0,0.0,0.0,0.0,0.0
1.3102101753537099e-06,0.0,0.0,0.0,0.0,0.0,0.0,0.0
0.0,0.0,0.0,0.0,0.0,0.0,0.0,0.0
0.0,0.0,0.0,0.0,0.0,0.0,0.0,0.0
0.0,0.0,0.0,0.0,0.0,0.0,0.0,0.0
0.0,0.0,0.0,0.0,0.0,0.0,0.0,0.0
0.0,0.0,0.0,0.0,0.0,0.0,0.0,0.0
0.0,0.0,0.0,0.0,0.0,0.0,0.0,0.0
0.0,0.0,0.0,0.0,0.0,0.0,0.0,0.0
0.0,0.0,0.0,0.0,0.0,0.0,0.0,0.0
0.0,0.0,0.0,0.0,0.0,0.0,0.0,0.0
0.0,0.0,0.0,0.0,0.0,0.0,0.0,0.0
0.0,0.0,0.0,0.0,0.0,0.0,0.0,0.0
0.0,0.0,0.0,0.0,0.0,0.0,0.0,0.0
0.0,0.0,0.0,0.0,0.0,0.0,0.0,0.0
0.0,0.0,0.0,0.0,0.0,0.0,0.0,0.0
0.0,0.0,0.0,0.0,0.0,0.0,0.0,0.0
0.0,0.0,0.0,0.0,0.0,0.0,0.0,0.0
0.0,0.0,0.0,0.0,0.0,0.0,0.0,0.0
0.0,0.0,0.0,0.0,0.0,0.0,0.0,0.0
0.0,0.0,0.0,0.0,0.0,0.0,0.0,0.0
0.0,0.0,0.0,0.0,0.0,0.0,0.0,0.0
0.0,0.0,0.0,0.0,0.0,0.0,0.0,0.0
0.0,0.0,0.0,0.0,0.0,0.0,0.0,0.0
0.0,0.0,0.0,0.0,0.0,0.0,0.0,0.0
0.0,0.0,0.0,0.0,0.0,0.0,0.0,0.0
0.0,0.0,0.0,0.0,0.0,0.0,0.0,0.0
0.0,0.0,0.0,0.0,0.0,0.0,0.0,0.0
0.0,0.0,0.0,0.0,0.0,0.0,0.0,0.0
0.0,0.0,0.0,0.0,0.0,0.0,0.0,0.0
0.0,0.0,0.0,0.0,0.0,0.0,0.0,0.0
0.0,0.0,0.0,0.0,0.0,0.0,0.0,0.0
0.0,0.0,0.0,0.0,0.0,0.0,0.0,0.0
0.0,0.0,0.0,0.0,0.0,0.0,0.0,0.0
0.0,0.0,0.0,0.0,0.0,0.0,0.0,0.0
0.0,0.0,0.0,0.0,0.0,0.0,0.0,0.0
4.446054635565133e-12,0.0,0.0,0.0,0.0,0.0,0.0,0.0
1.6896040122560407e-11,1.119626984583282e-16,1.3234889800848443e-23,0.0,0.0,0.0,0.0,0.0
1.640892977050612e-11,1.8843886515106348e-16,1.3234889800848443e-23,1.504632769052528e-36,0.0,0.0,0.0,0.0
1.5433876399129076e-11,1.9305660629731474e-16,7.940933880509066e-23,3.618915179919496e-25,0.0,0.0,0.0,0.0
1.4491963185037093e-11,1.9770157657497002e-16,5.293955920339377e-23,2.0679515313825692e-25,0.0,0.0,0.0,0.0
1.3588796754504529e-11,2.0237671867905847e-16,5.293955920339377e-23,4.1359030627651384e-25,0.0,0.0,0.0,0.0
1.2725764886312163e-11,2.0708043863253972e-16,0.0,3.101927297073854e-25,0.0,0.0,0.0,0.0
1.1903755758879697e-11,2.1181122931233768e-16,2.6469779601696886e-22,1.0339757656912846e-24,0.0,0.0,0.0,0.0
1.1123379994870675e-11,2.1656738424484866e-16,4.622231866529366e-33,3.009265538105056e-36,0.0,0.0,0.0,0.0
1.0383471860109239e-11,2.2134715063435467e-16,2.117582368135751e-22,2.0679515313825692e-25,0.0,0.0,0.0,0.0
9.683531754234309e-12,2.261492430421838e-16,3.1763735522036263e-22,1.0339757656912846e-24,0.0,0.0,0.0,0.0
9.024114788758197e-12,2.309725935781652e-16,0.0,6.018531076210112e-36,0.0,0.0,0.0,0.0
8.402945006480422e-12,2.358159403782745e-16,1.0587911840678754e-22,6.203854594147708e-25,0.0,0.0,0.0,0.0
7.819189740132515e-12,2.4067814441480813e-16,2.117582368135751e-22,8.271806125530277e-25,0.0,0.0,0.0,0.0
7.27085058827015e-12,2.455580832036749e-16,2.117582368135751e-22,4.1359030627651384e-25,0.0,0.0,0.0,0.0
6.758371640103178e-12,2.504547070526775e-16,2.117582368135751e-22,1.2037062152420224e-35,0.0,0.0,0.0,0.0
6.279143871523729e-12,2.553670324440676e-16,9.529120656610879e-22,3.7223127564886245e-24,0.0,0.0,0.0,0.0
5.8322791041121036e-12,2.602941213550305e-16,1.0587911840678754e-22,4.1359030627651384e-25,0.0,0.0,0.0,0.0
5.415112802609201e-12,2.6523511682645166e-16,4.235164736271502e-22,4.1359030627651384e-25,0.0,0.0,0.0,0.0
5.027089855502709e-12,2.7018918754181545e-16,4.235164736271502e-22,2.895132143935597e-24,0.0,0.0,0.0,0.0
4.6661563501970704e-12,2.7515557497650016e-16,2.117582368135751e-22,4.1359030627651384e-25,0.0,0.0,0.0,0.0
4.331979219784898e-12,2.801335503843861e-16,6.162975822039155e-33,3.7223127564886245e-24,0.0,0.0,0.0,0.0
4.020950239436161e-12,2.8512244871226083e-16,3.0814879110195774e-33,1.6543612251060553e-24,0.0,0.0,0.0,0.0
3.735012299443952e-12,2.9012165122902613e-16,2.117582368135751e-22,8.271806125530277e-25,0.0,0.0,0.0,0.0
3.4688918404413016e-12,2.951305648461828e-16,4.235164736271502e-22,8.271806125530277e-25,0.0,0.0,0.0,0.0
3.2254199311410048e-12,3.00148646933249e-16,4.235164736271502e-22,2.407412430484045e-35,0.0,0.0,0.0,0.0
3.0009883467130294e-12,3.0517538463824496e-16,1.2705494208814505e-21,2.481541837659083e-24,0.0,0.0,0.0,0.0
2.7936541968642814e-12,3.102103304564593e-16,1.6940658945086007e-21,1.6543612251060553e-24,0.0,0.0,0.0,0.0
2.6028623700824483e-12,3.152530459821673e-16,8.470329472543003e-22,1.6543612251060553e-24,0.0,0.0,0.0,0.0
2.430167178602005e-12,3.2030311597070156e-16,2.964615315390051e-21,5.790264287871194e-24,0.0,0.0,0.0,0.0
2.270350574207214e-12,3.25360158264619e-16,2.117582368135751e-22,1.6543612251060553e-24,0.0,0.0,0.0,0.0
2.1247448245276246e-12,3.304238510906614e-16,8.470329472543003e-22,1.6543612251060553e-24,0.0,0.0,0.0,0.0
1.9927948180509247e-12,3.354938511688745e-16,2.117582368135751e-21,4.963083675318166e-24,0.0,0.0,0.0,0.0
1.8726131756352515e-12,3.405698822209337e-16,4.235164736271502e-22,4.1359030627651384e-24,0.0,0.0,0.0,0.0
1.7633672300121361e-12,3.4565164894336036e-16,8.470329472543003e-22,8.271806125530277e-25,0.0,0.0,0.0,0.0
1.66600067075251e-12,3.507389147624993e-16,1.2705494208814505e-21,7.444625512977249e-24,0.0,0.0,0.0,0.0
1.5760726057578722e-12,3.5583144972214016e-16,0.0,5.790264287871194e-24,0.0,0.0,0.0,0.0
1.1999845561661004e-12,3.609424655510267e-16,8.470329472543003e-22,7.222237291452134e-35,0.0,0.0,0.0,0.0
1.0803580252627398e-12,3.6302530302471277e-16,1.2705494208814505e-21,2.407412430484045e-35,0.0,0.0,0.0,0.0
0.0,3.631062972415715e-16,8.470329472543003e-22,1.6543612251060553e-24,0.0,0.0,0.0,0.0
0.0,3.6318970186273523e-16,0.0,7.222237291452134e-35,0.0,0.0,0.0,0.0
0.0,3.632754474050325e-16,4.235164736271502e-22,2.407412430484045e-35,0.0,0.0,0.0,0.0
0.0,3.6336330970251725e-16,1.232595164407831e-32,3.308722450212111e-24,0.0,0.0,0.0,0.0
0.0,3.634530951949262e-16,4.235164736271502e-22,9.62964972193618e-35,0.0,0.0,0.0,0.0
0.0,3.635446045317317e-16,4.235164736271502e-22,3.308722450212111e-24,0.0,0.0,0.0,0.0
0.0,3.6363767062245006e-16,4.235164736271502e-22,1.6543612251060553e-24,0.0,0.0,0.0,0.0
0.0,3.6373214871047403e-16,4.235164736271502e-22,7.222237291452134e-35,0.0,0.0,0.0,0.0
0.0,3.6382790065664133e-16,4.930380657631324e-32,3.308722450212111e-24,0.0,0.0,0.0,0.0
0.0,3.639248230633754e-16,4.235164736271502e-22,1.6543612251060553e-24,0.0,0.0,0.0,0.0
0.0,3.6402278523613944e-16,0.0,0.0,0.0,0.0,0.0,0.0
0.0,3.641216986666079e-16,1.2705494208814505e-21,1.6543612251060553e-24,0.0,0.0,0.0,0.0
0.0,3.64221469056191e-16,1.2705494208814505e-21,1.6543612251060553e-24,0.0,0.0,0.0,0.0
0.0,3.643220178227305e-16,2.465190328815662e-32,1.6543612251060553e-24,0.0,0.0,0.0,0.0
0.0,3.6442327631023556e-16,8.470329472543003e-22,4.81482486096809e-35,0.0,0.0,0.0,0.0
0.0,3.6452517668989597e-16,8.470329472543003e-22,4.81482486096809e-35,0.0,0.0,0.0,0.0
0.0,3.646276643677913e-16,4.930380657631324e-32,1.6543612251060553e-24,0.0,0.0,0.0,0.0
0.0,3.6473066986075007e-16,1.6940658945086007e-21,1.6543612251060553e-24,0.0,0.0,0.0,0.0
0.0,3.6483416918053454e-16,1.6940658945086007e-21,1.6543612251060553e-24,0.0,0.0,0.0,0.0
0.0,3.6493809863423754e-16,8.470329472543003e-22,1.6543612251060553e-24,0.0,0.0,0.0,0.0
0.0,3.650424350608019e-16,2.465190328815662e-32,1.6543612251060553e-24,0.0,0.0,0.0,0.0
0.0,3.651471412371001e-16,1.6940658945086007e-21,6.617444900424222e-24,0.0,0.0,0.0,0.0
0.0,3.6525217580410147e-16,2.465190328815662e-32,4.963083675318166e-24,0.0,0.0,0.0,0.0
0.0,3.653575164279295e-16,1.6940658945086007e-21,1.6543612251060553e-24,0.0,0.0,0.0,0.0
0.0,3.654631407747076e-16,2.465190328815662e-32,4.963083675318166e-24,0.0,0.0,0.0,0.0
0.0,3.655695873390146e-16,1.6940658945086007e-21,1.6543612251060553e-24,0.0,0.0,0.0,0.0
0.0,3.6567730941582616e-16,4.930380657631324e-32,1.6543612251060553e-24,0.0,0.0,0.0,0.0
0.0,3.657850885681e-16,8.470329472543003e-22,9.62964972193618e-35,0.0,0.0,0.0,0.0
0.0,3.6589292893173914e-16,1.6940658945086007e-21,1.925929944387236e-34,0.0,0.0,0.0,0.0
0.0,3.6600083133392423e-16,2.465190328815662e-32,3.308722450212111e-24,0.0,0.0,0.0,0.0
0.0,3.6610877426795934e-16,4.930380657631324e-32,3.308722450212111e-24,0.0,0.0,0.0,0.0
0.0,3.662167808949016e-16,8.470329472543003e-22,9.62964972193618e-35,0.0,0.0,0.0,0.0
0.0,3.6632483218959696e-16,1.232595164407831e-32,3.308722450212111e-24,0.0,0.0,0.0,0.0
1.2578160735188249e-11,4.2639930973128017e-16,8.470329472543003e-22,3.308722450212111e-24,0.0,0.0,0.0,0.0
0.0,1.508333398472098e-16,8.470329472543003e-22,3.308722450212111e-24,0.0,0.0,0.0,0.0
0.0,2.963758943573681e-16,2.6469779601696886e-23,3.308722450212111e-24,0.0,0.0,0.0,0.0
0.0,2.930989993355852e-16,8.470329472543003e-22,3.101927297073854e-25,0.0,0.0,0.0,0.0
0.0,2.8981673177572377e-16,8.470329472543003e-22,3.308722450212111e-24,0.0,0.0,0.0,0.0
0.0,2.865274654406995e-16,1.6940658945086007e-21,3.308722450212111e-24,0.0,0.0,0.0,0.0
0.0,2.832314352498064e-16,8.470329472543003e-22,3.308722450212111e-24,0.0,0.0,0.0,0.0
0.0,2.7992884468947517e-16,8.470329472543003e-22,2.0679515313825692e-25,0.0,0.0,0.0,0.0
0.0,2.766190510403698e-16,8.470329472543003e-22,3.308722450212111e-24,0.0,0.0,0.0,0.0
0.0,2.7330071757862043e-16,8.470329472543003e-22,6.617444900424222e-24,0.0,0.0,0.0,0.0
0.0,2.6997447461585384e-16,4.235164736271502e-22,2.895132143935597e-24,0.0,0.0,0.0,0.0
0.0,2.6664150584752657e-16,1.6940658945086007e-21,4.963083675318166e-24,0.0,0.0,0.0,0.0
0.0,2.6330199490773463e-16,4.235164736271502e-22,9.926167350636332e-24,0.0,0.0,0.0,0.0
0.0,2.5995613701110256e-16,2.541098841762901e-21,3.308722450212111e-24,0.0,0.0,0.0,0.0
0.0,2.5660404961727736e-16,6.352747104407253e-22,6.617444900424222e-24,0.0,0.0,0.0,0.0
0.0,2.532459171875356e-16,1.6940658945086007e-21,9.926167350636332e-24,0.0,0.0,0.0,0.0
0.0,2.498818356748284e-16,1.6940658945086007e-21,3.308722450212111e-24,0.0,0.0,0.0,0.0
0.0,2.46511917575719e-16,1.6940658945086007e-21,4.1359030627651384e-24,0.0,0.0,0.0,0.0
0.0,2.4313627538677073e-16,4.235164736271502e-22,6.617444900424222e-24,0.0,0.0,0.0,0.0
0.0,2.39755000097851e-16,8.470329472543003e-22,3.308722450212111e-24,0.0,0.0,0.0,0.0
0.0,2.3636818518036897e-16,1.6940658945086007e-21,3.308722450212111e-24,0.0,0.0,0.0,0.0
0.0,2.3297589350005124e-16,1.6940658945086007e-21,3.308722450212111e-24,0.0,0.0,0.0,0.0
0.0,2.2957819454006925e-16,2.541098841762901e-21,9.926167350636332e-24,0.0,0.0,0.0,0.0
0.0,2.261751677097618e-16,2.117582368135751e-21,4.1359030627651384e-24,0.0,0.0,0.0,0.0
0.0,2.227668527137983e-16,1.6940658945086007e-21,5.790264287871194e-24,0.0,0.0,0.0,0.0
0.0,2.1935330331891858e-16,3.3881317890172014e-21,3.308722450212111e-24,0.0,0.0,0.0,0.0
0.0,2.1593455674825018e-16,4.235164736271502e-22,3.308722450212111e-24,0.0,0.0,0.0,0.0
0.0,2.125106518792819e-16,8.470329472543003e-22,5.790264287871194e-24,0.0,0.0,0.0,0.0
0.0,2.0908163172540558e-16,1.6940658945086007e-21,1.4444474582904269e-34,0.0,0.0,0.0,0.0
0.0,2.0564751200305288e-16,1.6940658945086007e-21,1.6543612251060553e-24,0.0,0.0,0.0,0.0
0.0,2.0220832249072585e-16,8.470329472543003e-22,3.308722450212111e-24,0.0,0.0,0.0,0.0
0.0,1.987640789048561e-16,3.3881317890172014e-21,9.926167350636332e-24,0.0,0.0,0.0,0.0
0.0,1.95314801924959e-16,2.117582368135751e-21,4.963083675318166e-24,0.0,0.0,0.0,0.0
0.0,1.918605056131049e-16,8.470329472543003e-22,1.6543612251060553e-24,0.0,0.0,0.0,0.0
0.0,1.8840119989546118e-16,1.6940658945086007e-21,3.308722450212111e-24,0.0,0.0,0.0,0.0
0.0,1.8493687980894417e-16,8.470329472543003e-22,3.308722450212111e-24,0.0,0.0,0.0,0.0
0.0,1.8146756189716612e-16,1.6940658945086007e-21,1.6543612251060553e-24,0.0,0.0,0.0,0.0
0.0,1.8018630793197762e-16,1.6940658945086007e-21,3.308722450212111e-24,0.0,0.0,0.0,0.0
0.0,1.8261358258555016e-16,1.6940658945086007e-21,6.617444900424222e-24,0.0,0.0,0.0,0.0
0.0,1.8266884900381667e-16,1.6940658945086007e-21,3.308722450212111e-24,0.0,0.0,0.0,0.0
0.0,1.8272401533322905e-16,1.6940658945086007e-21,6.617444900424222e-24,0.0,0.0,0.0,0.0
0.0,1.8277920151497614e-16,1.6940658945086007e-21,6.617444900424222e-24,0.0,0.0,0.0,0.0
0.0,1.828344249198508e-16,5.082197683525802e-21,1.6543612251060553e-24,0.0,0.0,0.0,0.0
0.0,1.828896656955183e-16,1.6940658945086007e-21,3.308722450212111e-24,0.0,0.0,0.0,0.0
0.0,1.8294492880506236e-16,2.465190328815662e-32,3.308722450212111e-24,0.0,0.0,0.0,0.0
0.0,1.8300022086592786e-16,1.6940658945086007e-21,3.308722450212111e-24,0.0,0.0,0.0,0.0
0.0,1.8305553195194744e-16,8.470329472543003e-22,1.6543612251060553e-24,0.0,0.0,0.0,0.0
0.0,1.8311086868056601e-16,1.6940658945086007e-21,1.6543612251060553e-24,0.0,0.0,0.0,0.0
0.0,1.8316623436050603e-16,3.3881317890172014e-21,9.62964972193618e-35,0.0,0.0,0.0,0.0
0.0,1.8322161575687768e-16,1.6940658945086007e-21,3.308722450212111e-24,0.0,0.0,0.0,0.0
0.0,1.8327702279584832e-16,3.3881317890172014e-21,3.308722450212111e-24,0.0,0.0,0.0,0.0
0.0,1.833324587861404e-16,8.470329472543003e-22,9.62964972193618e-35,0.0,0.0,0.0,0.0
0.0,1.8338792041903146e-16,1.6940658945086007e-21,6.617444900424222e-24,0.0,0.0,0.0,0.0
0.0,1.8344339694117356e-16,3.3881317890172014e-21,9.926167350636332e-24,0.0,0.0,0.0,0.0
0.0,1.8349889827873403e-16,8.470329472543003e-22,3.308722450212111e-24,0.0,0.0,0.0,0.0
0.0,1.8355443104915777e-16,5.082197683525802e-21,3.308722450212111e-24,0.0,0.0,0.0,0.0
0.0,1.8360997374574887e-16,3.3881317890172014e-21,3.308722450212111e-24,0.0,0.0,0.0,0.0
0.0,1.8366555283828692e-16,3.3881317890172014e-21,6.617444900424222e-24,0.0,0.0,0.0,0.0
0.0,1.8372115591906274e-16,1.6940658945086007e-21,3.308722450212111e-24,0.0,0.0,0.0,0.0
0.0,1.8377677306190897e-16,8.470329472543003e-22,6.617444900424222e-24,0.0,0.0,0.0,0.0
0.0,1.8383242577352153e-16,1.6940658945086007e-21,3.308722450212111e-24,0.0,0.0,0.0,0.0
0.0,1.8388810247337186e-16,5.082197683525802e-21,3.308722450212111e-24,0.0,0.0,0.0,0.0
0.0,1.839437857906671e-16,1.6940658945086007e-21,2.8888949165808538e-34,0.0,0.0,0.0,0.0
0.0,1.8399949888646438e-16,1.6940658945086007e-21,1.3234889800848443e-23,0.0,0.0,0.0,0.0
0.0,1.8405524341512494e-16,8.470329472543003e-22,6.617444900424222e-24,0.0,0.0,0.0,0.0
0.0,1.8411100366021714e-16,1.6940658945086007e-21,3.308722450212111e-24,0.0,0.0,0.0,0.0
0.0,1.8416679616535323e-16,9.860761315262648e-32,3.308722450212111e-24,0.0,0.0,0.0,0.0
0.0,1.842226076956434e-16,1.6940658945086007e-21,1.3234889800848443e-23,0.0,0.0,0.0,0.0
0.0,1.842784390782683e-16,1.6940658945086007e-21,6.617444900424222e-24,0.0,0.0,0.0,0.0
0.0,1.8433429444913093e-16,3.3881317890172014e-21,6.617444900424222e-24,0.0,0.0,0.0,0.0
0.0,1.8439017628977318e-16,3.3881317890172014e-21,6.617444900424222e-24,0.0,0.0,0.0,0.0
0.0,1.8444607880993073e-16,1.6940658945086007e-21,6.617444900424222e-24,0.0,0.0,0.0,0.0
8.212874824664596e-12,2.333297125624453e-16,8.470329472543003e-22,1.3234889800848443e-23,0.0,0.0,0.0,0.0
0.0,1.590960221705836e-16,2.541098841762901e-21,3.308722450212111e-24,0.0,0.0,0.0,0.0
0.0,2.0023995606046915e-16,3.3881317890172014e-21,6.617444900424222e-24,0.0,0.0,0.0,0.0
0.0,2.012538247198305e-16,1.6940658945086007e-21,2.0679515313825692e-25,0.0,0.0,0.0,0.0
0.0,2.0225547095846076e-16,3.3881317890172014e-21,6.617444900424222e-24,0.0,0.0,0.0,0.0
0.0,2.0325169585535635e-16,1.6940658945086007e-21,3.308722450212111e-24,0.0,0.0,0.0,0.0
0.0,2.0424286750588985e-16,1.6940658945086007e-21,6.617444900424222e-24,0.0,0.0,0.0,0.0
0.0,2.0522925557094096e-16,3.1763735522036263e-22,6.617444900424222e-24,0.0,0.0,0.0,0.0
0.0,2.0621050436284628e-16,1.6940658945086007e-21,6.617444900424222e-24,0.0,0.0,0.0,0.0
0.0,2.0718504306562256e-16,8.470329472543003e-22,6.617444900424222e-24,0.0,0.0,0.0,0.0
0.0,2.0815350199089659e-16,2.117582368135751e-22,1.3234889800848443e-23,0.0,0.0,0.0,0.0
0.0,2.0911736427350665e-16,1.6940658945086007e-21,3.308722450212111e-24,0.0,0.0,0.0,0.0
0.0,2.1007688716662326e-16,6.776263578034403e-21,6.617444900424222e-24,0.0,0.0,0.0,0.0
0.0,2.1103233205931999e-16,3.3881317890172014e-21,6.617444900424222e-24,0.0,0.0,0.0,0.0
0.0,2.1198393056216834e-16,1.6940658945086007e-21,3.308722450212111e-24,0.0,0.0,0.0,0.0
0.0,2.1293190187803065e-16,1.6940658945086007e-21,3.308722450212111e-24,0.0,0.0,0.0,0.0
0.0,2.13876448666157e-16,1.6940658945086007e-21,2.8888949165808538e-34,0.0,0.0,0.0,0.0
0.0,2.148177711042556e-16,1.9058241313221758e-21,4.963083675318166e-24,0.0,0.0,0.0,0.0
0.0,2.1575604786333878e-16,3.3881317890172014e-21,6.617444900424222e-24,0.0,0.0,0.0,0.0
0.0,2.166914609231413e-16,1.6940658945086007e-21,3.308722450212111e-24,0.0,0.0,0.0,0.0
0.0,2.1762415255872854e-16,1.6940658945086007e-21,6.617444900424222e-24,0.0,0.0,0.0,0.0
0.0,2.185542956508485e-16,1.6940658945086007e-21,6.617444900424222e-24,0.0,0.0,0.0,0.0
0.0,2.194820109678706e-16,3.3881317890172014e-21,6.617444900424222e-24,0.0,0.0,0.0,0.0
0.0,2.2040745650129187e-16,3.3881317890172014e-21,1.925929944387236e-34,0.0,0.0,0.0,0.0
0.0,2.2133073482150824e-16,3.3881317890172014e-21,1.3234889800848443e-23,0.0,0.0,0.0,0.0
0.0,2.2225200640155857e-16,5.082197683525802e-21,6.617444900424222e-24,0.0,0.0,0.0,0.0
0.0,2.2317135644104593e-16,3.3881317890172014e-21,6.617444900424222e-24,0.0,0.0,0.0,0.0
0.0,2.240889015724367e-16,2.541098841762901e-21,1.3234889800848443e-23,0.0,0.0,0.0,0.0
0.0,2.2500475346511357e-16,3.3881317890172014e-21,6.617444900424222e-24,0.0,0.0,0.0,0.0
0.0,2.2591900310894393e-16,1.6940658945086007e-21,1.3234889800848443e-23,0.0,0.0,0.0,0.0
0.0,2.268317646548523e-16,3.3881317890172014e-21,6.617444900424222e-24,0.0,0.0,0.0,0.0
0.0,2.2774310179574587e-16,1.6940658945086007e-21,6.617444900424222e-24,0.0,0.0,0.0,0.0
0.0,2.2865313447281343e-16,3.3881317890172014e-21,1.3234889800848443e-23,0.0,0.0,0.0,0.0
0.0,2.2956192389742033e-16,3.3881317890172014e-21,6.617444900424222e-24,0.0,0.0,0.0,0.0
0.0,2.304695585778921e-16,1.6940658945086007e-21,6.617444900424222e-24,0.0,0.0,0.0,0.0
0.0,2.3137614273898593e-16,3.3881317890172014e-21,1.3234889800848443e-23,0.0,0.0,0.0,0.0
0.0,2.322817797782784e-16,1.6940658945086007e-21,9.926167350636332e-24,0.0,0.0,0.0,0.0
0.0,2.3628382599277836e-16,5.082197683525802e-21,1.3234889800848443e-23,0.0,0.0,0.0,0.0
0.0,2.387728761488576e-16,8.470329472543003e-22,6.617444900424222e-24,0.0,0.0,0.0,0.0
0.0,2.388447283655864e-16,5.082197683525802e-21,3.308722450212111e-24,0.0,0.0,0.0,0.0
0.0,2.3891639860258044e-16,5.082197683525802e-21,6.617444900424222e-24,0.0,0.0,0.0,0.0
0.0,2.389881035811602e-16,1.6940658945086007e-21,6.617444900424222e-24,0.0,0.0,0.0,0.0
0.0,2.3905983337515836e-16,1.6940658945086007e-21,6.617444900424222e-24,0.0,0.0,0.0,0.0
0.0,2.3913159791074223e-16,3.3881317890172014e-21,3.308722450212111e-24,0.0,0.0,0.0,0.0
0.0,2.3920338478020265e-16,4.930380657631324e-32,6.617444900424222e-24,0.0,0.0,0.0,0.0
0.0,2.3927520887279063e-16,1.6940658945086007e-21,6.617444900424222e-24,0.0,0.0,0.0,0.0
0.0,2.39347057780797e-16,1.6940658945086007e-21,1.9852334701272664e-23,0.0,0.0,0.0,0.0
0.0,2.394189430847503e-16,1.6940658945086007e-21,1.3234889800848443e-23,0.0,0.0,0.0,0.0
0.0,2.3949085899438626e-16,1.6940658945086007e-21,6.617444900424222e-24,0.0,0.0,0.0,0.0
0.0,2.3956279392917633e-16,5.082197683525802e-21,6.617444900424222e-24,0.0,0.0,0.0,0.0
0.0,2.396347636055521e-16,1.6940658945086007e-21,1.9852334701272664e-23,0.0,0.0,0.0,0.0
0.0,2.397067663691524e-16,1.6940658945086007e-21,6.617444900424222e-24,0.0,0.0,0.0,0.0
0.0,2.39778789812268e-16,1.6940658945086007e-21,1.9852334701272664e-23,0.0,0.0,0.0,0.0
0.0,2.398508595774979e-16,5.082197683525802e-21,6.617444900424222e-24,0.0,0.0,0.0,0.0
0.0,2.399229475407013e-16,3.3881317890172014e-21,6.617444900424222e-24,0.0,0.0,0.0,0.0
0.0,2.3999507189985164e-16,3.3881317890172014e-21,1.3234889800848443e-23,0.0,0.0,0.0,0.0
0.0,2.4006722024723974e-16,3.3881317890172014e-21,1.3234889800848443e-23,0.0,0.0,0.0,0.0
0.0,2.401394000274911e-16,3.3881317890172014e-21,1.3234889800848443e-23,0.0,0.0,0.0,0.0
0.0,2.402116062775221e-16,2.541098841762901e-21,6.617444900424222e-24,0.0,0.0,0.0,0.0
0.0,2.4028384975068064e-16,3.3881317890172014e-21,6.617444900424222e-24,0.0,0.0,0.0,0.0
0.0,2.403561139033545e-16,1.6940658945086007e-21,1.9852334701272664e-23,0.0,0.0,0.0,0.0
0.0,2.404284144519753e-16,3.3881317890172014e-21,1.3234889800848443e-23,0.0,0.0,0.0,0.0
0.0,2.4050074229755633e-16,3.3881317890172014e-21,6.617444900424222e-24,0.0,0.0,0.0,0.0
0.0,2.4057310157600063e-16,6.776263578034403e-21,1.3234889800848443e-23,0.0,0.0,0.0,0.0
0.0,2.406454864970439e-16,3.3881317890172014e-21,1.3234889800848443e-23,0.0,0.0,0.0,0.0
0.0,2.407179086412148e-16,1.6940658945086007e-21,6.617444900424222e-24,0.0,0.0,0.0,0.0
0.0,2.40790355600804e-16,6.776263578034403e-21,6.617444900424222e-24,0.0,0.0,0.0,0.0
0.0,2.4086283730197897e-16,6.776263578034403e-21,6.617444900424222e-24,0.0,0.0,0.0,0.0
0.0,2.4093534050984985e-16,3.3881317890172014e-21,1.3234889800848443e-23,0.0,0.0,0.0,0.0
0.0,2.4100787763212585e-16,3.3881317890172014e-21,1.9852334701272664e-23,0.0,0.0,0.0,0.0
0.0,2.410804437057233e-16,3.3881317890172014e-21,1.3234889800848443e-23,0.0,0.0,0.0,0.0
0.0,2.4115304369372585e-16,3.3881317890172014e-21,1.3234889800848443e-23,0.0,0.0,0.0,0.0
5.2690074525685304e-12,2.9184178737490056e-16,3.3881317890172014e-21,1.3234889800848443e-23,0.0,0.0,0.0,0.0
0.0,1.1748282541047428e-16,6.776263578034403e-21,6.617444900424222e-24,0.0,0.0,0.0,0.0
0.0,2.314775989226574e-16,3.3881317890172014e-21,6.617444900424222e-24,0.0,0.0,0.0,0.0
0.0,2.315500897228191e-16,3.3881317890172014e-21,1.9852334701272664e-23,0.0,0.0,0.0,0.0
0.0,2.316151028102433e-16,5.082197683525802e-21,1.9852334701272664e-23,0.0,0.0,0.0,0.0
0.0,2.31674203210649e-16,3.3881317890172014e-21,6.617444900424222e-24,0.0,0.0,0.0,0.0
0.0,2.317277292409067e-16,6.776263578034403e-21,1.3234889800848443e-23,0.0,0.0,0.0,0.0
0.0,2.317759637967859e-16,3.3881317890172014e-21,1.9852334701272664e-23,0.0,0.0,0.0,0.0
0.0,2.3181868105797935e-16,6.776263578034403e-21,1.3234889800848443e-23,0.0,0.0,0.0,0.0
0.0,2.3185413071031093e-16,3.3881317890172014e-21,1.3234889800848443e-23,0.0,0.0,0.0,0.0
0.0,2.318828206426767e-16,1.6940658945086007e-21,6.617444900424222e-24,0.0,0.0,0.0,0.0
0.0,2.319063241526018e-16,3.3881317890172014e-21,1.3234889800848443e-23,0.0,0.0,0.0,0.0
0.0,2.319249199999526e-16,3.3881317890172014e-21,6.617444900424222e-24,0.0,0.0,0.0,0.0
0.0,2.3193882656041084e-16,5.082197683525802e-21,6.617444900424222e-24,0.0,0.0,0.0,0.0
0.0,2.3194827544454804e-16,3.3881317890172014e-21,1.3234889800848443e-23,0.0,0.0,0.0,0.0
0.0,2.3195347675623977e-16,3.3881317890172014e-21,1.3234889800848443e-23,0.0,0.0,0.0,0.0
0.0,2.3195462984601367e-16,3.3881317890172014e-21,1.9852334701272664e-23,0.0,0.0,0.0,0.0
0.0,2.319518893966443e-16,1.0164395367051604e-20,1.9852334701272664e-23,0.0,0.0,0.0,0.0
0.0,2.319454646848266e-16,5.082197683525802e-21,1.3234889800848443e-23,0.0,0.0,0.0,0.0
0.0,2.3193547813329123e-16,3.3881317890172014e-21,1.3234889800848443e-23,0.0,0.0,0.0,0.0
0.0,2.319220811160903e-16,3.3881317890172014e-21,1.9852334701272664e-23,0.0,0.0,0.0,0.0
0.0,2.319054266616372e-16,6.776263578034403e-21,4.1359030627651384e-24,0.0,0.0,0.0,0.0
0.0,2.318856330567594e-16,3.3881317890172014e-21,1.3234889800848443e-23,0.0,0.0,0.0,0.0
0.0,2.3186282272418763e-16,6.776263578034403e-21,1.3234889800848443e-23,0.0,0.0,0.0,0.0
0.0,2.318371288400005e-16,6.776263578034403e-21,1.9852334701272664e-23,0.0,0.0,0.0,0.0
0.0,2.318086423940654e-16,1.6940658945086007e-21,6.617444900424222e-24,0.0,0.0,0.0,0.0
0.0,2.3177746347523645e-16,3.3881317890172014e-21,1.3234889800848443e-23,0.0,0.0,0.0,0.0
0.0,2.317436896908259e-16,3.3881317890172014e-21,6.617444900424222e-24,0.0,0.0,0.0,0.0
0.0,2.317074128578818e-16,3.3881317890172014e-21,1.3234889800848443e-23,0.0,0.0,0.0,0.0
0.0,2.3166873802834187e-16,3.3881317890172014e-21,6.617444900424222e-24,0.0,0.0,0.0,0.0
0.0,2.316277156602235e-16,1.6940658945086007e-21,1.3234889800848443e-23,0.0,0.0,0.0,0.0
0.0,2.3158445163264516e-16,6.776263578034403e-21,1.3234889800848443e-23,0.0,0.0,0.0,0.0
0.0,2.315389930949017e-16,3.3881317890172014e-21,6.617444900424222e-24,0.0,0.0,0.0,0.0
0.0,2.314914252465962e-16,3.8116482626443515e-21,1.3234889800848443e-23,0.0,0.0,0.0,0.0
0.0,2.3144180929909407e-16,3.3881317890172014e-21,1.3234889800848443e-23,0.0,0.0,0.0,0.0
0.0,2.313902279704565e-16,6.776263578034403e-21,1.3234889800848443e-23,0.0,0.0,0.0,0.0
0.0,2.313367763864539e-16,6.776263578034403e-21,1.3234889800848443e-23,0.0,0.0,0.0,0.0
0.0,2.3401489935104746e-16,1.0164395367051604e-20,1.9852334701272664e-23,0.0,0.0,0.0,0.0
0.0,2.365489423421853e-16,6.776263578034403e-21,1.9852334701272664e-23,0.0,0.0,0.0,0.0
0.0,2.3662067875362833e-16,6.776263578034403e-21,3.308722450212111e-24,0.0,0.0,0.0,0.0
0.0,2.366921397139274e-16,3.3881317890172014e-21,1.3234889800848443e-23,0.0,0.0,0.0,0.0
0.0,2.3676363127990913e-16,6.776263578034403e-21,6.617444900424222e-24,0.0,0.0,0.0,0.0
0.0,2.3683514683412863e-16,3.3881317890172014e-21,1.3234889800848443e-23,0.0,0.0,0.0,0.0
0.0,2.369066987842951e-16,3.3881317890172014e-21,1.3234889800848443e-23,0.0,0.0,0.0,0.0
0.0,2.3697827885860235e-16,1.6940658945086007e-21,1.3234889800848443e-23,0.0,0.0,0.0,0.0
0.0,2.370498895385923e-16,3.3881317890172014e-21,1.3234889800848443e-23,0.0,0.0,0.0,0.0
0.0,2.3712152255245877e-16,3.3881317890172014e-21,1.3234889800848443e-23,0.0,0.0,0.0,0.0
0.0,2.3719318948073037e-16,3.3881317890172014e-21,6.617444900424222e-24,0.0,0.0,0.0,0.0
0.0,2.3726488949622647e-16,3.3881317890172014e-21,1.3234889800848443e-23,0.0,0.0,0.0,0.0
0.0,2.373366192902246e-16,3.3881317890172014e-21,1.925929944387236e-34,0.0,0.0,0.0,0.0
0.0,2.3740837389964114e-16,1.6940658945086007e-21,1.3234889800848443e-23,0.0,0.0,0.0,0.0
0.0,2.374801582875597e-16,3.3881317890172014e-21,6.617444900424222e-24,0.0,0.0,0.0,0.0
0.0,2.3755197410834157e-16,3.3881317890172014e-21,2.6469779601696886e-23,0.0,0.0,0.0,0.0
0.0,2.376238205348061e-16,6.776263578034403e-21,2.6469779601696886e-23,0.0,0.0,0.0,0.0
0.0,2.3769568846796653e-16,3.3881317890172014e-21,2.6469779601696886e-23,0.0,0.0,0.0,0.0
0.0,2.3776759362425454e-16,3.3881317890172014e-21,6.617444900424222e-24,0.0,0.0,0.0,0.0
0.0,2.3783953104058644e-16,3.3881317890172014e-21,1.3234889800848443e-23,0.0,0.0,0.0,0.0
0.0,2.379114924451561e-16,6.776263578034403e-21,1.3234889800848443e-23,0.0,0.0,0.0,0.0
0.0,2.3798347866514414e-16,6.776263578034403e-21,2.6469779601696886e-23,0.0,0.0,0.0,0.0
0.0,2.380555054169822e-16,1.3552527156068805e-20,1.9852334701272664e-23,0.0,0.0,0.0,0.0
0.0,2.3812755202115495e-16,3.3881317890172014e-21,1.3234889800848443e-23,0.0,0.0,0.0,0.0
0.0,2.381996375028165e-16,3.3881317890172014e-21,1.3234889800848443e-23,0.0,0.0,0.0,0.0
0.0,2.382717387009097e-16,6.776263578034403e-21,1.3234889800848443e-23,0.0,0.0,0.0,0.0
0.0,2.3834387877649166e-16,1.4791141972893971e-31,1.3234889800848443e-23,0.0,0.0,0.0,0.0
0.0,2.3841604780339507e-16,6.776263578034403e-21,1.3234889800848443e-23,0.0,0.0,0.0,0.0
0.0,2.384882383369944e-16,3.3881317890172014e-21,2.6469779601696886e-23,0.0,0.0,0.0,0.0
0.0,2.385604660937213e-16,6.776263578034403e-21,1.3234889800848443e-23,0.0,0.0,0.0,0.0
0.0,2.386327261104921e-16,3.3881317890172014e-21,1.3234889800848443e-23,0.0,0.0,0.0,0.0
0.0,2.387050109426813e-16,1.0164395367051604e-20,1.9852334701272664e-23,0.0,0.0,0.0,0.0
0.0,2.387773247261919e-16,5.082197683525802e-21,1.3234889800848443e-23,0.0,0.0,0.0,0.0
0.0,2.3884966746102395e-16,6.776263578034403e-21,2.6469779601696886e-23,0.0,0.0,0.0,0.0
0.0,2.389220449374417e-16,3.3881317890172014e-21,1.3234889800848443e-23,0.0,0.0,0.0,0.0
3.461675390781238e-12,2.9037340943872093e-16,6.776263578034403e-21,1.3234889800848443e-23,0.0,0.0,0.0,0.0
0.0,1.539288333334792e-16,1.0164395367051604e-20,1.9852334701272664e-23,0.0,0.0,0.0,0.0
0.0,2.316578821099827e-16,2.541098841762901e-21,1.3234889800848443e-23,0.0,0.0,0.0,0.0
0.0,2.3182765596762555e-16,6.776263578034403e-21,1.3234889800848443e-23,0.0,0.0,0.0,0.0
0.0,2.3198825639227517e-16,1.0164395367051604e-20,1.3234889800848443e-23,0.0,0.0,0.0,0.0
0.0,2.3214289201752767e-16,3.3881317890172014e-21,2.6469779601696886e-23,0.0,0.0,0.0,0.0
0.0,2.3229192514849135e-16,2.117582368135751e-22,1.3234889800848443e-23,0.0,0.0,0.0,0.0
0.0,2.3243562710040713e-16,1.0164395367051604e-20,6.617444900424222e-24,0.0,0.0,0.0,0.0
0.0,2.325739374890903e-16,6.776263578034403e-21,2.6469779601696886e-23,0.0,0.0,0.0,0.0
0.0,2.3270491574882377e-16,1.0164395367051604e-20,1.3234889800848443e-23,0.0,0.0,0.0,0.0
0.0,2.3282897546991386e-16,3.3881317890172014e-21,2.6469779601696886e-23,0.0,0.0,0.0,0.0
0.0,2.329478256075061e-16,6.776263578034403e-21,1.3234889800848443e-23,0.0,0.0,0.0,0.0
0.0,2.330617399583832e-16,5.082197683525802e-21,2.6469779601696886e-23,0.0,0.0,0.0,0.0
0.0,2.331709608864647e-16,3.3881317890172014e-21,1.3234889800848443e-23,0.0,0.0,0.0,0.0
0.0,2.3327571586641905e-16,6.776263578034403e-21,1.3234889800848443e-23,0.0,0.0,0.0,0.0
0.0,2.333762207923861e-16,3.3881317890172014e-21,6.617444900424222e-24,0.0,0.0,0.0,0.0
0.0,2.3347267005180976e-16,3.3881317890172014e-21,6.617444900424222e-24,0.0,0.0,0.0,0.0
0.0,2.335652472787861e-16,6.776263578034403e-21,1.3234889800848443e-23,0.0,0.0,0.0,0.0
0.0,2.336541270084243e-16,1.6940658945086007e-21,1.3234889800848443e-23,0.0,0.0,0.0,0.0
0.0,2.3373946557786016e-16,1.0164395367051604e-20,1.3234889800848443e-23,0.0,0.0,0.0,0.0
0.0,2.338214284232162e-16,3.3881317890172014e-21,1.3234889800848443e-23,0.0,0.0,0.0,0.0
0.0,2.339001330041394e-16,1.0164395367051604e-20,1.3234889800848443e-23,0.0,0.0,0.0,0.0
0.0,2.3397572573159817e-16,3.3881317890172014e-21,1.3234889800848443e-23,0.0,0.0,0.0,0.0
0.0,2.340483497078385e-16,1.6940658945086007e-21,1.3234889800848443e-23,0.0,0.0,0.0,0.0
0.0,2.341181000586308e-16,3.3881317890172014e-21,1.3234889800848443e-23,0.0,0.0,0.0,0.0
0.0,2.3418509258926086e-16,3.3881317890172014e-21,1.3234889800848443e-23,0.0,0.0,0.0,0.0
0.0,2.3424941911677665e-16,1.0164395367051604e-20,1.3234889800848443e-23,0.0,0.0,0.0,0.0
0.0,2.3431120950853436e-16,6.776263578034403e-21,1.3234889800848443e-23,0.0,0.0,0.0,0.0
0.0,2.3437054648259524e-16,3.3881317890172014e-21,1.3234889800848443e-23,0.0,0.0,0.0,0.0
0.0,2.3442750531239503e-16,6.776263578034403e-21,2.6469779601696886e-23,0.0,0.0,0.0,0.0
0.0,2.344821819508848e-16,6.776263578034403e-21,2.6469779601696886e-23,0.0,0.0,0.0,0.0
0.0,2.345346624248482e-16,3.3881317890172014e-21,1.3234889800848443e-23,0.0,0.0,0.0,0.0
0.0,2.345850054641088e-16,6.776263578034403e-21,6.617444900424222e-24,0.0,0.0,0.0,0.0
0.0,2.3463328386056046e-16,3.3881317890172014e-21,2.6469779601696886e-23,0.0,0.0,0.0,0.0
0.0,2.3467959439433486e-16,3.8116482626443515e-21,1.3234889800848443e-23,0.0,0.0,0.0,0.0
0.0,2.347239643623922e-16,3.3881317890172014e-21,1.3234889800848443e-23,0.0,0.0,0.0,0.0
0.0,2.3476649550794784e-16,1.6940658945086007e-21,1.3234889800848443e-23,0.0,0.0,0.0,0.0
2.0851653736997378e-12,2.3482796247208604e-16,6.776263578034403e-21,2.6469779601696886e-23,0.0,0.0,0.0,0.0
2.0973778269706145e-12,2.3489638271645337e-16,6.776263578034403e-21,1.3234889800848443e-23,0.0,0.0,0.0,0.0
2.0347057372305244e-12,2.3496403533721224e-16,1.0164395367051604e-20,3.970466940254533e-23,0.0,0.0,0.0,0.0
1.9718671140367405e-12,2.350316606610109e-16,6.776263578034403e-21,1.3234889800848443e-23,0.0,0.0,0.0,0.0
1.9113044480434382e-12,2.350993935182892e-16,6.776263578034403e-21,1.9852334701272664e-23,0.0,0.0,0.0,0.0
1.8521850719821487e-12,2.3516712472120626e-16,5.082197683525802e-21,1.3234889800848443e-23,0.0,0.0,0.0,0.0
1.795619208877497e-12,2.3523488404826415e-16,3.3881317890172014e-21,1.3234889800848443e-23,0.0,0.0,0.0,0.0
1.7417178810319456e-12,2.3530266322765675e-16,6.776263578034403e-21,1.3234889800848443e-23,0.0,0.0,0.0,0.0
1.6904810884454946e-12,2.3537047549427385e-16,3.3881317890172014e-21,1.3234889800848443e-23,0.0,0.0,0.0,0.0
1.6404655411861313e-12,2.3543830926758687e-16,3.3881317890172014e-21,3.970466940254533e-23,0.0,0.0,0.0,0.0
1.5922263507661683e-12,2.3550617199222133e-16,6.776263578034403e-21,1.3234889800848443e-23,0.0,0.0,0.0,0.0
1.5466516956053056e-12,2.355740553963711e-16,3.3881317890172014e-21,2.6469779601696886e-23,0.0,0.0,0.0,0.0
1.502187263469068e-12,2.35641972714926e-16,3.3881317890172014e-21,1.9852334701272664e-23,0.0,0.0,0.0,0.0
1.4607204334993185e-12,2.357099107129962e-16,1.6940658945086007e-21,1.3234889800848443e-23,0.0,0.0,0.0,0.0
1.4202528042517315e-12,2.357778685634011e-16,6.776263578034403e-21,1.3234889800848443e-23,0.0,0.0,0.0,0.0
1.381394998389851e-12,2.35845852056405e-16,3.3881317890172014e-21,2.6469779601696886e-23,0.0,0.0,0.0,0.0
1.3439804824599833e-12,2.359138760812589e-16,3.3881317890172014e-21,1.3234889800848443e-23,0.0,0.0,0.0,0.0
1.3077317007059719e-12,2.359819183040863e-16,1.6940658945086007e-21,2.6469779601696886e-23,0.0,0.0,0.0,0.0
1.274369498815986e-12,2.3604998451515146e-16,6.776263578034403e-21,1.3234889800848443e-23,0.0,0.0,0.0,0.0
1.2411183192284625e-12,2.3611808050471866e-16,6.776263578034403e-21,1.3234889800848443e-23,0.0,0.0,0.0,0.0
1.2091994072704892e-12,2.361862037912461e-16,6.776263578034403e-21,2.6469779601696886e-23,0.0,0.0,0.0,0.0
1.1786127629420662e-12,2.3625434941165003e-16,6.776263578034403e-21,6.617444900424222e-24,0.0,0.0,0.0,0.0
1.1487477635796495e-12,2.3632251902029175e-16,3.3881317890172014e-21,1.3234889800848443e-23,0.0,0.0,0.0,0.0
1.1211587214177143e-12,2.3639071923461614e-16,5.082197683525802e-21,1.3234889800848443e-23,0.0,0.0,0.0,0.0
1.0930700788946979e-12,2.3645894674590074e-16,3.3881317890172014e-21,2.6469779601696886e-23,0.0,0.0,0.0,0.0
1.0662581928500003e-12,2.365271990726037e-16,3.3881317890172014e-21,2.6469779601696886e-23,0.0,0.0,0.0,0.0
1.0411671524934718e-12,2.3659548035062813e-16,6.776263578034403e-21,1.3234889800848443e-23,0.0,0.0,0.0,0.0
1.0169087794054121e-12,2.366637856168903e-16,6.776263578034403e-21,2.6469779601696886e-23,0.0,0.0,0.0,0.0
0.0,2.367321173529321e-16,1.0164395367051604e-20,2.6469779601696886e-23,0.0,0.0,0.0,0.0
0.0,2.3680047473157286e-16,3.3881317890172014e-21,1.3234889800848443e-23,0.0,0.0,0.0,0.0
0.0,2.368688627158963e-16,6.776263578034403e-21,1.3234889800848443e-23,0.0,0.0,0.0,0.0
0.0,2.369372746884575e-16,6.776263578034403e-21,1.3234889800848443e-23,0.0,0.0,0.0,0.0
0.0,2.3700571147643706e-16,6.776263578034403e-21,3.3087224502121107e-23,0.0,0.0,0.0,0.0
0.0,2.3707418300600236e-16,3.3881317890172014e-21,2.6469779601696886e-23,0.0,0.0,0.0,0.0
0.0,2.3714267438790237e-16,5.082197683525802e-21,5.293955920339377e-23,0.0,0.0,0.0,0.0
2.50804932377946e-12,2.9483205935135017e-16,6.776263578034403e-21,1.3234889800848443e-23,0.0,0.0,0.0,0.0
0.0,1.3690061235747079e-16,1.3552527156068805e-20,1.3234889800848443e-23,0.0,0.0,0.0,0.0
0.0,2.353068892934063e-16,3.3881317890172014e-21,1.3234889800848443e-23,0.0,0.0,0.0,0.0
0.0,2.354773282042616e-16,6.776263578034403e-21,1.3234889800848443e-23,0.0,0.0,0.0,0.0
0.0,2.3563837117053894e-16,6.776263578034403e-21,1.3234889800848443e-23,0.0,0.0,0.0,0.0
0.0,2.357933542116487e-16,3.3881317890172014e-21,1.3234889800848443e-23,0.0,0.0,0.0,0.0
0.0,2.359426437686023e-16,1.3552527156068805e-20,2.6469779601696886e-23,0.0,0.0,0.0,0.0
0.0,2.360865334905171e-16,3.3881317890172014e-21,2.6469779601696886e-23,0.0,0.0,0.0,0.0
0.0,2.3622509286056464e-16,1.3552527156068805e-20,2.6469779601696886e-23,0.0,0.0,0.0,0.0
0.0,2.3635624400104615e-16,3.3881317890172014e-21,1.3234889800848443e-23,0.0,0.0,0.0,0.0
0.0,2.3648023258460356e-16,3.3881317890172014e-21,2.6469779601696886e-23,0.0,0.0,0.0,0.0
0.0,2.3659894210149166e-16,1.6940658945086007e-21,1.3234889800848443e-23,0.0,0.0,0.0,0.0
0.0,2.367126521387575e-16,6.776263578034403e-21,1.3234889800848443e-23,0.0,0.0,0.0,0.0
0.0,2.3682159430697256e-16,3.3881317890172014e-21,1.3234889800848443e-23,0.0,0.0,0.0,0.0
0.0,2.369260134515982e-16,3.3881317890172014e-21,2.6469779601696886e-23,0.0,0.0,0.0,0.0
0.0,2.370261147134263e-16,6.776263578034403e-21,2.6469779601696886e-23,0.0,0.0,0.0,0.0
0.0,2.371220908255396e-16,6.776263578034403e-21,2.6469779601696886e-23,0.0,0.0,0.0,0.0
0.0,2.372141452743688e-16,6.776263578034403e-21,1.9852334701272664e-23,0.0,0.0,0.0,0.0
0.0,2.3730246169400985e-16,1.0164395367051604e-20,2.6469779601696886e-23,0.0,0.0,0.0,0.0
0.0,2.3738717491490263e-16,6.776263578034403e-21,1.3234889800848443e-23,0.0,0.0,0.0,0.0
0.0,2.3746845202753086e-16,6.776263578034403e-21,2.6469779601696886e-23,0.0,0.0,0.0,0.0
0.0,2.3754644440594665e-16,6.776263578034403e-21,1.3234889800848443e-23,0.0,0.0,0.0,0.0
0.0,2.3762127447288065e-16,1.0164395367051604e-20,3.970466940254533e-23,0.0,0.0,0.0,0.0
0.0,2.3769308533057883e-16,1.0164395367051604e-20,1.3234889800848443e-23,0.0,0.0,0.0,0.0
0.0,2.3776197872225653e-16,1.0164395367051604e-20,2.6469779601696886e-23,0.0,0.0,0.0,0.0
0.0,2.378280745891026e-16,1.0164395367051604e-20,2.6469779601696886e-23,0.0,0.0,0.0,0.0
0.0,2.3789149700820886e-16,3.3881317890172014e-21,1.3234889800848443e-23,0.0,0.0,0.0,0.0
0.0,2.379523063637601e-16,1.3552527156068805e-20,2.6469779601696886e-23,0.0,0.0,0.0,0.0
0.0,2.380106391405573e-16,2.0328790734103208e-20,1.3234889800848443e-23,0.0,0.0,0.0,0.0
0.0,2.380665697848557e-16,6.776263578034403e-21,1.3234889800848443e-23,0.0,0.0,0.0,0.0
0.0,2.381201810147165e-16,3.3881317890172014e-21,1.3234889800848443e-23,0.0,0.0,0.0,0.0
0.0,2.381715588569234e-16,6.776263578034403e-21,2.6469779601696886e-23,0.0,0.0,0.0,0.0
0.0,2.3822076783156417e-16,1.0164395367051604e-20,1.3234889800848443e-23,0.0,0.0,0.0,0.0
0.0,2.382678906567001e-16,3.3881317890172014e-21,1.3234889800848443e-23,0.0,0.0,0.0,0.0
0.0,2.3831300674166996e-16,6.776263578034403e-21,2.6469779601696886e-23,0.0,0.0,0.0,0.0
0.0,2.383561516552401e-16,3.3881317890172014e-21,3.970466940254533e-23,0.0,0.0,0.0,0.0
0.0,2.383974221775422e-16,6.776263578034403e-21,2.6469779601696886e-23,0.0,0.0,0.0,0.0
0.0,2.3846098604453324e-16,5.082197683525802e-21,2.6469779601696886e-23,0.0,0.0,0.0,0.0
0.0,2.3852966106052923e-16,6.776263578034403e-21,2.6469779601696886e-23,0.0,0.0,0.0,0.0
0.0,2.3859814003472005e-16,6.776263578034403e-21,1.3234889800848443e-23,0.0,0.0,0.0,0.0
0.0,2.3866664961459353e-16,3.3881317890172014e-21,1.3234889800848443e-23,0.0,0.0,0.0,0.0
0.0,2.387351798739823e-16,1.0164395367051604e-20,1.9852334701272664e-23,0.0,0.0,0.0,0.0
0.0,2.388037432205956e-16,3.3881317890172014e-21,1.3234889800848443e-23,0.0,0.0,0.0,0.0
0.0,2.3887233055544668e-16,3.3881317890172014e-21,1.3234889800848443e-23,0.0,0.0,0.0,0.0
0.0,2.3894094601443856e-16,6.776263578034403e-21,1.3234889800848443e-23,0.0,0.0,0.0,0.0
0.0,2.3900959373347434e-16,3.3881317890172014e-21,2.6469779601696886e-23,0.0,0.0,0.0,0.0
0.0,2.3907826213202543e-16,6.776263578034403e-21,1.3234889800848443e-23,0.0,0.0,0.0,0.0
0.0,2.3914695865471734e-16,3.3881317890172014e-21,2.6469779601696886e-23,0.0,0.0,0.0,0.0
0.0,2.392156915733562e-16,1.0164395367051604e-20,2.6469779601696886e-23,0.0,0.0,0.0,0.0
0.0,2.392844402084267e-16,6.776263578034403e-21,1.3234889800848443e-23,0.0,0.0,0.0,0.0
0.0,2.393532211035411e-16,1.6940658945086007e-20,2.6469779601696886e-23,0.0,0.0,0.0,0.0
0.0,2.3942203177715756e-16,6.776263578034403e-21,3.970466940254533e-23,0.0,0.0,0.0,0.0
0.0,2.394908730564567e-16,3.3881317890172014e-21,1.3234889800848443e-23,0.0,0.0,0.0,0.0
0.0,2.395597283978262e-16,6.776263578034403e-21,1.3234889800848443e-23,0.0,0.0,0.0,0.0
0.0,2.396286284069488e-16,1.0164395367051604e-20,1.3234889800848443e-23,0.0,0.0,0.0,0.0
0.0,2.3969754495968366e-16,1.0164395367051604e-20,2.6469779601696886e-23,0.0,0.0,0.0,0.0
0.0,2.3976649129092057e-16,1.0164395367051604e-20,1.3234889800848443e-23,0.0,0.0,0.0,0.0
0.0,2.3983546905502076e-16,6.776263578034403e-21,2.6469779601696886e-23,0.0,0.0,0.0,0.0
0.0,2.399044691529975e-16,6.776263578034403e-21,1.3234889800848443e-23,0.0,0.0,0.0,0.0
0.0,2.399734957207538e-16,6.776263578034403e-21,1.3234889800848443e-23,0.0,0.0,0.0,0.0
0.0,2.4004255785727647e-16,6.776263578034403e-21,2.6469779601696886e-23,0.0,0.0,0.0,0.0
0.0,2.4011164232767567e-16,6.776263578034403e-21,1.9852334701272664e-23,0.0,0.0,0.0,0.0
0.0,2.401807549222157e-16,6.776263578034403e-21,2.6469779601696886e-23,0.0,0.0,0.0,0.0
0.0,2.4024990308552207e-16,3.3881317890172014e-21,3.970466940254533e-23,0.0,0.0,0.0,0.0
0.0,2.4031906613807947e-16,6.776263578034403e-21,2.6469779601696886e-23,0.0,0.0,0.0,0.0
0.0,2.4038826724094504e-16,6.776263578034403e-21,1.3234889800848443e-23,0.0,0.0,0.0,0.0
0.0,2.40457493159229e-16,6.776263578034403e-21,1.3234889800848443e-23,0.0,0.0,0.0,0.0
0.0,2.4052674554729255e-16,3.3881317890172014e-21,2.6469779601696886e-23,0.0,0.0,0.0,0.0
0.0,2.4059602605949693e-16,6.776263578034403e-21,3.970466940254533e-23,0.0,0.0,0.0,0.0
0.0,2.406653338686615e-16,6.776263578034403e-21,2.6469779601696886e-23,0.0,0.0,0.0,0.0
0.0,2.4073467145632816e-16,6.776263578034403e-21,1.3234889800848443e-23,0.0,0.0,0.0,0.0
0.0,2.4080403799531625e-16,1.0164395367051604e-20,2.6469779601696886e-23,0.0,0.0,0.0,0.0
3.3132385723888547e-12,2.993782167009814e-16,3.3881317890172014e-21,1.3234889800848443e-23,0.0,0.0,0.0,0.0
0.0,1.4031237007914373e-16,6.776263578034403e-21,1.3234889800848443e-23,0.0,0.0,0.0,0.0
0.0,2.3898259786700306e-16,6.776263578034403e-21,2.6469779601696886e-23,0.0,0.0,0.0,0.0
0.0,2.391555480981981e-16,3.3881317890172014e-21,3.970466940254533e-23,0.0,0.0,0.0,0.0
0.0,2.393188029454334e-16,6.776263578034403e-21,1.3234889800848443e-23,0.0,0.0,0.0,0.0
0.0,2.3947589943300824e-16,1.0164395367051604e-20,1.9852334701272664e-23,0.0,0.0,0.0,0.0
0.0,2.396272048291146e-16,1.0164395367051604e-20,1.3234889800848443e-23,0.0,0.0,0.0,0.0
0.0,2.3977303428956587e-16,1.3552527156068805e-20,1.3234889800848443e-23,0.0,0.0,0.0,0.0
0.0,2.3991362521519783e-16,5.082197683525802e-21,2.6469779601696886e-23,0.0,0.0,0.0,0.0
0.0,2.4004668714289433e-16,3.3881317890172014e-21,2.6469779601696886e-23,0.0,0.0,0.0,0.0
0.0,2.4017236896516564e-16,6.776263578034403e-21,2.6469779601696886e-23,0.0,0.0,0.0,0.0
0.0,2.4029268569398393e-16,1.0164395367051604e-20,1.3234889800848443e-23,0.0,0.0,0.0,0.0
0.0,2.4040792932410543e-16,1.6940658945086007e-20,2.6469779601696886e-23,0.0,0.0,0.0,0.0
0.0,2.4051833808354656e-16,1.3552527156068805e-20,1.3234889800848443e-23,0.0,0.0,0.0,0.0
0.0,2.406241535090462e-16,1.0164395367051604e-20,2.6469779601696886e-23,0.0,0.0,0.0,0.0
0.0,2.407255881860217e-16,6.776263578034403e-21,2.6469779601696886e-23,0.0,0.0,0.0,0.0
0.0,2.4082284560090387e-16,5.082197683525802e-21,2.6469779601696886e-23,0.0,0.0,0.0,0.0
0.0,2.40916123449859e-16,3.3881317890172014e-21,3.970466940254533e-23,0.0,0.0,0.0,0.0
0.0,2.4100557807002296e-16,6.776263578034403e-21,1.3234889800848443e-23,0.0,0.0,0.0,0.0
0.0,2.410913964042141e-16,1.6940658945086007e-20,2.6469779601696886e-23,0.0,0.0,0.0,0.0
0.0,2.4117374223419376e-16,6.776263578034403e-21,1.3234889800848443e-23,0.0,0.0,0.0,0.0
0.0,2.412527346739701e-16,6.776263578034403e-21,1.3234889800848443e-23,0.0,0.0,0.0,0.0
0.0,2.4132853667812387e-16,6.776263578034403e-21,1.3234889800848443e-23,0.0,0.0,0.0,0.0
0.0,2.4140125826167647e-16,6.776263578034403e-21,2.6469779601696886e-23,0.0,0.0,0.0,0.0
0.0,2.4147102763762287e-16,5.082197683525802e-21,2.6469779601696886e-23,0.0,0.0,0.0,0.0
0.0,2.4153796391997127e-16,1.0164395367051604e-20,2.6469779601696886e-23,0.0,0.0,0.0,0.0
0.0,2.416021729878401e-16,6.776263578034403e-21,1.3234889800848443e-23,0.0,0.0,0.0,0.0
0.0,2.416637541029028e-16,6.776263578034403e-21,1.3234889800848443e-23,0.0,0.0,0.0,0.0
0.0,2.4172278998322073e-16,1.6940658945086007e-20,2.6469779601696886e-23,0.0,0.0,0.0,0.0
0.0,2.4177940139716325e-16,3.3881317890172014e-21,2.6469779601696886e-23,0.0,0.0,0.0,0.0
0.0,2.4183367188997224e-16,6.776263578034403e-21,3.970466940254533e-23,0.0,0.0,0.0,0.0
0.0,2.418856527468457e-16,1.3552527156068805e-20,3.970466940254533e-23,0.0,0.0,0.0,0.0
0.0,2.419354556371663e-16,6.776263578034403e-21,2.6469779601696886e-23,0.0,0.0,0.0,0.0
0.0,2.419831450810218e-16,1.0164395367051604e-20,2.6469779601696886e-23,0.0,0.0,0.0,0.0
0.0,2.420287764995133e-16,6.776263578034403e-21,2.6469779601696886e-23,0.0,0.0,0.0,0.0
0.0,2.420724276476183e-16,1.0164395367051604e-20,2.6469779601696886e-23,0.0,0.0,0.0,0.0
0.0,2.421141646997859e-16,1.0164395367051604e-20,1.3234889800848443e-23,0.0,0.0,0.0,0.0
0.0,2.42178339026069e-16,1.0164395367051604e-20,2.6469779601696886e-23,0.0,0.0,0.0,0.0
0.0,2.422478982981398e-16,1.6940658945086007e-20,1.3234889800848443e-23,0.0,0.0,0.0,0.0
0.0,2.423172797263789e-16,6.776263578034403e-21,1.3234889800848443e-23,0.0,0.0,0.0,0.0
0.0,2.4238669010593947e-16,6.776263578034403e-21,2.6469779601696886e-23,0.0,0.0,0.0,0.0
0.0,2.424561327455439e-16,6.776263578034403e-21,1.3234889800848443e-23,0.0,0.0,0.0,0.0
0.0,2.4252559110158e-16,6.776263578034403e-21,1.9852334701272664e-23,0.0,0.0,0.0,0.0
0.0,2.4259508171765995e-16,3.3881317890172014e-21,2.6469779601696886e-23,0.0,0.0,0.0,0.0
0.0,2.426646054209644e-16,6.776263578034403e-21,1.3234889800848443e-23,0.0,0.0,0.0,0.0
0.0,2.42734148149423e-16,1.0164395367051604e-20,3.970466940254533e-23,0.0,0.0,0.0,0.0
0.0,2.4280372479228665e-16,1.0164395367051604e-20,2.6469779601696886e-23,0.0,0.0,0.0,0.0
0.0,2.428733254233881e-16,6.776263578034403e-21,1.3234889800848443e-23,0.0,0.0,0.0,0.0
0.0,2.429429558329916e-16,1.0164395367051604e-20,2.6469779601696886e-23,0.0,0.0,0.0,0.0
0.0,2.4301261188519406e-16,6.776263578034403e-21,1.3234889800848443e-23,0.0,0.0,0.0,0.0
0.0,2.430823001974404e-16,6.776263578034403e-21,1.3234889800848443e-23,0.0,0.0,0.0,0.0
0.0,2.4315201332510517e-16,6.776263578034403e-21,2.6469779601696886e-23,0.0,0.0,0.0,0.0
0.0,2.4322175374973013e-16,3.3881317890172014e-21,2.6469779601696886e-23,0.0,0.0,0.0,0.0
0.0,2.432915222984959e-16,6.776263578034403e-21,2.6469779601696886e-23,0.0,0.0,0.0,0.0
0.0,2.4336131979858314e-16,6.776263578034403e-21,2.6469779601696886e-23,0.0,0.0,0.0,0.0
0.0,2.434311404597275e-16,6.776263578034403e-21,2.6469779601696886e-23,0.0,0.0,0.0,0.0
0.0,2.435009958624576e-16,1.3552527156068805e-20,1.3234889800848443e-23,0.0,0.0,0.0,0.0
0.0,2.435708777349673e-16,1.3552527156068805e-20,1.3234889800848443e-23,0.0,0.0,0.0,0.0
0.0,2.4364078607725663e-16,6.776263578034403e-21,2.6469779601696886e-23,0.0,0.0,0.0,0.0
0.0,2.4371072088932553e-16,1.6940658945086007e-20,1.3234889800848443e-23,0.0,0.0,0.0,0.0
0.0,2.4378068878861895e-16,6.776263578034403e-21,1.3234889800848443e-23,0.0,0.0,0.0,0.0
0.0,2.4385067736742767e-16,1.0164395367051604e-20,2.6469779601696886e-23,0.0,0.0,0.0,0.0
0.0,2.4392070151500273e-16,6.776263578034403e-21,2.6469779601696886e-23,0.0,0.0,0.0,0.0
0.0,2.4399074965081556e-16,6.776263578034403e-21,2.6469779601696886e-23,0.0,0.0,0.0,0.0
0.0,2.440608259107692e-16,1.3552527156068805e-20,1.3234889800848443e-23,0.0,0.0,0.0,0.0
0.0,2.441309294676831e-16,1.0164395367051604e-20,2.6469779601696886e-23,0.0,0.0,0.0,0.0
0.0,2.44201062803099e-16,6.776263578034403e-21,3.970466940254533e-23,0.0,0.0,0.0,0.0
0.0,2.44271225917017e-16,6.776263578034403e-21,1.3234889800848443e-23,0.0,0.0,0.0,0.0
0.0,2.4434141550071455e-16,1.3552527156068805e-20,2.6469779601696886e-23,0.0,0.0,0.0,0.0
0.0,2.444116307270111e-16,6.776263578034403e-21,2.6469779601696886e-23,0.0,0.0,0.0,0.0
0.0,2.444818798677128e-16,6.776263578034403e-21,1.3234889800848443e-23,0.0,0.0,0.0,0.0
0.0,2.4455215216947163e-16,6.776263578034403e-21,1.3234889800848443e-23,0.0,0.0,0.0,0.0
3.621214439419873e-12,3.0403138227055555e-16,6.776263578034403e-21,2.6469779601696886e-23,0.0,0.0,0.0,0.0
0.0,1.4138943120140106e-16,1.0164395367051604e-20,1.3234889800848443e-23,0.0,0.0,0.0,0.0
0.0,2.4275015243991466e-16,1.3552527156068805e-20,2.6469779601696886e-23,0.0,0.0,0.0,0.0
0.0,2.4292568264744025e-16,1.3552527156068805e-20,2.6469779601696886e-23,0.0,0.0,0.0,0.0
0.0,2.4309119238902537e-16,2.0328790734103208e-20,2.6469779601696886e-23,0.0,0.0,0.0,0.0
0.0,2.4325043210156734e-16,1.3552527156068805e-20,2.6469779601696886e-23,0.0,0.0,0.0,0.0
0.0,2.4340380958510815e-16,6.776263578034403e-21,2.6469779601696886e-23,0.0,0.0,0.0,0.0
0.0,2.43551616834404e-16,6.776263578034403e-21,1.3234889800848443e-23,0.0,0.0,0.0,0.0
0.0,2.4369415659755916e-16,6.776263578034403e-21,2.6469779601696886e-23,0.0,0.0,0.0,0.0
0.0,2.4382920045000334e-16,6.776263578034403e-21,5.293955920339377e-23,0.0,0.0,0.0,0.0
0.0,2.439567227491376e-16,6.776263578034403e-21,2.6469779601696886e-23,0.0,0.0,0.0,0.0
0.0,2.440786888760973e-16,6.776263578034403e-21,3.970466940254533e-23,0.0,0.0,0.0,0.0
0.0,2.4419550414938265e-16,6.776263578034403e-21,3.970466940254533e-23,0.0,0.0,0.0,0.0
0.0,2.443074167231774e-16,2.710505431213761e-20,5.293955920339377e-23,0.0,0.0,0.0,0.0
0.0,2.444146606895949e-16,1.3552527156068805e-20,2.6469779601696886e-23,0.0,0.0,0.0,0.0
0.0,2.44517462696123e-16,6.776263578034403e-21,2.6469779601696886e-23,0.0,0.0,0.0,0.0
0.0,2.4461602457483113e-16,1.0164395367051604e-20,2.6469779601696886e-23,0.0,0.0,0.0,0.0
0.0,2.4471053905880205e-16,6.776263578034403e-21,2.6469779601696886e-23,0.0,0.0,0.0,0.0
0.0,2.4480119060931235e-16,6.776263578034403e-21,2.6469779601696886e-23,0.0,0.0,0.0,0.0
0.0,2.448881537614713e-16,6.776263578034403e-21,3.970466940254533e-23,0.0,0.0,0.0,0.0
0.0,2.4497158650677583e-16,6.776263578034403e-21,2.6469779601696886e-23,0.0,0.0,0.0,0.0
0.0,2.4505160961359543e-16,1.3552527156068805e-20,2.6469779601696886e-23,0.0,0.0,0.0,0.0
0.0,2.4512839927140057e-16,1.3552527156068805e-20,2.6469779601696886e-23,0.0,0.0,0.0,0.0
0.0,2.452020654952127e-16,6.776263578034403e-21,2.6469779601696886e-23,0.0,0.0,0.0,0.0
0.0,2.452727373252074e-16,6.776263578034403e-21,1.3234889800848443e-23,0.0,0.0,0.0,0.0
0.0,2.453405355297541e-16,1.6940658945086007e-20,2.6469779601696886e-23,0.0,0.0,0.0,0.0
0.0,2.454055477899977e-16,2.710505431213761e-20,3.970466940254533e-23,0.0,0.0,0.0,0.0
0.0,2.454679064548362e-16,1.3552527156068805e-20,2.6469779601696886e-23,0.0,0.0,0.0,0.0
0.0,2.455277049956789e-16,1.3552527156068805e-20,1.3234889800848443e-23,0.0,0.0,0.0,0.0
0.0,2.4558502447622577e-16,2.0328790734103208e-20,2.6469779601696886e-23,0.0,0.0,0.0,0.0
0.0,2.456399517504411e-16,6.776263578034403e-21,1.3234889800848443e-23,0.0,0.0,0.0,0.0
0.0,2.4569259600616584e-16,6.776263578034403e-21,3.970466940254533e-23,0.0,0.0,0.0,0.0
0.0,2.4574300108397237e-16,1.0164395367051604e-20,3.970466940254533e-23,0.0,0.0,0.0,0.0
0.0,2.457912571465475e-16,6.776263578034403e-21,2.6469779601696886e-23,0.0,0.0,0.0,0.0
0.0,2.4583743946732693e-16,1.3552527156068805e-20,2.6469779601696886e-23,0.0,0.0,0.0,0.0
0.0,2.458816076033148e-16,6.776263578034403e-21,3.970466940254533e-23,0.0,0.0,0.0,0.0
0.0,2.4592383434640504e-16,1.3552527156068805e-20,2.6469779601696886e-23,0.0,0.0,0.0,0.0
0.0,2.4598853062365464e-16,1.3552527156068805e-20,2.6469779601696886e-23,0.0,0.0,0.0,0.0
0.0,2.46059008893386e-16,6.776263578034403e-21,3.970466940254533e-23,0.0,0.0,0.0,0.0
0.0,2.461293109736469e-16,6.776263578034403e-21,2.6469779601696886e-23,0.0,0.0,0.0,0.0
0.0,2.4619964614113227e-16,1.3552527156068805e-20,3.970466940254533e-23,0.0,0.0,0.0,0.0
0.0,2.4627000116095235e-16,6.776263578034403e-21,2.6469779601696886e-23,0.0,0.0,0.0,0.0
0.0,2.4634038844081633e-16,6.776263578034403e-21,2.6469779601696886e-23,0.0,0.0,0.0,0.0
0.0,2.464108005360987e-16,6.776263578034403e-21,5.293955920339377e-23,0.0,0.0,0.0,0.0
0.0,2.4648124075552186e-16,1.3552527156068805e-20,2.6469779601696886e-23,0.0,0.0,0.0,0.0
0.0,2.4655170909908586e-16,6.776263578034403e-21,1.3234889800848443e-23,0.0,0.0,0.0,0.0
0.0,2.4662220143088763e-16,6.776263578034403e-21,1.3234889800848443e-23,0.0,0.0,0.0,0.0
0.0,2.466927260227333e-16,1.3552527156068805e-20,1.3234889800848443e-23,0.0,0.0,0.0,0.0
0.0,2.4676328452898406e-16,1.3552527156068805e-20,3.970466940254533e-23,0.0,0.0,0.0,0.0
0.0,2.468338686778338e-16,6.776263578034403e-21,1.9852334701272664e-23,0.0,0.0,0.0,0.0
0.0,2.469044726790183e-16,1.3552527156068805e-20,1.3234889800848443e-23,0.0,0.0,0.0,0.0
0.0,2.4697510976742725e-16,6.776263578034403e-21,2.6469779601696886e-23,0.0,0.0,0.0,0.0
0.0,2.470457782886995e-16,1.3552527156068805e-20,2.6469779601696886e-23,0.0,0.0,0.0,0.0
0.0,2.47116463353584e-16,6.776263578034403e-21,5.293955920339377e-23,0.0,0.0,0.0,0.0
0.0,2.471871889503185e-16,1.0164395367051604e-20,3.970466940254533e-23,0.0,0.0,0.0,0.0
0.0,2.4725794267119384e-16,1.3552527156068805e-20,2.6469779601696886e-23,0.0,0.0,0.0,0.0
0.0,2.473287178987651e-16,1.3552527156068805e-20,3.970466940254533e-23,0.0,0.0,0.0,0.0
0.0,2.47399523732019e-16,1.3552527156068805e-20,2.6469779601696886e-23,0.0,0.0,0.0,0.0
0.0,2.4747035520787194e-16,2.710505431213761e-20,5.293955920339377e-23,0.0,0.0,0.0,0.0
0.0,2.475412172894075e-16,6.776263578034403e-21,2.6469779601696886e-23,0.0,0.0,0.0,0.0
0.0,2.476121124581676e-16,6.776263578034403e-21,3.970466940254533e-23,0.0,0.0,0.0,0.0
0.0,2.476830340967073e-16,6.776263578034403e-21,2.6469779601696886e-23,0.0,0.0,0.0,0.0
0.0,2.477539722788592e-16,6.776263578034403e-21,2.6469779601696886e-23,0.0,0.0,0.0,0.0
0.0,2.4782495512876423e-16,1.3552527156068805e-20,2.6469779601696886e-23,0.0,0.0,0.0,0.0
0.0,2.478959603125458e-16,1.3552527156068805e-20,2.6469779601696886e-23,0.0,0.0,0.0,0.0
0.0,2.479669886573845e-16,1.3552527156068805e-20,2.6469779601696886e-23,0.0,0.0,0.0,0.0
0.0,2.4803806084279566e-16,1.3552527156068805e-20,1.3234889800848443e-23,0.0,0.0,0.0,0.0
0.0,2.481091388184711e-16,1.3552527156068805e-20,2.6469779601696886e-23,0.0,0.0,0.0,0.0
0.0,2.481802639434415e-16,1.3552527156068805e-20,2.6469779601696886e-23,0.0,0.0,0.0,0.0
0.0,2.4825140809356595e-16,2.0328790734103208e-20,3.970466940254533e-23,0.0,0.0,0.0,0.0
0.0,2.4832258036783124e-16,6.776263578034403e-21,3.970466940254533e-23,0.0,0.0,0.0,0.0
0.0,2.4839378821086286e-16,1.3552527156068805e-20,2.6469779601696886e-23,0.0,0.0,0.0,0.0
2.238265128795547e-12,3.0879511707260966e-16,1.3552527156068805e-20,3.970466940254533e-23,0.0,0.0,0.0,0.0
0.0,1.4359001783528406e-16,1.3552527156068805e-20,3.970466940254533e-23,0.0,0.0,0.0,0.0
0.0,2.4661301641736584e-16,6.776263578034403e-21,2.6469779601696886e-23,0.0,0.0,0.0,0.0
0.0,2.467911613428077e-16,1.3552527156068805e-20,2.6469779601696886e-23,0.0,0.0,0.0,0.0
0.0,2.469589549300641e-16,1.3552527156068805e-20,2.6469779601696886e-23,0.0,0.0,0.0,0.0
0.0,2.4712039328867423e-16,6.776263578034403e-21,3.970466940254533e-23,0.0,0.0,0.0,0.0
0.0,2.4727587511969337e-16,6.776263578034403e-21,2.6469779601696886e-23,0.0,0.0,0.0,0.0
0.0,2.4742571888765735e-16,6.776263578034403e-21,2.6469779601696886e-23,0.0,0.0,0.0,0.0
0.0,2.4757019342626525e-16,1.3552527156068805e-20,3.970466940254533e-23,0.0,0.0,0.0,0.0
0.0,2.4770726717993264e-16,6.776263578034403e-21,2.6469779601696886e-23,0.0,0.0,0.0,0.0
0.0,2.4783669943910126e-16,6.776263578034403e-21,3.970466940254533e-23,0.0,0.0,0.0,0.0
0.0,2.479603463970657e-16,1.0164395367051604e-20,2.6469779601696886e-23,0.0,0.0,0.0,0.0
0.0,2.480787589561139e-16,1.0164395367051604e-20,1.3234889800848443e-23,0.0,0.0,0.0,0.0
0.0,2.4819220760430614e-16,2.0328790734103208e-20,2.6469779601696886e-23,0.0,0.0,0.0,0.0
0.0,2.4830090823578235e-16,2.0328790734103208e-20,2.6469779601696886e-23,0.0,0.0,0.0,0.0
0.0,2.484050990785589e-16,6.776263578034403e-21,5.293955920339377e-23,0.0,0.0,0.0,0.0
0.0,2.485049943724145e-16,1.3552527156068805e-20,2.6469779601696886e-23,0.0,0.0,0.0,0.0
0.0,2.486007794058063e-16,1.3552527156068805e-20,2.6469779601696886e-23,0.0,0.0,0.0,0.0
0.0,2.486926493933589e-16,6.776263578034403e-21,2.6469779601696886e-23,0.0,0.0,0.0,0.0
0.0,2.4878076894401416e-16,2.710505431213761e-20,2.6469779601696886e-23,0.0,0.0,0.0,0.0
0.0,2.488653018395334e-16,2.0328790734103208e-20,1.3234889800848443e-23,0.0,0.0,0.0,0.0
0.0,2.489463911821626e-16,6.776263578034403e-21,2.6469779601696886e-23,0.0,0.0,0.0,0.0
0.0,2.4902418255568953e-16,1.3552527156068805e-20,2.6469779601696886e-23,0.0,0.0,0.0,0.0
0.0,2.4909881740799896e-16,1.3552527156068805e-20,1.3234889800848443e-23,0.0,0.0,0.0,0.0
0.0,2.491704082356542e-16,1.3552527156068805e-20,2.6469779601696886e-23,0.0,0.0,0.0,0.0
0.0,2.49239070843941e-16,1.3552527156068805e-20,2.6469779601696886e-23,0.0,0.0,0.0,0.0
0.0,2.493049268284094e-16,1.0164395367051604e-20,3.970466940254533e-23,0.0,0.0,0.0,0.0
0.0,2.4936808868562273e-16,1.0164395367051604e-20,2.6469779601696886e-23,0.0,0.0,0.0,0.0
0.0,2.4942863996082284e-16,1.3552527156068805e-20,2.6469779601696886e-23,0.0,0.0,0.0,0.0
0.0,2.4948668157004446e-16,6.776263578034403e-21,2.6469779601696886e-23,0.0,0.0,0.0,0.0
0.0,2.4954230119443253e-16,6.776263578034403e-21,2.6469779601696886e-23,0.0,0.0,0.0,0.0
0.0,2.495955832064095e-16,1.3552527156068805e-20,2.6469779601696886e-23,0.0,0.0,0.0,0.0
0.0,2.4964661363275914e-16,1.3552527156068805e-20,5.293955920339377e-23,0.0,0.0,0.0,0.0
0.0,2.496954660925559e-16,1.3552527156068805e-20,2.6469779601696886e-23,0.0,0.0,0.0,0.0
0.0,2.497421968340815e-16,1.0164395367051604e-20,2.6469779601696886e-23,0.0,0.0,0.0,0.0
0.0,2.4978690594618997e-16,6.776263578034403e-21,2.6469779601696886e-23,0.0,0.0,0.0,0.0
0.0,2.498296356150926e-16,1.3552527156068805e-20,1.3234889800848443e-23,0.0,0.0,0.0,0.0
0.0,2.4989507221899047e-16,1.3552527156068805e-20,2.6469779601696886e-23,0.0,0.0,0.0,0.0
0.0,2.4996648023973033e-16,1.3552527156068805e-20,3.970466940254533e-23,0.0,0.0,0.0,0.0
0.0,2.5003772696025075e-16,1.3552527156068805e-20,1.3234889800848443e-23,0.0,0.0,0.0,0.0
0.0,2.5010900676799567e-16,1.3552527156068805e-20,2.6469779601696886e-23,0.0,0.0,0.0,0.0
0.0,2.501803056008947e-16,2.0328790734103208e-20,2.6469779601696886e-23,0.0,0.0,0.0,0.0
0.0,2.502516375210182e-16,6.776263578034403e-21,2.6469779601696886e-23,0.0,0.0,0.0,0.0
0.0,2.5032299756528253e-16,6.776263578034403e-21,1.3234889800848443e-23,0.0,0.0,0.0,0.0
0.0,2.5039438325214585e-16,1.3552527156068805e-20,2.6469779601696886e-23,0.0,0.0,0.0,0.0
0.0,2.5046579458160817e-16,1.3552527156068805e-20,3.970466940254533e-23,0.0,0.0,0.0,0.0
0.0,2.5053723817111437e-16,1.3552527156068805e-20,3.970466940254533e-23,0.0,0.0,0.0,0.0
0.0,2.5060870657603895e-16,6.776263578034403e-21,2.6469779601696886e-23,0.0,0.0,0.0,0.0
0.0,2.506802064138268e-16,1.3552527156068805e-20,2.6469779601696886e-23,0.0,0.0,0.0,0.0
0.0,2.507517285854912e-16,1.0164395367051604e-20,3.970466940254533e-23,0.0,0.0,0.0,0.0
0.0,2.508232780541158e-16,6.776263578034403e-21,2.6469779601696886e-23,0.0,0.0,0.0,0.0
0.0,2.50894864745868e-16,6.776263578034403e-21,2.6469779601696886e-23,0.0,0.0,0.0,0.0
0.0,2.509664787345804e-16,6.776263578034403e-21,1.3234889800848443e-23,0.0,0.0,0.0,0.0
0.0,2.51038120020253e-16,1.3552527156068805e-20,3.970466940254533e-23,0.0,0.0,0.0,0.0
0.0,2.5110978446698275e-16,6.776263578034403e-21,2.6469779601696886e-23,0.0,0.0,0.0,0.0
0.0,2.511814828281176e-16,1.3552527156068805e-20,2.6469779601696886e-23,0.0,0.0,0.0,0.0
0.0,2.512532076590321e-16,1.3552527156068805e-20,2.6469779601696886e-23,0.0,0.0,0.0,0.0
0.0,2.5132495730536494e-16,1.0164395367051604e-20,2.6469779601696886e-23,0.0,0.0,0.0,0.0
0.0,2.5139673755738046e-16,1.3552527156068805e-20,2.6469779601696886e-23,0.0,0.0,0.0,0.0
0.0,2.5146854262481435e-16,6.776263578034403e-21,3.970466940254533e-23,0.0,0.0,0.0,0.0
0.0,2.515403915328207e-16,1.0164395367051604e-20,2.6469779601696886e-23,0.0,0.0,0.0,0.0
0.0,2.5161226112034238e-16,2.0328790734103208e-20,1.3234889800848443e-23,0.0,0.0,0.0,0.0
0.0,2.516841480786569e-16,1.0164395367051604e-20,2.6469779601696886e-23,0.0,0.0,0.0,0.0
0.0,2.5175607556882146e-16,2.0328790734103208e-20,5.293955920339377e-23,0.0,0.0,0.0,0.0
0.0,2.5182803283748806e-16,1.0164395367051604e-20,5.293955920339377e-23,0.0,0.0,0.0,0.0
0.0,2.519000116128506e-16,6.776263578034403e-21,2.6469779601696886e-23,0.0,0.0,0.0,0.0
0.0,2.5197201933953455e-16,1.3552527156068805e-20,2.6469779601696886e-23,0.0,0.0,0.0,0.0
0.0,2.5204406346216547e-16,2.0328790734103208e-20,3.970466940254533e-23,0.0,0.0,0.0,0.0
0.0,2.5211612991867293e-16,1.3552527156068805e-20,5.293955920339377e-23,0.0,0.0,0.0,0.0
0.0,2.5218822615368244e-16,1.3552527156068805e-20,3.970466940254533e-23,0.0,0.0,0.0,0.0
0.0,2.522603405866654e-16,1.0164395367051604e-20,2.6469779601696886e-23,0.0,0.0,0.0,0.0
0.0,2.5233250547766577e-16,6.776263578034403e-21,2.6469779601696886e-23,0.0,0.0,0.0,0.0
2.026268042243373e-12,3.1368389924940525e-16,6.776263578034403e-21,2.6469779601696886e-23,0.0,0.0,0.0,0.0
0.0,1.458012825436945e-16,1.3552527156068805e-20,2.6469779601696886e-23,0.0,0.0,0.0,0.0
0.0,2.5057446874330477e-16,1.3552527156068805e-20,3.970466940254533e-23,0.0,0.0,0.0,0.0
0.0,2.507553177221691e-16,6.776263578034403e-21,2.6469779601696886e-23,0.0,0.0,0.0,0.0
0.0,2.509254588480039e-16,1.3552527156068805e-20,2.6469779601696886e-23,0.0,0.0,0.0,0.0
0.0,2.5108914548351894e-16,6.776263578034403e-21,3.970466940254533e-23,0.0,0.0,0.0,0.0
0.0,2.5124677963849195e-16,1.3552527156068805e-20,3.970466940254533e-23,0.0,0.0,0.0,0.0
0.0,2.5139869301234853e-16,6.776263578034403e-21,2.6469779601696886e-23,0.0,0.0,0.0,0.0
0.0,2.5154516022905207e-16,6.776263578034403e-21,2.6469779601696886e-23,0.0,0.0,0.0,0.0
0.0,2.5168431599632126e-16,6.776263578034403e-21,2.6469779601696886e-23,0.0,0.0,0.0,0.0
0.0,2.518157136366253e-16,1.3552527156068805e-20,5.293955920339377e-23,0.0,0.0,0.0,0.0
0.0,2.5194109601951487e-16,6.776263578034403e-21,5.293955920339377e-23,0.0,0.0,0.0,0.0
0.0,2.520611588038851e-16,1.0164395367051604e-20,1.3234889800848443e-23,0.0,0.0,0.0,0.0
0.0,2.521761592429065e-16,1.0164395367051604e-20,2.6469779601696886e-23,0.0,0.0,0.0,0.0
0.0,2.5228636451591695e-16,6.776263578034403e-21,2.6469779601696886e-23,0.0,0.0,0.0,0.0
0.0,2.523919723190828e-16,1.3552527156068805e-20,3.970466940254533e-23,0.0,0.0,0.0,0.0
0.0,2.524932316337685e-16,1.3552527156068805e-20,2.6469779601696886e-23,0.0,0.0,0.0,0.0
0.0,2.5259033022997304e-16,2.0328790734103208e-20,5.293955920339377e-23,0.0,0.0,0.0,0.0
0.0,2.5268343933408323e-16,1.3552527156068805e-20,3.970466940254533e-23,0.0,0.0,0.0,0.0
0.0,2.527727309996665e-16,1.3552527156068805e-20,5.293955920339377e-23,0.0,0.0,0.0,0.0
0.0,2.5285839051518004e-16,1.3552527156068805e-20,5.293955920339377e-23,0.0,0.0,0.0,0.0
0.0,2.5294056181005044e-16,1.0164395367051604e-20,2.6469779601696886e-23,0.0,0.0,0.0,0.0
0.0,2.530193888137043e-16,6.776263578034403e-21,3.970466940254533e-23,0.0,0.0,0.0,0.0
0.0,2.5309499973913654e-16,6.776263578034403e-21,3.970466940254533e-23,0.0,0.0,0.0,0.0
0.0,2.5316752279934213e-16,6.776263578034403e-21,5.293955920339377e-23,0.0,0.0,0.0,0.0
0.0,2.5323708868885784e-16,2.0328790734103208e-20,3.970466940254533e-23,0.0,0.0,0.0,0.0
0.0,2.533038115586082e-16,1.3552527156068805e-20,2.6469779601696886e-23,0.0,0.0,0.0,0.0
0.0,2.5336777908973815e-16,2.0328790734103208e-20,3.970466940254533e-23,0.0,0.0,0.0,0.0
0.0,2.53429103778811e-16,6.776263578034403e-21,2.6469779601696886e-23,0.0,0.0,0.0,0.0
0.0,2.53487883233139e-16,2.0328790734103208e-20,3.970466940254533e-23,0.0,0.0,0.0,0.0
0.0,1.7722872861487794e-16,1.3552527156068805e-20,3.970466940254533e-23,0.0,0.0,0.0,0.0
0.0,1.2683390908871322e-16,1.3552527156068805e-20,5.293955920339377e-23,0.0,0.0,0.0,0.0
0.0,1.2683400131935152e-16,6.776263578034403e-21,5.293955920339377e-23,0.0,0.0,0.0,0.0
0.0,1.2683818933479288e-16,1.3552527156068805e-20,2.6469779601696886e-23,0.0,0.0,0.0,0.0
0.0,1.2684209610882597e-16,1.3552527156068805e-20,2.6469779601696886e-23,0.0,0.0,0.0,0.0
0.0,1.2684573363556967e-16,2.0328790734103208e-20,2.6469779601696886e-23,0.0,0.0,0.0,0.0
0.0,1.268491097732398e-16,1.3552527156068805e-20,6.617444900424221e-23,0.0,0.0,0.0,0.0
0.0,1.2686438614479243e-16,6.776263578034403e-21,2.6469779601696886e-23,0.0,0.0,0.0,0.0
0.0,1.268828016667697e-16,2.0328790734103208e-20,2.6469779601696886e-23,0.0,0.0,0.0,0.0
0.0,1.2690112371733775e-16,1.3552527156068805e-20,2.6469779601696886e-23,0.0,0.0,0.0,0.0
0.0,1.2691945652125377e-16,6.776263578034403e-21,3.970466940254533e-23,0.0,0.0,0.0,0.0
0.0,1.269377901523504e-16,6.776263578034403e-21,3.970466940254533e-23,0.0,0.0,0.0,0.0
0.0,1.269561233698567e-16,6.776263578034403e-21,2.6469779601696886e-23,0.0,0.0,0.0,0.0
0.0,1.2697446320480793e-16,1.3552527156068805e-20,2.6469779601696886e-23,0.0,0.0,0.0,0.0
0.0,1.2699280841643313e-16,6.776263578034403e-21,2.6469779601696886e-23,0.0,0.0,0.0,0.0
0.0,1.2701115321446802e-16,6.776263578034403e-21,5.293955920339377e-23,0.0,0.0,0.0,0.0
0.0,1.270295029755866e-16,1.3552527156068805e-20,5.293955920339377e-23,0.0,0.0,0.0,0.0
0.0,1.2704785894055976e-16,6.776263578034403e-21,2.6469779601696886e-23,0.0,0.0,0.0,0.0
0.0,1.270662128375814e-16,6.776263578034403e-21,3.970466940254533e-23,0.0,0.0,0.0,0.0
0.0,1.2708457335204793e-16,6.776263578034403e-21,2.6469779601696886e-23,0.0,0.0,0.0,0.0
0.0,1.2710293510728538e-16,1.3552527156068805e-20,2.6469779601696886e-23,0.0,0.0,0.0,0.0
0.0,1.2712130347996773e-16,1.3552527156068805e-20,2.6469779601696886e-23,0.0,0.0,0.0,0.0
0.0,1.2713967516137253e-16,1.3552527156068805e-20,2.6469779601696886e-23,0.0,0.0,0.0,0.0
0.0,1.2715804766995795e-16,6.776263578034403e-21,2.6469779601696886e-23,0.0,0.0,0.0,0.0
0.0,1.2717642803675918e-16,1.3552527156068805e-20,2.6469779601696886e-23,0.0,0.0,0.0,0.0
0.0,1.2719480633560889e-16,1.3552527156068805e-20,5.293955920339377e-23,0.0,0.0,0.0,0.0
0.0,1.2721319042472288e-16,1.3552527156068805e-20,2.6469779601696886e-23,0.0,0.0,0.0,0.0
0.0,1.2723157989051085e-16,1.3552527156068805e-20,3.970466940254533e-23,0.0,0.0,0.0,0.0
0.0,1.2724997059706974e-16,1.3552527156068805e-20,2.6469779601696886e-23,0.0,0.0,0.0,0.0
0.0,1.272683662667123e-16,2.0328790734103208e-20,5.293955920339377e-23,0.0,0.0,0.0,0.0
0.0,1.2728676938098039e-16,6.776263578034403e-21,2.6469779601696886e-23,0.0,0.0,0.0,0.0
0.0,1.273051679457551e-16,6.776263578034403e-21,5.293955920339377e-23,0.0,0.0,0.0,0.0
0.0,1.2732357519592624e-16,1.3552527156068805e-20,2.6469779601696886e-23,0.0,0.0,0.0,0.0
0.0,1.2734198616841014e-16,1.0164395367051604e-20,3.970466940254533e-23,0.0,0.0,0.0,0.0
0.0,1.2736039755448435e-16,2.0328790734103208e-20,5.293955920339377e-23,0.0,0.0,0.0,0.0
0.0,1.2737881349005192e-16,1.3552527156068805e-20,2.6469779601696886e-23,0.0,0.0,0.0,0.0
0.0,1.2739723811101593e-16,2.0328790734103208e-20,7.940933880509066e-23,0.0,0.0,0.0,0.0
0.0,1.2741566355916054e-16,1.0164395367051604e-20,7.940933880509066e-23,0.0,0.0,0.0,0.0
0.0,1.274340910752567e-16,6.776263578034403e-21,2.6469779601696886e-23,0.0,0.0,0.0,0.0
0.0,1.274525227272559e-16,1.3552527156068805e-20,3.970466940254533e-23,0.0,0.0,0.0,0.0
0.0,1.2747095851515818e-16,2.0328790734103208e-20,2.6469779601696886e-23,0.0,0.0,0.0,0.0
0.0,1.2748939595742168e-16,1.3552527156068805e-20,2.6469779601696886e-23,0.0,0.0,0.0,0.0
0.0,1.2750784001713008e-16,1.3552527156068805e-20,2.6469779601696886e-23,0.0,0.0,0.0,0.0
0.0,1.2752628324965787e-16,1.3552527156068805e-20,3.970466940254533e-23,0.0,0.0,0.0,0.0
0.0,1.2754473392681117e-16,2.0328790734103208e-20,5.293955920339377e-23,0.0,0.0,0.0,0.0
0.0,1.2756319204859e-16,6.776263578034403e-21,5.293955920339377e-23,0.0,0.0,0.0,0.0
0.0,1.2758164644805605e-16,1.3552527156068805e-20,5.293955920339377e-23,0.0,0.0,0.0,0.0
0.0,1.2760010994650884e-16,6.776263578034403e-21,2.6469779601696886e-23,0.0,0.0,0.0,0.0
0.0,1.2761856930905858e-16,6.776263578034403e-21,2.6469779601696886e-23,0.0,0.0,0.0,0.0
0.0,1.2763703818418535e-16,1.3552527156068805e-20,3.970466940254533e-23,0.0,0.0,0.0,0.0
0.0,1.276555116088055e-16,1.3552527156068805e-20,2.6469779601696886e-23,0.0,0.0,0.0,0.0
0.0,1.276739883421481e-16,1.3552527156068805e-20,3.970466940254533e-23,0.0,0.0,0.0,0.0
0.0,1.2769246672985192e-16,1.3552527156068805e-20,5.293955920339377e-23,0.0,0.0,0.0,0.0
0.0,1.277109492534588e-16,6.776263578034403e-21,2.6469779601696886e-23,0.0,0.0,0.0,0.0
0.0,1.2772943632655906e-16,1.3552527156068805e-20,5.293955920339377e-23,0.0,0.0,0.0,0.0
0.0,1.2774792546761084e-16,1.3552527156068805e-20,2.6469779601696886e-23,0.0,0.0,0.0,0.0
0.0,1.2776641833097539e-16,1.3552527156068805e-20,5.293955920339377e-23,0.0,0.0,0.0,0.0
0.0,1.2778491946614605e-16,1.3552527156068805e-20,5.293955920339377e-23,0.0,0.0,0.0,0.0
0.0,1.2780341770618458e-16,1.3552527156068805e-20,5.293955920339377e-23,0.0,0.0,0.0,0.0
0.0,1.2782192380443892e-16,6.776263578034403e-21,2.6469779601696886e-23,0.0,0.0,0.0,0.0
0.0,1.2784042990269326e-16,1.3552527156068805e-20,5.293955920339377e-23,0.0,0.0,0.0,0.0
0.0,1.278589422048022e-16,1.3552527156068805e-20,5.293955920339377e-23,0.0,0.0,0.0,0.0
0.0,1.2787746029717542e-16,1.3552527156068805e-20,2.6469779601696886e-23,0.0,0.0,0.0,0.0
0.0,1.2789597921672926e-16,6.776263578034403e-21,5.293955920339377e-23,0.0,0.0,0.0,0.0
0.0,1.2791449979064432e-16,1.3552527156068805e-20,7.940933880509066e-23,0.0,0.0,0.0,0.0
0.0,1.2793302615482367e-16,2.0328790734103208e-20,5.293955920339377e-23,0.0,0.0,0.0,0.0
0.0,1.2795155665490609e-16,1.3552527156068805e-20,5.293955920339377e-23,0.0,0.0,0.0,0.0
0.0,1.2797009087730126e-16,2.0328790734103208e-20,5.293955920339377e-23,0.0,0.0,0.0,0.0
0.0,1.279886296491898e-16,1.0164395367051604e-20,5.293955920339377e-23,0.0,0.0,0.0,0.0
0.0,1.28007173384162e-16,2.0328790734103208e-20,2.6469779601696886e-23,0.0,0.0,0.0,0.0
0.0,1.2802571422400208e-16,1.3552527156068805e-20,3.970466940254533e-23,0.0,0.0,0.0,0.0
0.0,1.2804426292205797e-16,1.3552527156068805e-20,5.293955920339377e-23,0.0,0.0,0.0,0.0
0.0,1.2806281823755876e-16,1.3552527156068805e-20,7.940933880509066e-23,0.0,0.0,0.0,0.0
0.0,1.2808137313946924e-16,2.0328790734103208e-20,3.970466940254533e-23,0.0,0.0,0.0,0.0
0.0,1.280999330044634e-16,1.3552527156068805e-20,5.293955920339377e-23,0.0,0.0,0.0,0.0
0.0,1.2811849617818e-16,1.3552527156068805e-20,3.970466940254533e-23,0.0,0.0,0.0,0.0
0.0,1.281370655557512e-16,6.776263578034403e-21,5.293955920339377e-23,0.0,0.0,0.0,0.0
0.0,1.2815563576050303e-16,1.3552527156068805e-20,3.970466940254533e-23,0.0,0.0,0.0,0.0
0.0,1.281742101011579e-16,6.776263578034403e-21,3.970466940254533e-23,0.0,0.0,0.0,0.0
0.0,1.281927732748745e-16,2.0328790734103208e-20,5.293955920339377e-23,0.0,0.0,0.0,0.0
0.0,1.2821135960964827e-16,1.3552527156068805e-20,7.940933880509066e-23,0.0,0.0,0.0,0.0
0.0,1.2822994098133836e-16,1.3552527156068805e-20,2.6469779601696886e-23,0.0,0.0,0.0,0.0
0.0,1.2824853145201518e-16,6.776263578034403e-21,2.6469779601696886e-23,0.0,0.0,0.0,0.0
0.0,1.2826712399064353e-16,2.710505431213761e-20,5.293955920339377e-23,0.0,0.0,0.0,0.0
0.0,1.282857235603071e-16,2.0328790734103208e-20,2.6469779601696886e-23,0.0,0.0,0.0,0.0
0.0,1.2830432478433188e-16,1.3552527156068805e-20,5.293955920339377e-23,0.0,0.0,0.0,0.0
0.0,1.283229284898985e-16,1.3552527156068805e-20,5.293955920339377e-23,0.0,0.0,0.0,0.0
0.0,1.2834153260905544e-16,1.3552527156068805e-20,5.293955920339377e-23,0.0,0.0,0.0,0.0
0.0,1.2836014127770574e-16,2.0328790734103208e-20,5.293955920339377e-23,0.0,0.0,0.0,0.0
0.0,1.283787602861137e-16,2.0328790734103208e-20,5.293955920339377e-23,0.0,0.0,0.0,0.0
0.0,1.2839737970811195e-16,1.0164395367051604e-20,2.6469779601696886e-23,0.0,0.0,0.0,0.0
0.0,1.2841600119806175e-16,1.3552527156068805e-20,7.940933880509066e-23,0.0,0.0,0.0,0.0
0.0,1.284346268239146e-16,6.776263578034403e-21,5.293955920339377e-23,0.0,0.0,0.0,0.0
0.0,1.2845325906721236e-16,1.3552527156068805e-20,1.0587911840678754e-22,0.0,0.0,0.0,0.0
0.0,1.2847189296487134e-16,2.0328790734103208e-20,2.6469779601696886e-23,0.0,0.0,0.0,0.0
0.0,1.2849052893048186e-16,1.3552527156068805e-20,5.293955920339377e-23,0.0,0.0,0.0,0.0
0.0,1.285091669640439e-16,1.3552527156068805e-20,5.293955920339377e-23,0.0,0.0,0.0,0.0
0.0,1.2852781244223146e-16,1.3552527156068805e-20,2.6469779601696886e-23,0.0,0.0,0.0,0.0
0.0,1.2854645916118994e-16,6.776263578034403e-21,5.293955920339377e-23,0.0,0.0,0.0,0.0
0.0,1.2856511373836423e-16,2.0328790734103208e-20,5.293955920339377e-23,0.0,0.0,0.0,0.0
0.0,1.285837670747676e-16,1.0164395367051604e-20,5.293955920339377e-23,0.0,0.0,0.0,0.0
0.0,1.286024286829771e-16,6.776263578034403e-21,5.293955920339377e-23,0.0,0.0,0.0,0.0
0.0,1.286210886368254e-16,6.776263578034403e-21,3.970466940254533e-23,0.0,0.0,0.0,0.0
0.0,1.2863975851684102e-16,1.3552527156068805e-20,5.293955920339377e-23,0.0,0.0,0.0,0.0
0.0,1.2865842674249542e-16,2.0328790734103208e-20,2.6469779601696886e-23,0.0,0.0,0.0,0.0
0.0,1.2867709827687227e-16,1.3552527156068805e-20,5.293955920339377e-23,0.0,0.0,0.0,0.0
0.0,1.286957813917777e-16,1.3552527156068805e-20,3.970466940254533e-23,0.0,0.0,0.0,0.0
0.0,1.2871445871641884e-16,1.3552527156068805e-20,7.940933880509066e-23,0.0,0.0,0.0,0.0
0.0,1.2873314596722733e-16,1.3552527156068805e-20,2.6469779601696886e-23,0.0,0.0,0.0,0.0
0.0,1.2875183487239705e-16,1.3552527156068805e-20,5.293955920339377e-23,0.0,0.0,0.0,0.0
0.0,1.2877052501833769e-16,1.3552527156068805e-20,5.293955920339377e-23,0.0,0.0,0.0,0.0
0.0,1.2878922260890384e-16,1.3552527156068805e-20,3.970466940254533e-23,0.0,0.0,0.0,0.0
0.0,1.2880792309460213e-16,2.0328790734103208e-20,5.293955920339377e-23,0.0,0.0,0.0,0.0
0.0,1.2882662730261318e-16,6.776263578034403e-21,3.970466940254533e-23,0.0,0.0,0.0,0.0
0.0,1.2884533481934668e-16,1.3552527156068805e-20,7.940933880509066e-23,0.0,0.0,0.0,0.0
0.0,1.288640431632608e-16,6.776263578034403e-21,3.970466940254533e-23,0.0,0.0,0.0,0.0
0.0,1.2888275977898103e-16,1.3552527156068805e-20,2.6469779601696886e-23,0.0,0.0,0.0,0.0
0.0,1.2890148053060433e-16,1.3552527156068805e-20,3.970466940254533e-23,0.0,0.0,0.0,0.0
0.0,1.2892020045504701e-16,1.3552527156068805e-20,2.6469779601696886e-23,0.0,0.0,0.0,0.0
0.0,1.28938926169754e-16,2.0328790734103208e-20,5.293955920339377e-23,0.0,0.0,0.0,0.0
0.0,1.2895765808831556e-16,1.3552527156068805e-20,5.293955920339377e-23,0.0,0.0,0.0,0.0
0.0,1.2897639000687713e-16,2.710505431213761e-20,2.6469779601696886e-23,0.0,0.0,0.0,0.0
0.0,1.2899512688852237e-16,1.3552527156068805e-20,5.293955920339377e-23,0.0,0.0,0.0,0.0
0.0,1.2901386501093854e-16,1.3552527156068805e-20,3.970466940254533e-23,0.0,0.0,0.0,0.0
0.0,1.2903261140516083e-16,1.3552527156068805e-20,2.6469779601696886e-23,0.0,0.0,0.0,0.0
0.0,1.2905135862656373e-16,6.776263578034403e-21,5.293955920339377e-23,0.0,0.0,0.0,0.0
0.0,1.290701033664248e-16,1.3552527156068805e-20,2.6469779601696886e-23,0.0,0.0,0.0,0.0
0.0,1.2908886506348841e-16,2.0328790734103208e-20,3.970466940254533e-23,0.0,0.0,0.0,0.0
0.0,1.2910762303823928e-16,6.776263578034403e-21,5.293955920339377e-23,0.0,0.0,0.0,0.0
0.0,1.2912638390812229e-16,1.3552527156068805e-20,5.293955920339377e-23,0.0,0.0,0.0,0.0
0.0,1.2914515056826958e-16,6.776263578034403e-21,5.293955920339377e-23,0.0,0.0,0.0,0.0
0.0,1.2916392219150056e-16,2.0328790734103208e-20,2.6469779601696886e-23,0.0,0.0,0.0,0.0
0.0,1.2918269712345398e-16,1.0164395367051604e-20,5.293955920339377e-23,0.0,0.0,0.0,0.0
0.0,1.2920147288258801e-16,1.3552527156068805e-20,5.293955920339377e-23,0.0,0.0,0.0,0.0
0.0,1.2922025649993787e-16,1.3552527156068805e-20,2.6469779601696886e-23,0.0,0.0,0.0,0.0
0.0,1.292390384629265e-16,2.0328790734103208e-20,3.970466940254533e-23,0.0,0.0,0.0,0.0
0.0,1.2925782745695033e-16,2.0328790734103208e-20,6.617444900424221e-23,0.0,0.0,0.0,0.0
0.0,1.2927662348200938e-16,1.3552527156068805e-20,3.970466940254533e-23,0.0,0.0,0.0,0.0
0.0,1.292954190934781e-16,6.776263578034403e-21,2.6469779601696886e-23,0.0,0.0,0.0,0.0
0.0,1.2931421718648869e-16,1.3552527156068805e-20,5.293955920339377e-23,0.0,0.0,0.0,0.0
0.0,1.2933302065617324e-16,6.776263578034403e-21,2.6469779601696886e-23,0.0,0.0,0.0,0.0
0.0,1.2935182578021902e-16,2.0328790734103208e-20,2.6469779601696886e-23,0.0,0.0,0.0,0.0
0.0,1.2937063958966123e-16,6.776263578034403e-21,5.293955920339377e-23,0.0,0.0,0.0,0.0
0.0,1.2938945588064528e-16,2.0328790734103208e-20,5.293955920339377e-23,0.0,0.0,0.0,0.0
0.0,1.294082701036778e-16,1.3552527156068805e-20,5.293955920339377e-23,0.0,0.0,0.0,0.0
0.0,1.2942709383928737e-16,6.776263578034403e-21,7.940933880509066e-23,0.0,0.0,0.0,0.0
0.0,1.2944591881566785e-16,6.776263578034403e-21,3.970466940254533e-23,0.0,0.0,0.0,0.0
0.0,1.2946474710077078e-16,1.3552527156068805e-20,5.293955920339377e-23,0.0,0.0,0.0,0.0
0.0,1.294835820033186e-16,2.710505431213761e-20,3.970466940254533e-23,0.0,0.0,0.0,0.0
0.0,1.2950241980099859e-16,1.3552527156068805e-20,7.940933880509066e-23,0.0,0.0,0.0,0.0
0.0,1.2952125594431734e-16,1.3552527156068805e-20,7.940933880509066e-23,0.0,0.0,0.0,0.0
0.0,1.2954007554402384e-16,1.3552527156068805e-20,5.293955920339377e-23,0.0,0.0,0.0,0.0
0.0,1.2955892244069055e-16,1.3552527156068805e-20,5.293955920339377e-23,0.0,0.0,0.0,0.0
0.0,1.2957777678198278e-16,1.0164395367051604e-20,7.940933880509066e-23,0.0,0.0,0.0,0.0
0.0,1.295966302960944e-16,1.3552527156068805e-20,5.293955920339377e-23,0.0,0.0,0.0,0.0
0.0,1.2961549208201214e-16,2.0328790734103208e-20,2.6469779601696886e-23,0.0,0.0,0.0,0.0
0.0,1.2963435759024263e-16,6.776263578034403e-21,3.970466940254533e-23,0.0,0.0,0.0,0.0
0.0,1.296532214441119e-16,1.3552527156068805e-20,2.6469779601696886e-23,0.0,0.0,0.0,0.0
0.0,1.2967209191542608e-16,1.3552527156068805e-20,2.6469779601696886e-23,0.0,0.0,0.0,0.0
0.0,1.2969096941777546e-16,1.3552527156068805e-20,5.293955920339377e-23,0.0,0.0,0.0,0.0
0.0,1.2970984733371514e-16,1.3552527156068805e-20,3.970466940254533e-23,0.0,0.0,0.0,0.0
0.0,1.2972873103991911e-16,2.710505431213761e-20,5.293955920339377e-23,0.0,0.0,0.0,0.0
0.0,1.2974761433253278e-16,6.776263578034403e-21,2.6469779601696886e-23,0.0,0.0,0.0,0.0
0.0,1.297665017610495e-16,1.3552527156068805e-20,5.293955920339377e-23,0.0,0.0,0.0,0.0
0.0,1.2978539622060145e-16,1.3552527156068805e-20,5.293955920339377e-23,0.0,0.0,0.0,0.0
0.0,1.298042919209243e-16,2.0328790734103208e-20,3.970466940254533e-23,0.0,0.0,0.0,0.0
0.0,1.2982319506587267e-16,1.3552527156068805e-20,2.6469779601696886e-23,0.0,0.0,0.0,0.0
0.0,1.2984209862441134e-16,6.776263578034403e-21,2.6469779601696886e-23,0.0,0.0,0.0,0.0
0.0,1.2986100631885308e-16,1.3552527156068805e-20,2.6469779601696886e-23,0.0,0.0,0.0,0.0
0.0,1.298799185627882e-16,1.3552527156068805e-20,2.6469779601696886e-23,0.0,0.0,0.0,0.0
0.0,1.2989883535621666e-16,2.0328790734103208e-20,1.0587911840678754e-22,0.0,0.0,0.0,0.0
0.0,1.2991775173605483e-16,1.3552527156068805e-20,5.293955920339377e-23,0.0,0.0,0.0,0.0
0.0,1.2993667556051851e-16,1.3552527156068805e-20,7.940933880509066e-23,0.0,0.0,0.0,0.0
0.0,1.2995560103934342e-16,1.3552527156068805e-20,3.970466940254533e-23,0.0,0.0,0.0,0.0
0.0,1.2997452734534894e-16,1.3552527156068805e-20,7.940933880509066e-23,0.0,0.0,0.0,0.0
0.0,1.299934635775218e-16,1.3552527156068805e-20,5.293955920339377e-23,0.0,0.0,0.0,0.0
0.0,1.3001240394559774e-16,1.3552527156068805e-20,2.6469779601696886e-23,0.0,0.0,0.0,0.0
0.0,1.3003134390008337e-16,6.776263578034403e-21,2.6469779601696886e-23,0.0,0.0,0.0,0.0
0.0,1.3005028840406237e-16,1.3552527156068805e-20,5.293955920339377e-23,0.0,0.0,0.0,0.0
0.0,1.3006923869830565e-16,1.3552527156068805e-20,5.293955920339377e-23,0.0,0.0,0.0,0.0
0.0,1.3008818940613924e-16,1.3552527156068805e-20,5.293955920339377e-23,0.0,0.0,0.0,0.0
0.0,1.3010714383628559e-16,6.776263578034403e-21,7.940933880509066e-23,0.0,0.0,0.0,0.0
0.0,1.3012610695182836e-16,2.0328790734103208e-20,5.293955920339377e-23,0.0,0.0,0.0,0.0
0.0,1.3014506924019053e-16,6.776263578034403e-21,5.293955920339377e-23,0.0,0.0,0.0,0.0
0.0,1.3016403318291392e-16,1.3552527156068805e-20,5.293955920339377e-23,0.0,0.0,0.0,0.0
0.0,1.3018300705180466e-16,1.3552527156068805e-20,2.6469779601696886e-23,0.0,0.0,0.0,0.0
0.0,1.3020198257505663e-16,1.3552527156068805e-20,2.6469779601696886e-23,0.0,0.0,0.0,0.0
0.0,1.3022095975266982e-16,6.776263578034403e-21,5.293955920339377e-23,0.0,0.0,0.0,0.0
0.0,1.30239942306957e-16,6.776263578034403e-21,5.293955920339377e-23,0.0,0.0,0.0,0.0
0.0,1.3025892982432784e-16,2.0328790734103208e-20,2.6469779601696886e-23,0.0,0.0,0.0,0.0
0.0,1.3027791692810838e-16,1.3552527156068805e-20,5.293955920339377e-23,0.0,0.0,0.0,0.0
0.0,1.3029690982215321e-16,1.3552527156068805e-20,5.293955920339377e-23,0.0,0.0,0.0,0.0
0.0,1.303159068521011e-16,1.3552527156068805e-20,5.293955920339377e-23,0.0,0.0,0.0,0.0
0.0,1.3033490925872298e-16,6.776263578034403e-21,5.293955920339377e-23,0.0,0.0,0.0,0.0
0.0,1.30353914560477e-16,6.776263578034403e-21,5.293955920339377e-23,0.0,0.0,0.0,0.0
0.0,1.3037292234377286e-16,6.776263578034403e-21,5.293955920339377e-23,0.0,0.0,0.0,0.0
0.0,1.3039193343579116e-16,1.3552527156068805e-20,5.293955920339377e-23,0.0,0.0,0.0,0.0
0.0,1.3041094949089314e-16,1.3552527156068805e-20,7.940933880509066e-23,0.0,0.0,0.0,0.0
0.0,1.3042996844112727e-16,1.3552527156068805e-20,2.6469779601696886e-23,0.0,0.0,0.0,0.0
0.0,1.3044899111367415e-16,2.0328790734103208e-20,5.293955920339377e-23,0.0,0.0,0.0,0.0
0.0,1.3046802164443685e-16,1.3552527156068805e-20,7.940933880509066e-23,0.0,0.0,0.0,0.0
0.0,1.304870488664771e-16,1.3552527156068805e-20,7.940933880509066e-23,0.0,0.0,0.0,0.0
0.0,1.3050608394673317e-16,1.3552527156068805e-20,7.940933880509066e-23,0.0,0.0,0.0,0.0
0.0,1.3052512068135047e-16,6.776263578034403e-21,2.6469779601696886e-23,0.0,0.0,0.0,0.0
0.0,1.3054416444700297e-16,6.776263578034403e-21,1.0587911840678754e-22,0.0,0.0,0.0,0.0
0.0,1.3056320862624578e-16,1.3552527156068805e-20,5.293955920339377e-23,0.0,0.0,0.0,0.0
0.0,1.3058225942293349e-16,1.3552527156068805e-20,3.970466940254533e-23,0.0,0.0,0.0,0.0
0.0,1.306013102196212e-16,1.3552527156068805e-20,5.293955920339377e-23,0.0,0.0,0.0,0.0
0.0,1.3062036928811503e-16,2.0328790734103208e-20,5.293955920339377e-23,0.0,0.0,0.0,0.0
0.0,1.3063942794301856e-16,1.3552527156068805e-20,5.293955920339377e-23,0.0,0.0,0.0,0.0
0.0,1.3065849114741546e-16,1.3552527156068805e-20,5.293955920339377e-23,0.0,0.0,0.0,0.0
0.0,1.3067756096925725e-16,1.3552527156068805e-20,5.293955920339377e-23,0.0,0.0,0.0,0.0
0.0,1.3069663037750874e-16,1.3552527156068805e-20,3.970466940254533e-23,0.0,0.0,0.0,0.0
0.0,1.3071570805756636e-16,1.3552527156068805e-20,5.293955920339377e-23,0.0,0.0,0.0,0.0
0.0,1.307347878055755e-16,1.3552527156068805e-20,5.293955920339377e-23,0.0,0.0,0.0,0.0
0.0,1.3075386879435558e-16,6.776263578034403e-21,2.6469779601696886e-23,0.0,0.0,0.0,0.0
0.0,1.307729539190387e-16,1.3552527156068805e-20,5.293955920339377e-23,0.0,0.0,0.0,0.0
0.0,1.3079204855629888e-16,1.3552527156068805e-20,5.293955920339377e-23,0.0,0.0,0.0,0.0
0.0,1.308111402984269e-16,1.3552527156068805e-20,2.6469779601696886e-23,0.0,0.0,0.0,0.0
0.0,1.3083023741722892e-16,1.3552527156068805e-20,7.940933880509066e-23,0.0,0.0,0.0,0.0
0.0,1.3084933991270492e-16,1.3552527156068805e-20,5.293955920339377e-23,0.0,0.0,0.0,0.0
0.0,1.308684490256258e-16,2.0328790734103208e-20,5.293955920339377e-23,0.0,0.0,0.0,0.0
0.0,1.3088755441623395e-16,1.3552527156068805e-20,2.6469779601696886e-23,0.0,0.0,0.0,0.0
0.0,1.309066155526793e-16,6.776263578034403e-21,5.293955920339377e-23,0.0,0.0,0.0,0.0
0.0,1.3092573004227419e-16,2.0328790734103208e-20,5.293955920339377e-23,0.0,0.0,0.0,0.0
0.0,1.309448536308558e-16,1.3552527156068805e-20,2.6469779601696886e-23,0.0,0.0,0.0,0.0
0.0,1.3096397970097925e-16,1.3552527156068805e-20,5.293955920339377e-23,0.0,0.0,0.0,0.0
0.0,1.3098310783905423e-16,1.3552527156068805e-20,3.970466940254533e-23,0.0,0.0,0.0,0.0
0.0,1.3100223763149044e-16,1.3552527156068805e-20,5.293955920339377e-23,0.0,0.0,0.0,0.0
0.0,1.3102137486855216e-16,1.3552527156068805e-20,7.940933880509066e-23,0.0,0.0,0.0,0.0
0.0,1.310405191366491e-16,1.0164395367051604e-20,5.293955920339377e-23,0.0,0.0,0.0,0.0
0.0,1.3105966381833632e-16,2.0328790734103208e-20,2.6469779601696886e-23,0.0,0.0,0.0,0.0
0.0,1.310788105679751e-16,1.3552527156068805e-20,5.293955920339377e-23,0.0,0.0,0.0,0.0
0.0,1.310979610399266e-16,2.0328790734103208e-20,5.293955920339377e-23,0.0,0.0,0.0,0.0
0.0,1.3111711730214242e-16,2.0328790734103208e-20,7.940933880509066e-23,0.0,0.0,0.0,0.0
0.0,1.3113627480512915e-16,1.3552527156068805e-20,5.293955920339377e-23,0.0,0.0,0.0,0.0
0.0,1.3115543644401894e-16,1.3552527156068805e-20,5.293955920339377e-23,0.0,0.0,0.0,0.0
0.0,1.311746030459924e-16,1.3552527156068805e-20,5.293955920339377e-23,0.0,0.0,0.0,0.0
0.0,1.3119377461104955e-16,2.710505431213761e-20,5.293955920339377e-23,0.0,0.0,0.0,0.0
0.0,1.312129474168776e-16,1.3552527156068805e-20,2.6469779601696886e-23,0.0,0.0,0.0,0.0
0.0,1.3123212559937965e-16,1.3552527156068805e-20,5.293955920339377e-23,0.0,0.0,0.0,0.0
0.0,1.312513050226526e-16,2.0328790734103208e-20,5.293955920339377e-23,0.0,0.0,0.0,0.0
0.0,1.31270493131322e-16,1.3552527156068805e-20,2.6469779601696886e-23,0.0,0.0,0.0,0.0
0.0,1.3128967793126894e-16,6.776263578034403e-21,2.6469779601696886e-23,0.0,0.0,0.0,0.0
0.0,1.31308871003022e-16,1.3552527156068805e-20,2.6469779601696886e-23,0.0,0.0,0.0,0.0
0.0,1.3132806655631692e-16,1.3552527156068805e-20,5.293955920339377e-23,0.0,0.0,0.0,0.0
0.0,1.3134726583192458e-16,2.0328790734103208e-20,2.6469779601696886e-23,0.0,0.0,0.0,0.0
0.0,1.313664692434353e-16,2.0328790734103208e-20,5.293955920339377e-23,0.0,0.0,0.0,0.0
0.0,1.3138567968598124e-16,1.3552527156068805e-20,5.293955920339377e-23,0.0,0.0,0.0,0.0
0.0,1.314048917828884e-16,1.3552527156068805e-20,2.6469779601696886e-23,0.0,0.0,0.0,0.0
0.0,1.3142410305261494e-16,1.3552527156068805e-20,5.293955920339377e-23,0.0,0.0,0.0,0.0
0.0,1.31443321766967e-16,1.3552527156068805e-20,2.6469779601696886e-23,0.0,0.0,0.0,0.0
0.0,1.314625442036318e-16,1.3552527156068805e-20,7.940933880509066e-23,0.0,0.0,0.0,0.0
0.0,1.3148176994901907e-16,1.3552527156068805e-20,5.293955920339377e-23,0.0,0.0,0.0,0.0
0.0,1.315009998303094e-16,1.3552527156068805e-20,2.6469779601696886e-23,0.0,0.0,0.0,0.0
0.0,1.3152023095237064e-16,1.3552527156068805e-20,5.293955920339377e-23,0.0,0.0,0.0,0.0
0.0,1.315394695190574e-16,1.3552527156068805e-20,5.293955920339377e-23,0.0,0.0,0.0,0.0
0.0,1.315587113944666e-16,1.3552527156068805e-20,5.293955920339377e-23,0.0,0.0,0.0,0.0
0.0,1.3157795575141766e-16,1.3552527156068805e-20,2.6469779601696886e-23,0.0,0.0,0.0,0.0
0.0,1.3159720424427176e-16,1.3552527156068805e-20,5.293955920339377e-23,0.0,0.0,0.0,0.0
0.0,1.316164543914871e-16,6.776263578034403e-21,5.293955920339377e-23,0.0,0.0,0.0,0.0
0.0,1.3163571446486978e-16,6.776263578034403e-21,5.293955920339377e-23,0.0,0.0,0.0,0.0
0.0,1.3165497205671063e-16,1.3552527156068805e-20,2.6469779601696886e-23,0.0,0.0,0.0,0.0
0.0,1.3167423585240607e-16,1.3552527156068805e-20,5.293955920339377e-23,0.0,0.0,0.0,0.0
0.0,1.3169350212964335e-16,1.3552527156068805e-20,5.293955920339377e-23,0.0,0.0,0.0,0.0
0.0,1.317127733699643e-16,1.3552527156068805e-20,5.293955920339377e-23,0.0,0.0,0.0,0.0
0.0,1.317320479190077e-16,2.710505431213761e-20,5.293955920339377e-23,0.0,0.0,0.0,0.0
0.0,1.317513278447251e-16,2.0328790734103208e-20,2.6469779601696886e-23,0.0,0.0,0.0,0.0
0.0,1.317706094248037e-16,1.3552527156068805e-20,2.6469779601696886e-23,0.0,0.0,0.0,0.0
0.0,1.3178989803591752e-16,2.0328790734103208e-20,7.940933880509066e-23,0.0,0.0,0.0,0.0
0.0,1.3180918209753797e-16,1.3552527156068805e-20,2.6469779601696886e-23,0.0,0.0,0.0,0.0
0.0,1.3182847649891608e-16,2.0328790734103208e-20,5.293955920339377e-23,0.0,0.0,0.0,0.0
0.0,1.3184777586337786e-16,1.3552527156068805e-20,5.293955920339377e-23,0.0,0.0,0.0,0.0
0.0,1.3186707646861056e-16,1.3552527156068805e-20,5.293955920339377e-23,0.0,0.0,0.0,0.0
0.0,1.318863799689754e-16,2.0328790734103208e-20,5.293955920339377e-23,0.0,0.0,0.0,0.0
0.0,1.3190569008678515e-16,1.3552527156068805e-20,5.293955920339377e-23,0.0,0.0,0.0,0.0
0.0,1.3192500351331734e-16,1.3552527156068805e-20,5.293955920339377e-23,0.0,0.0,0.0,0.0
0.0,1.3194431859421076e-16,1.3552527156068805e-20,5.293955920339377e-23,0.0,0.0,0.0,0.0
0.0,1.3196363987895877e-16,2.0328790734103208e-20,5.293955920339377e-23,0.0,0.0,0.0,0.0
0.0,1.3198296033652618e-16,2.710505431213761e-20,5.293955920339377e-23,0.0,0.0,0.0,0.0
0.0,1.320022882387191e-16,1.3552527156068805e-20,2.6469779601696886e-23,0.0,0.0,0.0,0.0
0.0,1.320216157273217e-16,1.3552527156068805e-20,3.970466940254533e-23,0.0,0.0,0.0,0.0
0.0,1.3204095355568196e-16,6.776263578034403e-21,3.970466940254533e-23,0.0,0.0,0.0,0.0
0.0,1.3206029427917437e-16,1.3552527156068805e-20,5.293955920339377e-23,0.0,0.0,0.0,0.0
0.0,1.3207963458907647e-16,1.3552527156068805e-20,5.293955920339377e-23,0.0,0.0,0.0,0.0
0.0,1.3209898193001378e-16,6.776263578034403e-21,5.293955920339377e-23,0.0,0.0,0.0,0.0
0.0,1.3211833464762507e-16,6.776263578034403e-21,7.940933880509066e-23,0.0,0.0,0.0,0.0
0.0,1.3213768653805575e-16,1.3552527156068805e-20,5.293955920339377e-23,0.0,0.0,0.0,0.0
0.0,1.321570438051604e-16,1.3552527156068805e-20,5.293955920339377e-23,0.0,0.0,0.0,0.0
0.0,1.32176402313036e-16,1.3552527156068805e-20,5.293955920339377e-23,0.0,0.0,0.0,0.0
0.0,1.3219576785194677e-16,1.3552527156068805e-20,5.293955920339377e-23,0.0,0.0,0.0,0.0
0.0,1.3221513876753154e-16,1.0164395367051604e-20,1.0587911840678754e-22,0.0,0.0,0.0,0.0
0.0,1.3223451092388723e-16,1.3552527156068805e-20,5.293955920339377e-23,0.0,0.0,0.0,0.0
0.0,1.3225388804332659e-16,1.3552527156068805e-20,5.293955920339377e-23,0.0,0.0,0.0,0.0
0.0,1.3227326433558534e-16,2.0328790734103208e-20,2.6469779601696886e-23,0.0,0.0,0.0,0.0
0.0,1.322925426069415e-16,1.3552527156068805e-20,7.940933880509066e-23,0.0,0.0,0.0,0.0
0.0,1.3231194123307678e-16,1.3552527156068805e-20,5.293955920339377e-23,0.0,0.0,0.0,0.0
0.0,1.3233133696407993e-16,1.3552527156068805e-20,5.293955920339377e-23,0.0,0.0,0.0,0.0
0.0,1.3235073724457644e-16,1.3552527156068805e-20,5.293955920339377e-23,0.0,0.0,0.0,0.0
0.0,1.323701400066148e-16,1.3552527156068805e-20,7.940933880509066e-23,0.0,0.0,0.0,0.0
0.0,1.3238955021327865e-16,2.710505431213761e-20,5.293955920339377e-23,0.0,0.0,0.0,0.0
0.0,1.3240896331507466e-16,2.0328790734103208e-20,2.6469779601696886e-23,0.0,0.0,0.0,0.0
0.0,1.3242837600328036e-16,1.3552527156068805e-20,2.6469779601696886e-23,0.0,0.0,0.0,0.0
0.0,1.324477986176534e-16,1.3552527156068805e-20,2.6469779601696886e-23,0.0,0.0,0.0,0.0
0.0,1.3246722123202646e-16,1.3552527156068805e-20,5.293955920339377e-23,0.0,0.0,0.0,0.0
0.0,1.3248664508717043e-16,2.710505431213761e-20,7.940933880509066e-23,0.0,0.0,0.0,0.0
0.0,1.3250607307821747e-16,2.0328790734103208e-20,5.293955920339377e-23,0.0,0.0,0.0,0.0
0.0,1.3252550644593848e-16,1.3552527156068805e-20,2.6469779601696886e-23,0.0,0.0,0.0,0.0
0.0,1.3254494519033348e-16,1.3552527156068805e-20,7.940933880509066e-23,0.0,0.0,0.0,0.0
0.0,1.325643864162703e-16,1.3552527156068805e-20,2.6469779601696886e-23,0.0,0.0,0.0,0.0
0.0,1.3258382888297806e-16,2.710505431213761e-20,5.293955920339377e-23,0.0,0.0,0.0,0.0
0.0,1.326032763127695e-16,6.776263578034403e-21,2.6469779601696886e-23,0.0,0.0,0.0,0.0
0.0,1.3262272746487368e-16,2.0328790734103208e-20,7.940933880509066e-23,0.0,0.0,0.0,0.0
0.0,1.326421819257003e-16,6.776263578034403e-21,5.293955920339377e-23,0.0,0.0,0.0,0.0
0.0,1.3266164176320093e-16,6.776263578034403e-21,5.293955920339377e-23,0.0,0.0,0.0,0.0
0.0,1.3268110366865307e-16,1.3552527156068805e-20,5.293955920339377e-23,0.0,0.0,0.0,0.0
0.0,1.3270056888282767e-16,1.3552527156068805e-20,5.293955920339377e-23,0.0,0.0,0.0,0.0
0.0,1.3272003864649564e-16,1.3552527156068805e-20,6.617444900424221e-23,0.0,0.0,0.0,0.0
0.0,1.3273951089170544e-16,2.0328790734103208e-20,2.6469779601696886e-23,0.0,0.0,0.0,0.0
0.0,1.3275899058154076e-16,1.3552527156068805e-20,5.293955920339377e-23,0.0,0.0,0.0,0.0
0.0,1.3277846778983424e-16,2.0328790734103208e-20,5.293955920339377e-23,0.0,0.0,0.0,0.0
0.0,1.3279795244275323e-16,2.710505431213761e-20,5.293955920339377e-23,0.0,0.0,0.0,0.0
0.0,1.3281744040439468e-16,1.3552527156068805e-20,5.293955920339377e-23,0.0,0.0,0.0,0.0
0.0,1.3283693208834888e-16,2.710505431213761e-20,5.293955920339377e-23,0.0,0.0,0.0,0.0
0.0,1.3285642625384491e-16,2.0328790734103208e-20,7.940933880509066e-23,0.0,0.0,0.0,0.0
0.0,1.3287592827755677e-16,1.3552527156068805e-20,2.6469779601696886e-23,0.0,0.0,0.0,0.0
0.0,1.328954286469074e-16,1.3552527156068805e-20,5.293955920339377e-23,0.0,0.0,0.0,0.0
0.0,1.329149335657514e-16,1.3552527156068805e-20,5.293955920339377e-23,0.0,0.0,0.0,0.0
0.0,1.3293444592922092e-16,2.0328790734103208e-20,5.293955920339377e-23,0.0,0.0,0.0,0.0
0.0,1.3295396118782257e-16,2.0328790734103208e-20,5.293955920339377e-23,0.0,0.0,0.0,0.0
0.0,1.3297347644642423e-16,6.776263578034403e-21,5.293955920339377e-23,0.0,0.0,0.0,0.0
0.0,1.329929991496514e-16,1.3552527156068805e-20,2.6469779601696886e-23,0.0,0.0,0.0,0.0
0.0,1.3301252143928826e-16,3.3881317890172014e-20,5.293955920339377e-23,0.0,0.0,0.0,0.0
0.0,1.3303205241432156e-16,2.0328790734103208e-20,5.293955920339377e-23,0.0,0.0,0.0,0.0
0.0,1.3305158504371608e-16,1.0164395367051604e-20,7.940933880509066e-23,0.0,0.0,0.0,0.0
0.0,1.3307112304978458e-16,6.776263578034403e-21,5.293955920339377e-23,0.0,0.0,0.0,0.0
0.0,1.330906627102143e-16,1.3552527156068805e-20,5.293955920339377e-23,0.0,0.0,0.0,0.0
0.0,1.331102065065471e-16,1.3552527156068805e-20,3.970466940254533e-23,0.0,0.0,0.0,0.0
0.0,1.3312975361160234e-16,1.3552527156068805e-20,5.293955920339377e-23,0.0,0.0,0.0,0.0
0.0,1.3314931022923463e-16,6.776263578034403e-21,2.6469779601696886e-23,0.0,0.0,0.0,0.0
0.0,1.3316886064301232e-16,2.0328790734103208e-20,3.970466940254533e-23,0.0,0.0,0.0,0.0
0.0,1.3318842139654767e-16,2.0328790734103208e-20,5.293955920339377e-23,0.0,0.0,0.0,0.0
0.0,1.3320798339085393e-16,2.0328790734103208e-20,5.293955920339377e-23,0.0,0.0,0.0,0.0
0.0,1.332275457987505e-16,6.776263578034403e-21,3.970466940254533e-23,0.0,0.0,0.0,0.0
0.0,1.3324712020076596e-16,6.776263578034403e-21,5.293955920339377e-23,0.0,0.0,0.0,0.0
0.0,1.332666941891911e-16,1.3552527156068805e-20,5.293955920339377e-23,0.0,0.0,0.0,0.0
0.0,1.3328627231351932e-16,6.776263578034403e-21,2.6469779601696886e-23,0.0,0.0,0.0,0.0
0.0,1.333058545737506e-16,6.776263578034403e-21,5.293955920339377e-23,0.0,0.0,0.0,0.0
0.0,1.3332543642039156e-16,2.710505431213761e-20,5.293955920339377e-23,0.0,0.0,0.0,0.0
0.0,1.3334502571165804e-16,1.3552527156068805e-20,5.293955920339377e-23,0.0,0.0,0.0,0.0
0.0,1.3336461913882759e-16,1.3552527156068805e-20,5.293955920339377e-23,0.0,0.0,0.0,0.0
0.0,1.3338421546112927e-16,1.3552527156068805e-20,5.293955920339377e-23,0.0,0.0,0.0,0.0
0.0,1.3340381633292433e-16,1.3552527156068805e-20,5.293955920339377e-23,0.0,0.0,0.0,0.0
0.0,1.3342342258139337e-16,1.3552527156068805e-20,2.6469779601696886e-23,0.0,0.0,0.0,0.0
0.0,1.3344303255217516e-16,6.776263578034403e-21,2.6469779601696886e-23,0.0,0.0,0.0,0.0
0.0,1.334626450044988e-16,2.0328790734103208e-20,5.293955920339377e-23,0.0,0.0,0.0,0.0
0.0,1.3348225704323212e-16,1.3552527156068805e-20,7.940933880509066e-23,0.0,0.0,0.0,0.0
0.0,1.3350187569941035e-16,2.710505431213761e-20,5.293955920339377e-23,0.0,0.0,0.0,0.0
0.0,1.3352150014585286e-16,2.0328790734103208e-20,2.6469779601696886e-23,0.0,0.0,0.0,0.0
0.0,1.33541125419476e-16,2.0328790734103208e-20,2.6469779601696886e-23,0.0,0.0,0.0,0.0
0.0,1.335607556561828e-16,1.3552527156068805e-20,5.293955920339377e-23,0.0,0.0,0.0,0.0
0.0,1.3358039209674419e-16,1.3552527156068805e-20,5.293955920339377e-23,0.0,0.0,0.0,0.0
0.0,1.3360003143243773e-16,1.3552527156068805e-20,5.293955920339377e-23,0.0,0.0,0.0,0.0
0.0,1.336196736632634e-16,1.3552527156068805e-20,5.293955920339377e-23,0.0,0.0,0.0,0.0
0.0,1.3363931796204063e-16,2.0328790734103208e-20,2.6469779601696886e-23,0.0,0.0,0.0,0.0
0.0,1.3365897094621427e-16,1.3552527156068805e-20,2.6469779601696886e-23,0.0,0.0,0.0,0.0
0.0,1.336786222760267e-16,6.776263578034403e-21,7.940933880509066e-23,0.0,0.0,0.0,0.0
