1.0,0.019634872155634944,7.494005416219807e-16,0.013888888888888888
1.0,4.4832888508283524e-12,0.0,0.013888888888888888
1.0,1.9549426702658338e-12,1.1102230246251565e-16,0.013888888888888888
1.0,2.2582331410201923e-12,5.551115123125783e-16,0.013888888888888888
1.0,3.618244719291399e-11,5.551115123125783e-17,0.013888888888888888
1.0,6.425070243825958e-12,4.440892098500626e-16,0.013888888888888888
1.0,2.186178231908604e-12,1.1102230246251565e-16,0.013888888888888888
1.0,3.4052043240554504e-12,1.3877787807814457e-16,0.013888888888888888
1.0,2.38121335511215e-12,2.7755575615628914e-17,0.013888888888888888
1.0,2.5691691230636073e-12,2.7755575615628914e-17,0.013888888888888888
1.0,2.089666505140786e-12,0.0,0.013888888888888888
1.0,2.0073701297300403e-12,5.551115123125783e-17,0.013888888888888888
1.0,8.410715190439216e-10,8.326672684688674e-17,0.013888888888888888
1.0,7.387936483327828e-09,5.551115123125783e-17,0.013888888888888888
1.0,1.0114482797940701e-08,2.498001805406602e-16,0.013888888888888888
1.0,6.506655413320813e-09,2.7755575615628914e-17,0.013888888888888888
1.0,2.7737519165545116e-09,5.551115123125783e-17,0.013888888888888888
1.0,1.0016222928684479e-09,8.326672684688674e-17,0.013888888888888888
1.0,3.4109580547656105e-10,1.1102230246251565e-16,0.013888888888888888
1.0,1.1343053371614832e-10,2.7755575615628914e-17,0.013888888888888888
1.0,3.8214666167983776e-11,8.326672684688674e-17,0.013888888888888888
1.0,1.3372552136584736e-11,5.551115123125783e-17,0.013888888888888888
1.0,4.882556710509794e-12,5.551115123125783e-17,0.013888888888888888
1.0,3.8222534798206064e-12,0.0,0.013888888888888888
1.0,3.320745819574985e-12,5.551115123125783e-17,0.013888888888888888
1.0,2.1620222901650574e-12,2.7755575615628914e-17,0.013888888888888888
1.0,2.2007229253175865e-12,1.942890293094024e-16,0.013888888888888888
1.0,1.9478957172034844e-12,2.7755575615628914e-16,0.013888888888888888
1.0,3.796594687971601e-12,2.7755575615628914e-17,0.013888888888888888
1.0,9.548250278091491e-12,2.498001805406602e-16,0.013888888888888888
1.0,9.636153584927491e-12,1.1102230246251565e-16,0.013888888888888888
1.0,9.134954681854387e-12,0.0,0.013888888888888888
1.0,9.242310184293075e-12,2.220446049250313e-16,0.013888888888888888
1.0,8.867519495092213e-12,1.3877787807814457e-16,0.013888888888888888
1.0,9.141135607086593e-12,5.551115123125783e-17,0.013888888888888888
1.0,1.3233335055832936e-06,5.551115123125783e-17,0.013888888888888888
1.0,2.0430345380237576e-08,1.3877787807814457e-16,0.013888888888888888
1.0,1.4392505092065782e-08,8.326672684688674e-17,0.013888888888888888
1.0,1.3639804617608755e-08,5.551115123125783e-17,0.013888888888888888
1.0,1.2908695553449823e-08,1.1102230246251565e-16,0.013888888888888888
1.0,1.2134601228045773e-08,1.1102230246251565e-16,0.013888888888888888
1.0,1.1339616814953819e-08,2.220446049250313e-16,0.013888888888888888
1.0,1.0554086023372434e-08,1.6653345369377348e-16,0.013888888888888888
1.0,9.750875222100197e-09,8.326672684688674e-17,0.013888888888888888
1.0,8.917997309946797e-09,8.326672684688674e-17,0.013888888888888888
1.0,8.102520623436704e-09,1.1102230246251565e-16,0.013888888888888888
1.0,7.26281021174848e-09,8.326672684688674e-17,0.013888888888888888
1.0,6.422008837567382e-09,5.551115123125783e-17,0.013888888888888888
1.0,5.538760237631524e-09,8.326672684688674e-17,0.013888888888888888
1.0,4.680519688204143e-09,1.6653345369377348e-16,0.013888888888888888
1.0,3.7985413826610305e-09,1.3877787807814457e-16,0.013888888888888888
1.0,2.9307844622436295e-09,1.6653345369377348e-16,0.013888888888888888
1.0,2.0287439448510346e-09,2.7755575615628914e-16,0.013888888888888888
1.0,1.1665426115429779e-09,1.1102230246251565e-16,0.013888888888888888
1.0,2.498362731199863e-10,8.326672684688674e-17,0.013888888888888888
1.0,6.494760188747654e-10,8.326672684688674e-17,0.013888888888888888
1.0,1.5452632027318091e-09,1.3877787807814457e-16,0.013888888888888888
1.0,2.4237822249730405e-09,2.7755575615628914e-17,0.013888888888888888
1.0,3.326816367840769e-09,5.551115123125783e-17,0.013888888888888888
1.0,4.2333214901457855e-09,8.326672684688674e-17,0.013888888888888888
1.0,5.130666244026158e-09,2.7755575615628914e-17,0.013888888888888888
1.0,6.032933618750246e-09,1.3877787807814457e-16,0.013888888888888888
1.0,6.917564831280299e-09,5.551115123125783e-17,0.013888888888888888
1.0,7.816186596180811e-09,1.1102230246251565e-16,0.013888888888888888
1.0,8.705899288785044e-09,2.7755575615628914e-17,0.013888888888888888
1.0,9.583974605680031e-09,5.551115123125783e-17,0.013888888888888888
1.0,1.0457914758554689e-08,2.7755575615628914e-17,0.013888888888888888
1.0,1.13294750452429e-08,8.326672684688674e-17,0.013888888888888888
1.0,1.220349239840869e-08,5.551115123125783e-17,0.013888888888888888
1.0,1.3070001500966042e-08,8.326672684688674e-17,0.013888888888888888
1.0,1.394165710166061e-08,5.551115123125783e-17,0.013888888888888888
1.0,1.4784927369089691e-08,8.326672684688674e-17,0.013888888888888888
1.0,3.0682763372021686e-09,5.551115123125783e-17,0.013888888888888888
1.0,3.0054730755868066e-09,1.942890293094024e-16,0.013888888888888888
1.0,2.976327693404089e-09,1.3877787807814457e-16,0.013888888888888888
1.0,2.9823801883375854e-09,1.1102230246251565e-16,0.013888888888888888
1.0,2.9926886519837366e-09,1.942890293094024e-16,0.013888888888888888
1.0,2.9787242215475644e-09,2.7755575615628914e-17,0.013888888888888888
1.0,2.9765680405580257e-09,5.551115123125783e-17,0.013888888888888888
1.0,2.9659885879736736e-09,1.6653345369377348e-16,0.013888888888888888
1.0,2.9350519648024677e-09,1.3877787807814457e-16,0.013888888888888888
1.0,2.939096996664659e-09,8.326672684688674e-17,0.013888888888888888
1.0,2.9160413327740905e-09,0.0,0.013888888888888888
1.0,2.922132385168136e-09,8.326672684688674e-17,0.013888888888888888
1.0,2.935901422853085e-09,8.326672684688674e-17,0.013888888888888888
1.0,2.9067091875927763e-09,1.1102230246251565e-16,0.013888888888888888
1.0,2.902154887845365e-09,0.0,0.013888888888888888
1.0,2.8974870702763214e-09,5.551115123125783e-17,0.013888888888888888
1.0,2.875291817817713e-09,5.551115123125783e-17,0.013888888888888888
1.0,2.881635873455674e-09,0.0,0.013888888888888888
1.0,2.8703010518518037e-09,1.1102230246251565e-16,0.013888888888888888
1.0,2.8500386982210966e-09,0.0,0.013888888888888888
1.0,2.8457632072637795e-09,8.326672684688674e-17,0.013888888888888888
1.0,2.856009453228215e-09,5.551115123125783e-17,0.013888888888888888
1.0,2.8505471364557643e-09,8.326672684688674e-17,0.013888888888888888
1.0,2.8328743501968054e-09,1.1102230246251565e-16,0.013888888888888888
1.0,2.8178283364741187e-09,8.326672684688674e-17,0.013888888888888888
1.0,2.818755923801795e-09,2.7755575615628914e-17,0.013888888888888888
1.0,2.8096955649000145e-09,1.1102230246251565e-16,0.013888888888888888
1.0,2.780053442047773e-09,2.7755575615628914e-17,0.013888888888888888
1.0,2.7725340771934057e-09,1.3877787807814457e-16,0.013888888888888888
1.0,2.7800660125254892e-09,1.3877787807814457e-16,0.013888888888888888
1.0,2.765576931531904e-09,2.220446049250313e-16,0.013888888888888888
1.0,2.774624128813792e-09,2.7755575615628914e-17,0.013888888888888888
1.0,2.76833002407836e-09,8.326672684688674e-17,0.013888888888888888
1.0,2.7585259112682025e-09,1.3877787807814457e-16,0.013888888888888888
1.0,2.739428984640259e-09,5.551115123125783e-17,0.013888888888888888
1.0,7.33404648799981e-07,8.326672684688674e-17,0.013888888888888888
1.0,8.004163803479295e-09,1.1102230246251565e-16,0.013888888888888888
1.0,3.5761589979669103e-09,1.3877787807814457e-16,0.013888888888888888
1.0,2.9731512627102437e-09,1.3877787807814457e-16,0.013888888888888888
1.0,2.4192497525730435e-09,2.220446049250313e-16,0.013888888888888888
1.0,1.8581045529037572e-09,1.1102230246251565e-16,0.013888888888888888
1.0,1.2925322250619426e-09,8.326672684688674e-17,0.013888888888888888
1.0,7.074166500417307e-10,5.551115123125783e-17,0.013888888888888888
1.0,3.2119516491596275e-10,8.326672684688674e-17,0.013888888888888888
1.0,4.2826912281874705e-10,1.942890293094024e-16,0.013888888888888888
1.0,9.98918365190414e-10,8.326672684688674e-17,0.013888888888888888
1.0,1.5808757122742493e-09,1.6653345369377348e-16,0.013888888888888888
1.0,2.1607674196955382e-09,1.1102230246251565e-16,0.013888888888888888
1.0,2.7551235547773582e-09,2.7755575615628914e-17,0.013888888888888888
1.0,3.359864743938491e-09,5.551115123125783e-17,0.013888888888888888
1.0,3.950959476474053e-09,1.3877787807814457e-16,0.013888888888888888
1.0,4.545998479107937e-09,5.551115123125783e-17,0.013888888888888888
1.0,5.137025920899849e-09,1.1102230246251565e-16,0.013888888888888888
1.0,5.745306785378981e-09,1.1102230246251565e-16,0.013888888888888888
1.0,6.315733420514152e-09,2.220446049250313e-16,0.013888888888888888
1.0,6.919753175787011e-09,1.1102230246251565e-16,0.013888888888888888
1.0,7.517399177652938e-09,1.3877787807814457e-16,0.013888888888888888
1.0,8.103191081266192e-09,1.3877787807814457e-16,0.013888888888888888
1.0,8.69172609647905e-09,2.498001805406602e-16,0.013888888888888888
1.0,9.279809293142421e-09,2.220446049250313e-16,0.013888888888888888
1.0,9.865117110791028e-09,1.6653345369377348e-16,0.013888888888888888
1.0,1.0447422146426124e-08,1.1102230246251565e-16,0.013888888888888888
1.0,1.1011104827810579e-08,2.220446049250313e-16,0.013888888888888888
1.0,1.1605359408705648e-08,8.326672684688674e-17,0.013888888888888888
1.0,1.2194539837976846e-08,2.7755575615628914e-17,0.013888888888888888
1.0,1.2750501415373879e-08,1.3877787807814457e-16,0.013888888888888888
1.0,1.3339975748207247e-08,5.551115123125783e-17,0.013888888888888888
1.0,1.3891698592258797e-08,2.7755575615628914e-17,0.013888888888888888
1.0,1.44775520790451e-08,5.551115123125783e-17,0.013888888888888888
1.0,1.503839427044397e-08,1.3877787807814457e-16,0.013888888888888888
1.0,1.556345565674765e-08,1.3877787807814457e-16,0.013888888888888888
1.0,1.614355538104373e-08,2.498001805406602e-16,0.013888888888888888
1.0,3.3487435723909475e-09,2.7755575615628914e-17,0.013888888888888888
1.0,3.2832085224590825e-09,1.1102230246251565e-16,0.013888888888888888
1.0,3.2878732420500022e-09,5.551115123125783e-17,0.013888888888888888
1.0,3.2399648251468617e-09,1.1102230246251565e-16,0.013888888888888888
1.0,3.248379648005633e-09,1.942890293094024e-16,0.013888888888888888
1.0,3.249711530255117e-09,8.326672684688674e-17,0.013888888888888888
1.0,3.239655330986124e-09,1.942890293094024e-16,0.013888888888888888
1.0,3.2255718211385193e-09,1.942890293094024e-16,0.013888888888888888
1.0,3.2274973649347003e-09,1.1102230246251565e-16,0.013888888888888888
1.0,3.2143105864734314e-09,1.3877787807814457e-16,0.013888888888888888
1.0,3.2224099638653795e-09,2.220446049250313e-16,0.013888888888888888
1.0,3.215397121720331e-09,1.1102230246251565e-16,0.013888888888888888
1.0,3.2052786700902226e-09,1.3877787807814457e-16,0.013888888888888888
1.0,3.2109920129286375e-09,1.6653345369377348e-16,0.013888888888888888
1.0,3.197010610359575e-09,1.3877787807814457e-16,0.013888888888888888
1.0,3.190957766732909e-09,1.3877787807814457e-16,0.013888888888888888
1.0,3.185410031239047e-09,1.942890293094024e-16,0.013888888888888888
1.0,3.1738278449599572e-09,1.6653345369377348e-16,0.013888888888888888
1.0,3.1773195442779366e-09,5.551115123125783e-17,0.013888888888888888
1.0,3.165977501586123e-09,1.6653345369377348e-16,0.013888888888888888
1.0,3.1694440585478076e-09,1.3877787807814457e-16,0.013888888888888888
1.0,3.1432687011890937e-09,1.1102230246251565e-16,0.013888888888888888
1.0,3.1432637754280285e-09,1.1102230246251565e-16,0.013888888888888888
1.0,3.1522473217222932e-09,2.220446049250313e-16,0.013888888888888888
1.0,3.123674064419443e-09,1.942890293094024e-16,0.013888888888888888
1.0,3.1290851122300052e-09,8.326672684688674e-17,0.013888888888888888
1.0,3.132678295923697e-09,8.326672684688674e-17,0.013888888888888888
1.0,3.112096701583972e-09,2.498001805406602e-16,0.013888888888888888
1.0,3.105881311872583e-09,1.3877787807814457e-16,0.013888888888888888
1.0,3.108199707391054e-09,5.551115123125783e-17,0.013888888888888888
1.0,3.0868234358488192e-09,1.1102230246251565e-16,0.013888888888888888
1.0,3.090820947947927e-09,1.1102230246251565e-16,0.013888888888888888
1.0,3.0886455401494877e-09,2.7755575615628914e-17,0.013888888888888888
1.0,3.0692643765222956e-09,8.326672684688674e-17,0.013888888888888888
1.0,3.0722143138054002e-09,1.3877787807814457e-16,0.013888888888888888
1.0,4.179786176858527e-07,1.1102230246251565e-16,0.013888888888888888
1.0,2.485150299111347e-09,5.551115123125783e-17,0.013888888888888888
1.0,3.128706959954157e-10,2.220446049250313e-16,0.013888888888888888
1.0,7.572516858858703e-10,1.942890293094024e-16,0.013888888888888888
1.0,1.1412188101366339e-09,5.551115123125783e-17,0.013888888888888888
1.0,1.5289948489852674e-09,2.498001805406602e-16,0.013888888888888888
1.0,1.9094194137113293e-09,2.220446049250313e-16,0.013888888888888888
1.0,2.309130435213544e-09,2.498001805406602e-16,0.013888888888888888
1.0,2.6880950564771418e-09,2.220446049250313e-16,0.013888888888888888
1.0,3.083328474628874e-09,1.1102230246251565e-16,0.013888888888888888
1.0,3.467826692829195e-09,3.3306690738754696e-16,0.013888888888888888
1.0,3.867242453400655e-09,1.1102230246251565e-16,0.013888888888888888
1.0,4.262866220749044e-09,2.7755575615628914e-16,0.013888888888888888
1.0,4.6528421912393886e-09,8.326672684688674e-17,0.013888888888888888
1.0,5.0670390688511095e-09,1.1102230246251565e-16,0.013888888888888888
1.0,5.454227872111701e-09,5.551115123125783e-17,0.013888888888888888
1.0,5.853619089375441e-09,2.220446049250313e-16,0.013888888888888888
1.0,6.255630852604674e-09,8.326672684688674e-17,0.013888888888888888
1.0,6.647045853756401e-09,3.0531133177191805e-16,0.013888888888888888
1.0,7.0514327576014684e-09,1.3877787807814457e-16,0.013888888888888888
1.0,7.440993873257295e-09,3.3306690738754696e-16,0.013888888888888888
1.0,7.865516890633113e-09,1.3877787807814457e-16,0.013888888888888888
1.0,8.252415776293967e-09,2.220446049250313e-16,0.013888888888888888
1.0,8.659228824330366e-09,8.326672684688674e-17,0.013888888888888888
1.0,9.041029012272204e-09,1.3877787807814457e-16,0.013888888888888888
1.0,9.455164305122027e-09,2.220446049250313e-16,0.013888888888888888
1.0,9.830590633581209e-09,2.220446049250313e-16,0.013888888888888888
1.0,1.0217902119068513e-08,8.326672684688674e-17,0.013888888888888888
1.0,1.061342514208036e-08,1.3877787807814457e-16,0.013888888888888888
1.0,1.100569782952592e-08,8.326672684688674e-17,0.013888888888888888
1.0,1.1400779139000495e-08,1.942890293094024e-16,0.013888888888888888
1.0,1.17870812437435e-08,2.220446049250313e-16,0.013888888888888888
1.0,1.2162874951964744e-08,1.942890293094024e-16,0.013888888888888888
1.0,1.253289388656316e-08,1.1102230246251565e-16,0.013888888888888888
1.0,1.2925273626568412e-08,2.498001805406602e-16,0.013888888888888888
1.0,1.3312130749177628e-08,8.326672684688674e-17,0.013888888888888888
1.0,1.3673357987001862e-08,2.7755575615628914e-17,0.013888888888888888
1.0,3.030637260536396e-09,1.942890293094024e-16,0.013888888888888888
1.0,2.970313905005849e-09,1.1102230246251565e-16,0.013888888888888888
1.0,2.972230824349428e-09,1.3877787807814457e-16,0.013888888888888888
1.0,2.96482006223202e-09,5.551115123125783e-17,0.013888888888888888
1.0,2.945746683004353e-09,3.3306690738754696e-16,0.013888888888888888
1.0,2.9316718083776226e-09,1.3877787807814457e-16,0.013888888888888888
1.0,2.952054824600928e-09,1.942890293094024e-16,0.013888888888888888
1.0,2.9396966921827357e-09,5.551115123125783e-17,0.013888888888888888
1.0,2.9358205325477775e-09,2.7755575615628914e-17,0.013888888888888888
1.0,2.9456011207834396e-09,2.498001805406602e-16,0.013888888888888888
1.0,2.9207731222366594e-09,2.498001805406602e-16,0.013888888888888888
1.0,2.9151932986289985e-09,1.1102230246251565e-16,0.013888888888888888
1.0,2.9200136937135143e-09,1.1102230246251565e-16,0.013888888888888888
1.0,2.911594166523636e-09,2.220446049250313e-16,0.013888888888888888
1.0,2.9187621829123844e-09,8.326672684688674e-17,0.013888888888888888
1.0,2.9022651491768877e-09,1.1102230246251565e-16,0.013888888888888888
1.0,2.901658499379664e-09,1.3877787807814457e-16,0.013888888888888888
1.0,2.8738279046361686e-09,1.942890293094024e-16,0.013888888888888888
1.0,2.8892882055770476e-09,1.1102230246251565e-16,0.013888888888888888
1.0,2.8777897071994833e-09,8.326672684688674e-17,0.013888888888888888
1.0,2.8892364197575976e-09,1.6653345369377348e-16,0.013888888888888888
1.0,2.889841626670431e-09,1.1102230246251565e-16,0.013888888888888888
1.0,2.876854112530235e-09,1.6653345369377348e-16,0.013888888888888888
1.0,2.874657601061518e-09,5.551115123125783e-17,0.013888888888888888
1.0,2.8636265670127276e-09,1.6653345369377348e-16,0.013888888888888888
1.0,2.8713627421289256e-09,2.498001805406602e-16,0.013888888888888888
1.0,2.8564699511335987e-09,1.3877787807814457e-16,0.013888888888888888
1.0,2.8692165512348556e-09,1.6653345369377348e-16,0.013888888888888888
1.0,2.8393685646246416e-09,5.551115123125783e-17,0.013888888888888888
1.0,2.845274859458922e-09,1.1102230246251565e-16,0.013888888888888888
1.0,2.8412109531563416e-09,2.220446049250313e-16,0.013888888888888888
1.0,2.839658578979877e-09,1.942890293094024e-16,0.013888888888888888
1.0,2.8331464451842173e-09,1.1102230246251565e-16,0.013888888888888888
1.0,2.8267227425256745e-09,1.6653345369377348e-16,0.013888888888888888
1.0,2.8343580930806366e-09,1.942890293094024e-16,0.013888888888888888
1.0,2.5072826443713224e-07,3.0531133177191805e-16,0.013888888888888888
1.0,7.387819809075796e-10,1.1102230246251565e-16,0.013888888888888888
1.0,1.5928958939392167e-09,1.942890293094024e-16,0.013888888888888888
1.0,1.9010598856845977e-09,3.0531133177191805e-16,0.013888888888888888
1.0,2.181202370948378e-09,3.0531133177191805e-16,0.013888888888888888
1.0,2.427151948654289e-09,1.6653345369377348e-16,0.013888888888888888
1.0,2.696940285148818e-09,1.942890293094024e-16,0.013888888888888888
1.0,2.9719763861461156e-09,1.942890293094024e-16,0.013888888888888888
1.0,3.2315871347454668e-09,1.3877787807814457e-16,0.013888888888888888
1.0,3.499095950801824e-09,1.6653345369377348e-16,0.013888888888888888
1.0,3.764393445535992e-09,1.942890293094024e-16,0.013888888888888888
1.0,4.0475465076330724e-09,3.0531133177191805e-16,0.013888888888888888
1.0,4.321357353689671e-09,1.942890293094024e-16,0.013888888888888888
1.0,4.589498651662543e-09,2.220446049250313e-16,0.013888888888888888
1.0,4.85627402856098e-09,1.1102230246251565e-16,0.013888888888888888
1.0,5.141333502629681e-09,1.1102230246251565e-16,0.013888888888888888
1.0,5.421821221108603e-09,1.3877787807814457e-16,0.013888888888888888
1.0,5.676762217210499e-09,1.942890293094024e-16,0.013888888888888888
1.0,5.965699234834011e-09,3.0531133177191805e-16,0.013888888888888888
1.0,6.228597421195431e-09,1.3877787807814457e-16,0.013888888888888888
1.0,6.497057945288909e-09,2.7755575615628914e-16,0.013888888888888888
1.0,6.787196495741053e-09,1.1102230246251565e-16,0.013888888888888888
1.0,7.067500548662605e-09,1.942890293094024e-16,0.013888888888888888
1.0,7.35141043972788e-09,1.1102230246251565e-16,0.013888888888888888
1.0,7.623744375902517e-09,3.3306690738754696e-16,0.013888888888888888
1.0,7.891796743005562e-09,1.3877787807814457e-16,0.013888888888888888
1.0,8.15698097982565e-09,1.6653345369377348e-16,0.013888888888888888
1.0,8.435185228087118e-09,2.498001805406602e-16,0.013888888888888888
1.0,8.702558232742563e-09,1.3877787807814457e-16,0.013888888888888888
1.0,8.963226717948453e-09,1.1102230246251565e-16,0.013888888888888888
1.0,9.248928619450362e-09,2.220446049250313e-16,0.013888888888888888
1.0,9.517540063468952e-09,1.942890293094024e-16,0.013888888888888888
1.0,9.78912596523727e-09,2.220446049250313e-16,0.013888888888888888
1.0,1.0052770627000185e-08,1.942890293094024e-16,0.013888888888888888
1.0,1.0288169986863001e-08,1.6653345369377348e-16,0.013888888888888888
1.0,1.0577121191779027e-08,2.7755575615628914e-16,0.013888888888888888
1.0,1.082310072741065e-08,2.220446049250313e-16,0.013888888888888888
1.0,2.6658980305260296e-09,3.0531133177191805e-16,0.013888888888888888
1.0,2.6047615840534965e-09,3.885780586188048e-16,0.013888888888888888
1.0,2.607388537450555e-09,2.498001805406602e-16,0.013888888888888888
1.0,2.617611992158286e-09,1.942890293094024e-16,0.013888888888888888
1.0,2.5960362203980494e-09,1.6653345369377348e-16,0.013888888888888888
1.0,2.6007831846503592e-09,2.220446049250313e-16,0.013888888888888888
1.0,2.5943121834048778e-09,1.6653345369377348e-16,0.013888888888888888
1.0,2.596977100201977e-09,2.220446049250313e-16,0.013888888888888888
1.0,2.5919068673426545e-09,2.7755575615628914e-16,0.013888888888888888
1.0,2.5835054216255015e-09,2.220446049250313e-16,0.013888888888888888
1.0,2.5876720111508573e-09,2.498001805406602e-16,0.013888888888888888
1.0,2.5785640651188225e-09,3.885780586188048e-16,0.013888888888888888
1.0,2.587664451091932e-09,3.3306690738754696e-16,0.013888888888888888
1.0,2.5826954152120024e-09,4.718447854656915e-16,0.013888888888888888
1.0,2.554799128257272e-09,1.6653345369377348e-16,0.013888888888888888
1.0,2.573880544803226e-09,3.3306690738754696e-16,0.013888888888888888
1.0,2.562173608582483e-09,1.942890293094024e-16,0.013888888888888888
1.0,2.5598293985264386e-09,1.3877787807814457e-16,0.013888888888888888
1.0,2.534255437168901e-09,3.0531133177191805e-16,0.013888888888888888
1.0,2.5595069204406365e-09,1.6653345369377348e-16,0.013888888888888888
1.0,2.5415922854228418e-09,3.608224830031759e-16,0.013888888888888888
1.0,2.55418785344483e-09,1.942890293094024e-16,0.013888888888888888
1.0,2.5364753045668543e-09,2.7755575615628914e-16,0.013888888888888888
1.0,2.536629700385548e-09,2.498001805406602e-16,0.013888888888888888
1.0,2.53867677769833e-09,2.220446049250313e-16,0.013888888888888888
1.0,2.53167697528892e-09,2.498001805406602e-16,0.013888888888888888
1.0,2.5241346884127786e-09,2.7755575615628914e-16,0.013888888888888888
1.0,2.519444056728165e-09,2.498001805406602e-16,0.013888888888888888
1.0,2.5172012862263455e-09,2.220446049250313e-16,0.013888888888888888
1.0,2.5373798564654365e-09,2.498001805406602e-16,0.013888888888888888
1.0,2.511529817892475e-09,3.608224830031759e-16,0.013888888888888888
1.0,2.5322256141829326e-09,8.326672684688674e-17,0.013888888888888888
1.0,2.493909876140927e-09,8.326672684688674e-17,0.013888888888888888
1.0,2.4995026995190875e-09,1.942890293094024e-16,0.013888888888888888
1.0,2.5039094787321716e-09,1.3877787807814457e-16,0.013888888888888888
1.0,1.568950822666742e-07,2.498001805406602e-16,0.013888888888888888
1.0,7.297230079877438e-10,2.220446049250313e-16,0.013888888888888888
1.0,1.9104124860063546e-09,2.7755575615628914e-16,0.013888888888888888
1.0,2.1511416599710694e-09,3.0531133177191805e-16,0.013888888888888888
1.0,2.3383316356927456e-09,2.7755575615628914e-16,0.013888888888888888
1.0,2.524876608055442e-09,2.498001805406602e-16,0.013888888888888888
1.0,2.729097471525461e-09,2.498001805406602e-16,0.013888888888888888
1.0,2.892448035426808e-09,3.0531133177191805e-16,0.013888888888888888
1.0,3.083896624674245e-09,4.440892098500626e-16,0.013888888888888888
1.0,3.2632433200090116e-09,1.3877787807814457e-16,0.013888888888888888
1.0,3.441995410940903e-09,4.163336342344337e-16,0.013888888888888888
1.0,3.6352181325660238e-09,1.942890293094024e-16,0.013888888888888888
1.0,3.8281615250270325e-09,2.220446049250313e-16,0.013888888888888888
1.0,4.0096339629766746e-09,1.942890293094024e-16,0.013888888888888888
1.0,4.215809391842343e-09,1.3877787807814457e-16,0.013888888888888888
1.0,4.402905591077336e-09,2.498001805406602e-16,0.013888888888888888
1.0,4.584271777694024e-09,1.942890293094024e-16,0.013888888888888888
1.0,4.78371656196424e-09,3.0531133177191805e-16,0.013888888888888888
1.0,4.973860588656698e-09,1.6653345369377348e-16,0.013888888888888888
1.0,5.175522069228336e-09,2.498001805406602e-16,0.013888888888888888
1.0,5.364715941146881e-09,1.6653345369377348e-16,0.013888888888888888
1.0,5.570297257647896e-09,2.7755575615628914e-16,0.013888888888888888
1.0,5.7633983760571675e-09,1.6653345369377348e-16,0.013888888888888888
1.0,5.948914765844908e-09,4.163336342344337e-16,0.013888888888888888
1.0,6.135539452161084e-09,3.885780586188048e-16,0.013888888888888888
1.0,6.336078342143564e-09,5.273559366969494e-16,0.013888888888888888
1.0,6.513362613399386e-09,3.0531133177191805e-16,0.013888888888888888
1.0,6.711525351679005e-09,1.1102230246251565e-16,0.013888888888888888
1.0,6.923753319537643e-09,3.0531133177191805e-16,0.013888888888888888
1.0,7.096073108179541e-09,1.942890293094024e-16,0.013888888888888888
1.0,7.294115743939922e-09,8.326672684688674e-17,0.013888888888888888
1.0,7.474114785765034e-09,2.498001805406602e-16,0.013888888888888888
1.0,7.673338931219911e-09,1.942890293094024e-16,0.013888888888888888
1.0,7.846848960543495e-09,1.3877787807814457e-16,0.013888888888888888
1.0,8.040996937347148e-09,1.942890293094024e-16,0.013888888888888888
1.0,8.24526072416272e-09,2.498001805406602e-16,0.013888888888888888
1.0,8.421981357814798e-09,2.7755575615628914e-16,0.013888888888888888
1.0,6.507909075233587e-08,1.942890293094024e-16,0.013888888888888888
1.0,6.25546893869576e-08,1.942890293094024e-16,0.013888888888888888
1.0,5.991039563580186e-08,2.7755575615628914e-16,0.013888888888888888
1.0,5.742689333394216e-08,1.942890293094024e-16,0.013888888888888888
1.0,5.507231982671953e-08,1.3877787807814457e-16,0.013888888888888888
1.0,5.287834646443346e-08,1.942890293094024e-16,0.013888888888888888
1.0,5.0776128139776826e-08,3.3306690738754696e-16,0.013888888888888888
1.0,4.88224784863317e-08,2.498001805406602e-16,0.013888888888888888
1.0,4.6963574933335585e-08,1.942890293094024e-16,0.013888888888888888
1.0,4.5211448219844745e-08,3.3306690738754696e-16,0.013888888888888888
1.0,4.3555385987288185e-08,1.1102230246251565e-16,0.013888888888888888
1.0,4.198918113539032e-08,2.498001805406602e-16,0.013888888888888888
1.0,4.049654519027509e-08,1.942890293094024e-16,0.013888888888888888
1.0,3.9079459854805255e-08,3.0531133177191805e-16,0.013888888888888888
1.0,3.775101300414886e-08,2.7755575615628914e-17,0.013888888888888888
1.0,3.6464698528194644e-08,2.498001805406602e-16,0.013888888888888888
1.0,3.525063799602341e-08,4.163336342344337e-16,0.013888888888888888
1.0,3.4114397936723176e-08,1.942890293094024e-16,0.013888888888888888
1.0,3.30068236121284e-08,1.6653345369377348e-16,0.013888888888888888
1.0,3.194697267241401e-08,2.498001805406602e-16,0.013888888888888888
1.0,3.09710141180343e-08,1.3877787807814457e-16,0.013888888888888888
1.0,3.001338078255687e-08,3.608224830031759e-16,0.013888888888888888
1.0,2.9116506382293024e-08,2.498001805406602e-16,0.013888888888888888
1.0,2.8231540301338975e-08,3.0531133177191805e-16,0.013888888888888888
1.0,2.7405400785664773e-08,3.0531133177191805e-16,0.013888888888888888
1.0,2.6615272877342183e-08,1.6653345369377348e-16,0.013888888888888888
1.0,2.5853338283159847e-08,1.3877787807814457e-16,0.013888888888888888
1.0,2.5112838319533067e-08,4.718447854656915e-16,0.013888888888888888
1.0,2.4407576633349173e-08,1.6653345369377348e-16,0.013888888888888888
1.0,2.3748886343006217e-08,2.7755575615628914e-16,0.013888888888888888
1.0,2.3106324251294657e-08,2.498001805406602e-16,0.013888888888888888
1.0,2.2489272310688295e-08,2.7755575615628914e-16,0.013888888888888888
1.0,2.1886943121418508e-08,2.220446049250313e-16,0.013888888888888888
1.0,2.1312636385559405e-08,3.608224830031759e-16,0.013888888888888888
1.0,2.0774725318593064e-08,1.6653345369377348e-16,0.013888888888888888
1.0,8.979867523924747e-08,1.6653345369377348e-16,0.013888888888888888
1.0,1.8710289404425393e-08,3.885780586188048e-16,0.013888888888888888
1.0,1.9071232078000396e-08,3.608224830031759e-16,0.013888888888888888
1.0,1.882835861314733e-08,3.885780586188048e-16,0.013888888888888888
1.0,1.8549604888786308e-08,2.7755575615628914e-16,0.013888888888888888
1.0,1.8266071715049057e-08,3.3306690738754696e-16,0.013888888888888888
1.0,1.7991223447613106e-08,4.163336342344337e-16,0.013888888888888888
1.0,1.7756270352951995e-08,4.718447854656915e-16,0.013888888888888888
1.0,1.752552740453746e-08,4.440892098500626e-16,0.013888888888888888
1.0,1.7323793255937275e-08,4.718447854656915e-16,0.013888888888888888
1.0,1.709649294409836e-08,2.220446049250313e-16,0.013888888888888888
1.0,1.690603303633296e-08,3.885780586188048e-16,0.013888888888888888
1.0,1.6724565223373956e-08,1.942890293094024e-16,0.013888888888888888
1.0,1.655765520172494e-08,6.106226635438361e-16,0.013888888888888888
1.0,1.6402720121617296e-08,3.608224830031759e-16,0.013888888888888888
1.0,1.6262227387254814e-08,3.3306690738754696e-16,0.013888888888888888
1.0,1.6119678615138548e-08,2.220446049250313e-16,0.013888888888888888
1.0,1.5972101624368008e-08,1.942890293094024e-16,0.013888888888888888
1.0,1.58729788298408e-08,2.7755575615628914e-16,0.013888888888888888
1.0,1.5754936216833603e-08,4.718447854656915e-16,0.013888888888888888
1.0,1.5660260402493377e-08,1.6653345369377348e-16,0.013888888888888888
1.0,1.5561095685499923e-08,3.3306690738754696e-16,0.013888888888888888
1.0,1.547193571807251e-08,2.498001805406602e-16,0.013888888888888888
1.0,1.5396305635293447e-08,3.3306690738754696e-16,0.013888888888888888
1.0,1.5322003166087148e-08,2.7755575615628914e-16,0.013888888888888888
1.0,1.5253661827892143e-08,2.220446049250313e-16,0.013888888888888888
1.0,1.519631781136254e-08,4.163336342344337e-16,0.013888888888888888
1.0,1.513324924677356e-08,2.7755575615628914e-16,0.013888888888888888
1.0,1.508435024372928e-08,6.106226635438361e-16,0.013888888888888888
1.0,1.502333015176185e-08,5.551115123125783e-16,0.013888888888888888
1.0,1.5005311865593882e-08,4.440892098500626e-16,0.013888888888888888
1.0,1.495892985123359e-08,3.0531133177191805e-16,0.013888888888888888
1.0,1.4947981030026448e-08,1.942890293094024e-16,0.013888888888888888
1.0,1.4913088052319972e-08,4.163336342344337e-16,0.013888888888888888
1.0,1.489173261098818e-08,3.0531133177191805e-16,0.013888888888888888
1.0,1.4871437431409942e-08,2.7755575615628914e-16,0.013888888888888888
1.0,1.4859063849356833e-08,2.498001805406602e-16,0.013888888888888888
1.0,7.382134270882084e-09,2.498001805406602e-16,0.013888888888888888
1.0,7.3367528464542866e-09,3.0531133177191805e-16,0.013888888888888888
1.0,7.336053243135504e-09,2.7755575615628914e-16,0.013888888888888888
1.0,7.342014369598019e-09,3.608224830031759e-16,0.013888888888888888
1.0,7.323603600147391e-09,4.163336342344337e-16,0.013888888888888888
1.0,7.292277685572224e-09,3.0531133177191805e-16,0.013888888888888888
1.0,7.2647425524639906e-09,4.163336342344337e-16,0.013888888888888888
1.0,7.234074192577822e-09,2.220446049250313e-16,0.013888888888888888
1.0,7.195967307628933e-09,2.7755575615628914e-16,0.013888888888888888
1.0,7.144656461401796e-09,2.7755575615628914e-16,0.013888888888888888
1.0,7.0940649058432995e-09,3.0531133177191805e-16,0.013888888888888888
1.0,7.05574878577498e-09,3.885780586188048e-16,0.013888888888888888
1.0,6.999042563474945e-09,2.7755575615628914e-16,0.013888888888888888
1.0,6.941041493389123e-09,3.3306690738754696e-16,0.013888888888888888
1.0,6.887573882075883e-09,4.718447854656915e-16,0.013888888888888888
1.0,6.8367262072277824e-09,1.942890293094024e-16,0.013888888888888888
1.0,6.764984109681918e-09,3.3306690738754696e-16,0.013888888888888888
1.0,6.72203224990285e-09,2.7755575615628914e-16,0.013888888888888888
1.0,6.65799729252678e-09,3.3306690738754696e-16,0.013888888888888888
1.0,6.592377956568916e-09,2.498001805406602e-16,0.013888888888888888
1.0,6.521662317994846e-09,1.942890293094024e-16,0.013888888888888888
1.0,6.4746379830249705e-09,5.273559366969494e-16,0.013888888888888888
1.0,6.409338109909609e-09,2.220446049250313e-16,0.013888888888888888
1.0,6.3406789934030664e-09,2.7755575615628914e-16,0.013888888888888888
1.0,6.279775165255414e-09,2.498001805406602e-16,0.013888888888888888
1.0,6.215335800927182e-09,3.608224830031759e-16,0.013888888888888888
1.0,6.153830673056149e-09,2.7755575615628914e-16,0.013888888888888888
1.0,6.08985990029984e-09,2.220446049250313e-16,0.013888888888888888
1.0,6.0328258812743135e-09,1.6653345369377348e-16,0.013888888888888888
1.0,5.967158624009954e-09,2.498001805406602e-16,0.013888888888888888
1.0,5.910127202028204e-09,2.7755575615628914e-16,0.013888888888888888
1.0,5.837426695033802e-09,3.608224830031759e-16,0.013888888888888888
1.0,5.7857219163376e-09,3.0531133177191805e-16,0.013888888888888888
1.0,5.723911344576615e-09,2.220446049250313e-16,0.013888888888888888
1.0,5.668332248204184e-09,4.163336342344337e-16,0.013888888888888888
1.0,8.1058823196744e-08,4.440892098500626e-16,0.013888888888888888
1.0,4.748516992977362e-09,3.885780586188048e-16,0.013888888888888888
1.0,5.337419399782228e-09,1.1102230246251565e-16,0.013888888888888888
1.0,5.474090737304924e-09,4.996003610813204e-16,0.013888888888888888
1.0,5.538413155885038e-09,3.0531133177191805e-16,0.013888888888888888
1.0,5.634314307661999e-09,2.220446049250313e-16,0.013888888888888888
1.0,5.710327917722448e-09,3.608224830031759e-16,0.013888888888888888
1.0,5.7683800423343215e-09,3.608224830031759e-16,0.013888888888888888
1.0,5.86194990109423e-09,2.7755575615628914e-16,0.013888888888888888
1.0,5.9302331316068945e-09,4.440892098500626e-16,0.013888888888888888
1.0,6.006520373119349e-09,5.273559366969494e-16,0.013888888888888888
1.0,6.0818628289964065e-09,5.551115123125783e-16,0.013888888888888888
1.0,6.165171358210628e-09,2.220446049250313e-16,0.013888888888888888
1.0,6.24285308591145e-09,3.3306690738754696e-16,0.013888888888888888
1.0,6.3257318892970484e-09,4.996003610813204e-16,0.013888888888888888
1.0,6.410963303644933e-09,1.1102230246251565e-16,0.013888888888888888
1.0,6.502675377729055e-09,2.498001805406602e-16,0.013888888888888888
1.0,6.576665942854222e-09,4.996003610813204e-16,0.013888888888888888
1.0,6.660094811823059e-09,3.885780586188048e-16,0.013888888888888888
1.0,6.748280040306242e-09,2.220446049250313e-16,0.013888888888888888
1.0,6.836678231599831e-09,5.551115123125783e-16,0.013888888888888888
1.0,6.9193365429327115e-09,3.0531133177191805e-16,0.013888888888888888
1.0,7.026547665701311e-09,4.440892098500626e-16,0.013888888888888888
1.0,7.1100975226287616e-09,4.440892098500626e-16,0.013888888888888888
1.0,7.192035550245571e-09,4.163336342344337e-16,0.013888888888888888
1.0,7.2762127813284475e-09,2.7755575615628914e-16,0.013888888888888888
1.0,7.365825744102532e-09,4.440892098500626e-16,0.013888888888888888
1.0,7.456444477709972e-09,1.3877787807814457e-16,0.013888888888888888
1.0,7.538051485068458e-09,2.498001805406602e-16,0.013888888888888888
1.0,7.627623678921929e-09,4.440892098500626e-16,0.013888888888888888
1.0,7.726809505870153e-09,4.996003610813204e-16,0.013888888888888888
1.0,7.803430094105326e-09,2.7755575615628914e-16,0.013888888888888888
1.0,7.892835639779263e-09,5.551115123125783e-16,0.013888888888888888
1.0,7.979043721126796e-09,3.885780586188048e-16,0.013888888888888888
1.0,8.066899361223025e-09,4.440892098500626e-16,0.013888888888888888
1.0,8.157233091385542e-09,3.0531133177191805e-16,0.013888888888888888
1.0,8.258992227281181e-09,4.718447854656915e-16,0.013888888888888888
1.0,3.3462998581006156e-09,3.3306690738754696e-16,0.013888888888888888
1.0,3.3072261053944223e-09,3.0531133177191805e-16,0.013888888888888888
1.0,3.2954601244899924e-09,4.163336342344337e-16,0.013888888888888888
1.0,3.2897598132569014e-09,3.608224830031759e-16,0.013888888888888888
1.0,3.2946553274759113e-09,3.885780586188048e-16,0.013888888888888888
1.0,3.307227083601552e-09,3.3306690738754696e-16,0.013888888888888888
1.0,3.2926806212148853e-09,2.7755575615628914e-16,0.013888888888888888
1.0,3.2855839791958937e-09,4.163336342344337e-16,0.013888888888888888
1.0,3.264494331010121e-09,3.0531133177191805e-16,0.013888888888888888
1.0,3.2687108009716033e-09,4.718447854656915e-16,0.013888888888888888
1.0,3.2534226302073875e-09,5.273559366969494e-16,0.013888888888888888
1.0,3.2402738797416297e-09,3.3306690738754696e-16,0.013888888888888888
1.0,3.2274776554042056e-09,2.498001805406602e-16,0.013888888888888888
1.0,3.2186580142649525e-09,3.3306690738754696e-16,0.013888888888888888
1.0,3.2065542307863517e-09,4.718447854656915e-16,0.013888888888888888
1.0,3.1854031109454503e-09,3.0531133177191805e-16,0.013888888888888888
1.0,3.17254469888414e-09,3.3306690738754696e-16,0.013888888888888888
1.0,3.1541246087981416e-09,5.828670879282072e-16,0.013888888888888888
1.0,3.141140731070909e-09,4.163336342344337e-16,0.013888888888888888
1.0,3.122934958277785e-09,5.273559366969494e-16,0.013888888888888888
1.0,3.0975946849996703e-09,3.608224830031759e-16,0.013888888888888888
1.0,3.0829629759613853e-09,2.7755575615628914e-16,0.013888888888888888
1.0,3.0659154750735433e-09,3.608224830031759e-16,0.013888888888888888
1.0,3.0470687770275507e-09,3.3306690738754696e-16,0.013888888888888888
1.0,3.0275176259325617e-09,4.718447854656915e-16,0.013888888888888888
1.0,3.004657333806422e-09,2.220446049250313e-16,0.013888888888888888
1.0,2.9945438573464126e-09,4.440892098500626e-16,0.013888888888888888
1.0,2.976276751417039e-09,4.718447854656915e-16,0.013888888888888888
1.0,2.9563866342911686e-09,2.7755575615628914e-16,0.013888888888888888
1.0,2.9300165188569323e-09,5.273559366969494e-16,0.013888888888888888
1.0,2.9088433580311664e-09,1.3877787807814457e-16,0.013888888888888888
1.0,2.8882114572670298e-09,5.551115123125783e-16,0.013888888888888888
1.0,2.8788916764219548e-09,2.7755575615628914e-16,0.013888888888888888
1.0,2.8505468996654527e-09,2.498001805406602e-16,0.013888888888888888
1.0,2.833816202647648e-09,2.498001805406602e-16,0.013888888888888888
1.0,6.898808235464396e-08,4.718447854656915e-16,0.013888888888888888
1.0,2.1337814502640287e-09,2.7755575615628914e-16,0.013888888888888888
1.0,2.6361799172165976e-09,5.551115123125783e-16,0.013888888888888888
1.0,2.799324058731818e-09,2.7755575615628914e-16,0.013888888888888888
1.0,2.888240035461126e-09,3.0531133177191805e-16,0.013888888888888888
1.0,2.9836230607461083e-09,4.163336342344337e-16,0.013888888888888888
1.0,3.0709272023187583e-09,8.604228440844963e-16,0.013888888888888888
1.0,3.1721725885934124e-09,3.3306690738754696e-16,0.013888888888888888
1.0,3.261136416255557e-09,3.608224830031759e-16,0.013888888888888888
1.0,3.354100955168217e-09,2.498001805406602e-16,0.013888888888888888
1.0,3.4338655033999655e-09,4.440892098500626e-16,0.013888888888888888
1.0,3.5390466053723104e-09,5.273559366969494e-16,0.013888888888888888
1.0,3.6215906837112635e-09,3.608224830031759e-16,0.013888888888888888
1.0,3.7189187786660217e-09,3.0531133177191805e-16,0.013888888888888888
1.0,3.817177277889639e-09,3.608224830031759e-16,0.013888888888888888
1.0,3.9047272779997436e-09,4.718447854656915e-16,0.013888888888888888
1.0,3.994654717968534e-09,2.220446049250313e-16,0.013888888888888888
1.0,4.086884073778509e-09,3.885780586188048e-16,0.013888888888888888
1.0,4.192223649051452e-09,3.608224830031759e-16,0.013888888888888888
1.0,4.277342484387394e-09,4.163336342344337e-16,0.013888888888888888
1.0,4.376049617589612e-09,3.885780586188048e-16,0.013888888888888888
1.0,4.469798547221027e-09,4.163336342344337e-16,0.013888888888888888
1.0,4.565748640819253e-09,4.440892098500626e-16,0.013888888888888888
1.0,4.661358255923067e-09,3.3306690738754696e-16,0.013888888888888888
1.0,4.752789817352978e-09,3.885780586188048e-16,0.013888888888888888
1.0,4.84001819806378e-09,3.0531133177191805e-16,0.013888888888888888
1.0,4.9464713417962094e-09,3.608224830031759e-16,0.013888888888888888
1.0,5.037724485027189e-09,4.440892098500626e-16,0.013888888888888888
1.0,5.129744378742183e-09,4.718447854656915e-16,0.013888888888888888
1.0,5.219372931044968e-09,4.440892098500626e-16,0.013888888888888888
1.0,5.30857294525857e-09,3.608224830031759e-16,0.013888888888888888
1.0,5.393595015826565e-09,6.938893903907228e-16,0.013888888888888888
1.0,5.4956521851155326e-09,6.661338147750939e-16,0.013888888888888888
1.0,5.581465386413508e-09,3.3306690738754696e-16,0.013888888888888888
1.0,5.679129862722883e-09,3.885780586188048e-16,0.013888888888888888
1.0,5.755605897678068e-09,2.498001805406602e-16,0.013888888888888888
1.0,5.8489029395898175e-09,4.996003610813204e-16,0.013888888888888888
1.0,6.364461579211793e-09,5.551115123125783e-16,0.013888888888888888
1.0,6.312398813044416e-09,4.163336342344337e-16,0.013888888888888888
1.0,6.239237389055668e-09,4.163336342344337e-16,0.013888888888888888
1.0,6.179991779705805e-09,3.608224830031759e-16,0.013888888888888888
1.0,6.126395825390112e-09,4.440892098500626e-16,0.013888888888888888
1.0,6.067793037066861e-09,3.885780586188048e-16,0.013888888888888888
1.0,6.0015917181077375e-09,3.3306690738754696e-16,0.013888888888888888
1.0,5.9215138985166705e-09,4.163336342344337e-16,0.013888888888888888
1.0,5.868524197197803e-09,3.608224830031759e-16,0.013888888888888888
1.0,5.793077630361637e-09,4.163336342344337e-16,0.013888888888888888
1.0,5.7314080974721505e-09,3.3306690738754696e-16,0.013888888888888888
1.0,5.669550438600805e-09,3.885780586188048e-16,0.013888888888888888
1.0,5.5951752395889305e-09,3.885780586188048e-16,0.013888888888888888
1.0,5.531029058463907e-09,4.996003610813204e-16,0.013888888888888888
1.0,5.464996331869684e-09,4.163336342344337e-16,0.013888888888888888
1.0,5.3985867832432e-09,5.828670879282072e-16,0.013888888888888888
1.0,5.347690020928777e-09,4.163336342344337e-16,0.013888888888888888
1.0,5.272865061068535e-09,3.0531133177191805e-16,0.013888888888888888
1.0,5.203915968378285e-09,1.6653345369377348e-16,0.013888888888888888
1.0,5.143623010727874e-09,4.996003610813204e-16,0.013888888888888888
1.0,5.076298001784292e-09,4.440892098500626e-16,0.013888888888888888
1.0,5.013037118674178e-09,4.996003610813204e-16,0.013888888888888888
1.0,4.960558340245497e-09,4.163336342344337e-16,0.013888888888888888
1.0,4.881107376419866e-09,3.608224830031759e-16,0.013888888888888888
1.0,4.821144242630603e-09,3.0531133177191805e-16,0.013888888888888888
1.0,4.76451544162051e-09,3.885780586188048e-16,0.013888888888888888
1.0,4.707924869987488e-09,3.0531133177191805e-16,0.013888888888888888
1.0,4.6426417566886814e-09,5.273559366969494e-16,0.013888888888888888
1.0,4.583234188657924e-09,4.996003610813204e-16,0.013888888888888888
1.0,4.518216315417912e-09,2.498001805406602e-16,0.013888888888888888
1.0,4.462244154009955e-09,2.220446049250313e-16,0.013888888888888888
1.0,4.395805742708061e-09,3.608224830031759e-16,0.013888888888888888
1.0,4.3312297221885695e-09,2.498001805406602e-16,0.013888888888888888
1.0,4.290392863722372e-09,4.163336342344337e-16,0.013888888888888888
1.0,4.212860325793844e-09,3.608224830031759e-16,0.013888888888888888
1.0,3.7609014370842566e-08,2.220446049250313e-16,0.013888888888888888
1.0,3.922927850886845e-09,3.608224830031759e-16,0.013888888888888888
1.0,4.16978010829831e-09,5.828670879282072e-16,0.013888888888888888
1.0,4.218163186591647e-09,4.996003610813204e-16,0.013888888888888888
1.0,4.242731311702749e-09,5.273559366969494e-16,0.013888888888888888
1.0,4.2415096137910695e-09,3.885780586188048e-16,0.013888888888888888
1.0,4.242740933892681e-09,3.0531133177191805e-16,0.013888888888888888
1.0,4.252652433248347e-09,4.163336342344337e-16,0.013888888888888888
1.0,4.239906915192243e-09,3.885780586188048e-16,0.013888888888888888
1.0,4.247239171874358e-09,4.440892098500626e-16,0.013888888888888888
1.0,4.241487997229482e-09,6.106226635438361e-16,0.013888888888888888
1.0,4.239787488732089e-09,4.440892098500626e-16,0.013888888888888888
1.0,4.248704341391278e-09,4.440892098500626e-16,0.013888888888888888
1.0,4.241493548465008e-09,3.885780586188048e-16,0.013888888888888888
1.0,4.228533672594172e-09,4.718447854656915e-16,0.013888888888888888
1.0,4.226505620207968e-09,5.551115123125783e-16,0.013888888888888888
1.0,4.220439339409643e-09,3.608224830031759e-16,0.013888888888888888
1.0,4.2116054274155505e-09,5.828670879282072e-16,0.013888888888888888
1.0,4.20545091812837e-09,4.163336342344337e-16,0.013888888888888888
1.0,4.1985289618853095e-09,5.551115123125783e-16,0.013888888888888888
1.0,4.187053111666885e-09,3.885780586188048e-16,0.013888888888888888
1.0,4.172117839997655e-09,6.106226635438361e-16,0.013888888888888888
1.0,4.166214623484919e-09,6.661338147750939e-16,0.013888888888888888
1.0,4.147165799525163e-09,3.3306690738754696e-16,0.013888888888888888
1.0,4.137677329509691e-09,5.551115123125783e-16,0.013888888888888888
1.0,4.126603802646799e-09,3.0531133177191805e-16,0.013888888888888888
1.0,4.107529798125835e-09,3.0531133177191805e-16,0.013888888888888888
1.0,4.0971480707100336e-09,2.498001805406602e-16,0.013888888888888888
1.0,4.0739355160270825e-09,4.718447854656915e-16,0.013888888888888888
1.0,4.048358138354936e-09,4.996003610813204e-16,0.013888888888888888
1.0,4.032202577549062e-09,3.3306690738754696e-16,0.013888888888888888
1.0,4.0211666878301245e-09,2.7755575615628914e-16,0.013888888888888888
1.0,3.987828214996948e-09,5.273559366969494e-16,0.013888888888888888
1.0,3.965395827264489e-09,6.106226635438361e-16,0.013888888888888888
1.0,3.9494038867401914e-09,4.718447854656915e-16,0.013888888888888888
1.0,3.928003057725731e-09,4.718447854656915e-16,0.013888888888888888
1.0,3.899658801018886e-09,2.7755575615628914e-16,0.013888888888888888
1.0,2.535232027245686e-09,4.440892098500626e-16,0.013888888888888888
1.0,2.478557810933724e-09,4.718447854656915e-16,0.013888888888888888
1.0,2.4314563205403805e-09,3.0531133177191805e-16,0.013888888888888888
1.0,2.3852985308917134e-09,6.106226635438361e-16,0.013888888888888888
1.0,2.3358957583843817e-09,3.3306690738754696e-16,0.013888888888888888
1.0,2.2930593055515682e-09,8.049116928532385e-16,0.013888888888888888
1.0,2.243267198198082e-09,4.440892098500626e-16,0.013888888888888888
1.0,2.1965697069179086e-09,4.163336342344337e-16,0.013888888888888888
1.0,2.155658593996761e-09,4.996003610813204e-16,0.013888888888888888
1.0,2.1168860666962102e-09,4.440892098500626e-16,0.013888888888888888
1.0,2.072868589784791e-09,3.885780586188048e-16,0.013888888888888888
1.0,2.041580676493834e-09,1.942890293094024e-16,0.013888888888888888
1.0,1.9991485634006184e-09,4.440892098500626e-16,0.013888888888888888
1.0,1.953471504011236e-09,4.718447854656915e-16,0.013888888888888888
1.0,1.9150146325066746e-09,2.220446049250313e-16,0.013888888888888888
1.0,1.8734889018413987e-09,4.163336342344337e-16,0.013888888888888888
1.0,1.834919288267032e-09,4.163336342344337e-16,0.013888888888888888
1.0,1.7982995140706058e-09,3.885780586188048e-16,0.013888888888888888
1.0,1.7642458906172187e-09,3.3306690738754696e-16,0.013888888888888888
1.0,1.7315257431408918e-09,6.106226635438361e-16,0.013888888888888888
1.0,1.6889948959258262e-09,5.551115123125783e-16,0.013888888888888888
1.0,1.6551431280496564e-09,4.163336342344337e-16,0.013888888888888888
1.0,1.6188765764034716e-09,4.163336342344337e-16,0.013888888888888888
1.0,1.5861823703981928e-09,4.163336342344337e-16,0.013888888888888888
1.0,1.556104558515654e-09,6.106226635438361e-16,0.013888888888888888
1.0,1.5252848191590682e-09,4.440892098500626e-16,0.013888888888888888
1.0,1.4882643592524196e-09,4.718447854656915e-16,0.013888888888888888
1.0,1.4522251716793587e-09,4.718447854656915e-16,0.013888888888888888
1.0,1.4229907747410839e-09,4.163336342344337e-16,0.013888888888888888
1.0,1.3924358703717995e-09,3.885780586188048e-16,0.013888888888888888
1.0,1.3550639898839123e-09,3.3306690738754696e-16,0.013888888888888888
1.0,1.3262703113549257e-09,6.106226635438361e-16,0.013888888888888888
1.0,1.2913766069784142e-09,6.106226635438361e-16,0.013888888888888888
1.0,1.2709599713299714e-09,6.38378239159465e-16,0.013888888888888888
1.0,1.2372488923562555e-09,3.608224830031759e-16,0.013888888888888888
1.0,2.8064443269588493e-08,5.273559366969494e-16,0.013888888888888888
1.0,1.1553308656240857e-09,4.996003610813204e-16,0.013888888888888888
1.0,1.2213124909449305e-09,7.216449660063518e-16,0.013888888888888888
1.0,1.2340260007427684e-09,3.0531133177191805e-16,0.013888888888888888
1.0,1.2297843176650948e-09,3.0531133177191805e-16,0.013888888888888888
1.0,1.2230521747212384e-09,6.661338147750939e-16,0.013888888888888888
1.0,1.2145716862148879e-09,6.38378239159465e-16,0.013888888888888888
1.0,1.2132479921521296e-09,3.885780586188048e-16,0.013888888888888888
1.0,1.1929191522909805e-09,5.551115123125783e-16,0.013888888888888888
1.0,1.1828915822571323e-09,5.828670879282072e-16,0.013888888888888888
1.0,1.174876456580466e-09,3.608224830031759e-16,0.013888888888888888
1.0,1.160434102402461e-09,5.551115123125783e-16,0.013888888888888888
1.0,1.1532239523617263e-09,4.996003610813204e-16,0.013888888888888888
1.0,1.140555086453369e-09,3.3306690738754696e-16,0.013888888888888888
1.0,1.131697263094248e-09,8.049116928532385e-16,0.013888888888888888
1.0,1.1223111819737227e-09,4.718447854656915e-16,0.013888888888888888
1.0,1.1111013603105675e-09,8.326672684688674e-16,0.013888888888888888
1.0,1.1011367300277276e-09,5.273559366969494e-16,0.013888888888888888
1.0,1.0950459753603478e-09,6.661338147750939e-16,0.013888888888888888
1.0,1.0830941200319461e-09,4.440892098500626e-16,0.013888888888888888
1.0,1.071167444669479e-09,5.273559366969494e-16,0.013888888888888888
1.0,1.0646239093485329e-09,4.996003610813204e-16,0.013888888888888888
1.0,1.04879829955144e-09,6.106226635438361e-16,0.013888888888888888
1.0,1.0385570599220224e-09,3.885780586188048e-16,0.013888888888888888
1.0,1.1429116364582295e-09,1.942890293094024e-16,0.013888888888888888
1.0,1.2532478592238763e-09,5.551115123125783e-16,0.013888888888888888
1.0,1.3657820061928473e-09,2.220446049250313e-16,0.013888888888888888
1.0,1.504331130535649e-09,4.163336342344337e-16,0.013888888888888888
1.0,1.6297510219995487e-09,4.996003610813204e-16,0.013888888888888888
1.0,1.7638459457940017e-09,4.996003610813204e-16,0.013888888888888888
1.0,1.9055904943543074e-09,5.551115123125783e-16,0.013888888888888888
1.0,2.0442537161679566e-09,5.273559366969494e-16,0.013888888888888888
1.0,2.196160908536341e-09,5.273559366969494e-16,0.013888888888888888
1.0,2.352072843856357e-09,7.216449660063518e-16,0.013888888888888888
1.0,2.5084115690268143e-09,5.273559366969494e-16,0.013888888888888888
1.0,2.6744808040723048e-09,4.440892098500626e-16,0.013888888888888888
1.0,2.8361378552775255e-09,6.938893903907228e-16,0.013888888888888888
1.0,1.082603295032389e-10,6.106226635438361e-16,0.013888888888888888
1.0,1.0412252044232655e-10,5.273559366969494e-16,0.013888888888888888
1.0,1.0239944354402574e-10,6.938893903907228e-16,0.013888888888888888
1.0,1.0385827164807606e-10,3.608224830031759e-16,0.013888888888888888
1.0,9.274042129790094e-11,6.938893903907228e-16,0.013888888888888888
1.0,9.455140262664101e-11,5.828670879282072e-16,0.013888888888888888
1.0,8.959613855632068e-11,2.7755575615628914e-16,0.013888888888888888
1.0,8.35215592889977e-11,6.106226635438361e-16,0.013888888888888888
1.0,8.745799871393185e-11,9.71445146547012e-16,0.013888888888888888
1.0,8.245244393411213e-11,5.273559366969494e-16,0.013888888888888888
1.0,8.369748157046107e-11,3.608224830031759e-16,0.013888888888888888
1.0,7.805052844393386e-11,5.828670879282072e-16,0.013888888888888888
1.0,8.763386530719769e-11,7.216449660063518e-16,0.013888888888888888
1.0,7.43906454640264e-11,5.551115123125783e-16,0.013888888888888888
1.0,8.217552045439357e-11,5.828670879282072e-16,0.013888888888888888
1.0,7.479301314386703e-11,6.661338147750939e-16,0.013888888888888888
1.0,7.535891842997252e-11,4.440892098500626e-16,0.013888888888888888
1.0,7.332147114709272e-11,6.106226635438361e-16,0.013888888888888888
1.0,6.21031268283113e-11,4.996003610813204e-16,0.013888888888888888
1.0,7.027786303405433e-11,5.273559366969494e-16,0.013888888888888888
1.0,6.201502500412505e-11,3.885780586188048e-16,0.013888888888888888
1.0,6.280731556543074e-11,6.938893903907228e-16,0.013888888888888888
1.0,6.724680468176193e-11,5.551115123125783e-16,0.013888888888888888
1.0,6.812712816673952e-11,4.996003610813204e-16,0.013888888888888888
1.0,6.376303571865765e-11,5.273559366969494e-16,0.013888888888888888
1.0,6.406484035692173e-11,6.106226635438361e-16,0.013888888888888888
1.0,6.322218138713755e-11,6.38378239159465e-16,0.013888888888888888
1.0,5.4292823204706634e-11,4.440892098500626e-16,0.013888888888888888
1.0,6.093319426564132e-11,4.996003610813204e-16,0.013888888888888888
1.0,6.273160484563147e-11,5.551115123125783e-16,0.013888888888888888
1.0,5.86945186278439e-11,3.885780586188048e-16,0.013888888888888888
1.0,6.431618277406212e-11,3.3306690738754696e-16,0.013888888888888888
1.0,5.394055090792195e-11,6.938893903907228e-16,0.013888888888888888
1.0,5.560062102918398e-11,2.7755575615628914e-16,0.013888888888888888
1.0,5.389019455651052e-11,4.440892098500626e-16,0.013888888888888888
1.0,5.630485169876564e-11,5.551115123125783e-16,0.013888888888888888
1.0,5.2594769226208884e-11,2.7755575615628914e-16,0.013888888888888888
1.0,5.133709954113401e-11,6.106226635438361e-16,0.013888888888888888
1.0,5.377690800932893e-11,6.661338147750939e-16,0.013888888888888888
1.0,4.645739222027886e-11,5.828670879282072e-16,0.013888888888888888
1.0,5.220480489779733e-11,3.608224830031759e-16,0.013888888888888888
1.0,5.03686223205967e-11,5.828670879282072e-16,0.013888888888888888
1.0,4.7035846406673706e-11,3.885780586188048e-16,0.013888888888888888
1.0,5.336176721789278e-11,4.440892098500626e-16,0.013888888888888888
1.0,4.874619851526418e-11,5.273559366969494e-16,0.013888888888888888
1.0,4.890967095486843e-11,7.771561172376096e-16,0.013888888888888888
1.0,4.8456899414755836e-11,5.551115123125783e-16,0.013888888888888888
1.0,5.2204646840265044e-11,3.0531133177191805e-16,0.013888888888888888
1.0,4.492289088515115e-11,4.996003610813204e-16,0.013888888888888888
1.0,4.6771601731956347e-11,3.608224830031759e-16,0.013888888888888888
1.0,4.150207626870477e-11,3.608224830031759e-16,0.013888888888888888
1.0,4.523724447719487e-11,5.551115123125783e-16,0.013888888888888888
1.0,4.6947613134413737e-11,5.273559366969494e-16,0.013888888888888888
1.0,4.5425853097237985e-11,3.885780586188048e-16,0.013888888888888888
1.0,4.633133309034945e-11,3.608224830031759e-16,0.013888888888888888
1.0,3.9565232171801277e-11,3.608224830031759e-16,0.013888888888888888
1.0,4.7777576920127284e-11,4.718447854656915e-16,0.013888888888888888
1.0,3.9800892134959046e-11,3.3306690738754696e-16,0.013888888888888888
1.0,3.860938275265048e-11,7.494005416219807e-16,0.013888888888888888
1.0,4.419326312985523e-11,5.273559366969494e-16,0.013888888888888888
1.0,5.0305345374839544e-11,6.106226635438361e-16,0.013888888888888888
1.0,4.4633400399709004e-11,5.273559366969494e-16,0.013888888888888888
1.0,3.8148646700640926e-11,7.494005416219807e-16,0.013888888888888888
1.0,4.396082708252718e-11,4.718447854656915e-16,0.013888888888888888
1.0,4.5689759797683005e-11,7.216449660063518e-16,0.013888888888888888
1.0,3.862185501982507e-11,3.608224830031759e-16,0.013888888888888888
1.0,4.0395099868089785e-11,4.996003610813204e-16,0.013888888888888888
1.0,4.2633666681375575e-11,6.938893903907228e-16,0.013888888888888888
1.0,4.022141876057661e-11,8.049116928532385e-16,0.013888888888888888
1.0,4.4243400666983075e-11,4.440892098500626e-16,0.013888888888888888
1.0,4.04579214532674e-11,5.273559366969494e-16,0.013888888888888888
1.0,4.069685608134695e-11,3.3306690738754696e-16,0.013888888888888888
1.0,1.0554011335062822e-10,4.718447854656915e-16,0.013888888888888888
1.0,1.0107547453964952e-10,5.273559366969494e-16,0.013888888888888888
1.0,1.0102511015940446e-10,3.885780586188048e-16,0.013888888888888888
1.0,9.303913047303145e-11,4.996003610813204e-16,0.013888888888888888
1.0,9.071247223351752e-11,4.718447854656915e-16,0.013888888888888888
1.0,8.832293634230893e-11,3.608224830031759e-16,0.013888888888888888
1.0,8.647418198843301e-11,3.608224830031759e-16,0.013888888888888888
1.0,8.136818768162923e-11,4.718447854656915e-16,0.013888888888888888
1.0,8.475114816361111e-11,4.718447854656915e-16,0.013888888888888888
1.0,7.901635087264993e-11,7.771561172376096e-16,0.013888888888888888
1.0,7.994694997935273e-11,3.3306690738754696e-16,0.013888888888888888
1.0,8.212259265091739e-11,5.551115123125783e-16,0.013888888888888888
1.0,7.046441946679617e-11,4.440892098500626e-16,0.013888888888888888
1.0,7.607336525778883e-11,7.216449660063518e-16,0.013888888888888888
1.0,7.145786964631188e-11,4.996003610813204e-16,0.013888888888888888
1.0,7.616132579288933e-11,3.3306690738754696e-16,0.013888888888888888
1.0,6.710644715430435e-11,5.551115123125783e-16,0.013888888888888888
1.0,6.381146087892093e-11,5.828670879282072e-16,0.013888888888888888
1.0,6.301913366753193e-11,6.38378239159465e-16,0.013888888888888888
1.0,6.779804351332072e-11,5.551115123125783e-16,0.013888888888888888
1.0,6.421381107252629e-11,5.273559366969494e-16,0.013888888888888888
1.0,6.359755172349463e-11,3.0531133177191805e-16,0.013888888888888888
1.0,6.246567161048851e-11,3.3306690738754696e-16,0.013888888888888888
1.0,5.7460344303347377e-11,6.661338147750939e-16,0.013888888888888888
1.0,6.416339486897922e-11,3.608224830031759e-16,0.013888888888888888
1.0,5.483188614230861e-11,5.551115123125783e-16,0.013888888888888888
1.0,5.854181718225417e-11,4.718447854656915e-16,0.013888888888888888
1.0,5.410242596910681e-11,4.996003610813204e-16,0.013888888888888888
1.0,5.353647897972716e-11,4.440892098500626e-16,0.013888888888888888
1.0,5.297053265846876e-11,5.828670879282072e-16,0.013888888888888888
1.0,5.014088993081897e-11,6.38378239159465e-16,0.013888888888888888
1.0,5.3171707486238186e-11,6.38378239159465e-16,0.013888888888888888
1.0,5.542280555657573e-11,5.551115123125783e-16,0.013888888888888888
1.0,4.904671128329326e-11,6.938893903907228e-16,0.013888888888888888
1.0,5.53850339034934e-11,6.661338147750939e-16,0.013888888888888888
1.0,6.24150356310049e-11,3.885780586188048e-16,0.013888888888888888
1.0,4.8078297331925695e-11,5.273559366969494e-16,0.013888888888888888
1.0,5.6315598615270915e-11,6.661338147750939e-16,0.013888888888888888
1.0,4.747461020477857e-11,6.106226635438361e-16,0.013888888888888888
1.0,4.1073382473521294e-11,8.049116928532385e-16,0.013888888888888888
1.0,4.875733149051465e-11,8.326672684688674e-16,0.013888888888888888
1.0,4.7600317668922173e-11,6.38378239159465e-16,0.013888888888888888
1.0,5.247980261370328e-11,7.771561172376096e-16,0.013888888888888888
1.0,4.7197849896177e-11,5.551115123125783e-16,0.013888888888888888
1.0,4.498445194721415e-11,4.718447854656915e-16,0.013888888888888888
1.0,4.2569839331553944e-11,3.0531133177191805e-16,0.013888888888888888
1.0,4.4443651014338567e-11,6.661338147750939e-16,0.013888888888888888
1.0,4.113614349698659e-11,4.440892098500626e-16,0.013888888888888888
1.0,4.0230656339571746e-11,3.3306690738754696e-16,0.013888888888888888
1.0,3.781604922440977e-11,5.273559366969494e-16,0.013888888888888888
1.0,4.313568472163679e-11,3.0531133177191805e-16,0.013888888888888888
1.0,3.8231031044604895e-11,5.551115123125783e-16,0.013888888888888888
1.0,3.7375850483679336e-11,3.3306690738754696e-16,0.013888888888888888
1.0,4.4833398983277916e-11,7.216449660063518e-16,0.013888888888888888
1.0,4.768813230076043e-11,4.718447854656915e-16,0.013888888888888888
1.0,4.337455517738349e-11,5.551115123125783e-16,0.013888888888888888
1.0,3.735064830857283e-11,4.718447854656915e-16,0.013888888888888888
1.0,4.483333912341845e-11,5.273559366969494e-16,0.013888888888888888
1.0,3.94633862399191e-11,5.551115123125783e-16,0.013888888888888888
1.0,3.811774526310679e-11,4.163336342344337e-16,0.013888888888888888
1.0,4.103535546965327e-11,4.440892098500626e-16,0.013888888888888888
1.0,4.235581754236256e-11,5.273559366969494e-16,0.013888888888888888
1.0,3.5942068801374554e-11,3.608224830031759e-16,0.013888888888888888
1.0,3.375384251806235e-11,5.828670879282072e-16,0.013888888888888888
1.0,4.0947271392647346e-11,6.38378239159465e-16,0.013888888888888888
1.0,4.473261623689861e-11,5.273559366969494e-16,0.013888888888888888
1.0,3.537610628911004e-11,3.608224830031759e-16,0.013888888888888888
1.0,3.7287636861293645e-11,6.938893903907228e-16,0.013888888888888888
1.0,3.8796736630060216e-11,4.163336342344337e-16,0.013888888888888888
1.0,3.430711991908883e-11,4.163336342344337e-16,0.013888888888888888
1.0,3.263451207568139e-11,5.273559366969494e-16,0.013888888888888888
1.0,3.6218638217091704e-11,6.106226635438361e-16,0.013888888888888888
1.0,1.0102837245810289e-10,4.996003610813204e-16,0.013888888888888888
1.0,8.820741361099658e-11,3.608224830031759e-16,0.013888888888888888
1.0,8.234478019320175e-11,5.273559366969494e-16,0.013888888888888888
1.0,7.719919743309863e-11,4.163336342344337e-16,0.013888888888888888
1.0,7.516998514080128e-11,6.661338147750939e-16,0.013888888888888888
1.0,7.46337328641214e-11,6.38378239159465e-16,0.013888888888888888
1.0,7.187977218770562e-11,3.0531133177191805e-16,0.013888888888888888
1.0,6.63629418851638e-11,5.551115123125783e-16,0.013888888888888888
1.0,6.442952806066199e-11,4.163336342344337e-16,0.013888888888888888
1.0,6.767079771801305e-11,5.551115123125783e-16,0.013888888888888888
1.0,6.077691076022701e-11,4.996003610813204e-16,0.013888888888888888
1.0,5.976054050407236e-11,4.996003610813204e-16,0.013888888888888888
1.0,6.240041313950619e-11,5.273559366969494e-16,0.013888888888888888
1.0,5.2768330800177186e-11,6.106226635438361e-16,0.013888888888888888
1.0,5.321073066899457e-11,3.3306690738754696e-16,0.013888888888888888
1.0,6.054517939069341e-11,6.38378239159465e-16,0.013888888888888888
1.0,4.757227538125533e-11,5.551115123125783e-16,0.013888888888888888
1.0,5.305137945200769e-11,5.828670879282072e-16,0.013888888888888888
1.0,4.7905712453252737e-11,4.440892098500626e-16,0.013888888888888888
1.0,4.8529020855783344e-11,4.718447854656915e-16,0.013888888888888888
1.0,4.849246365065436e-11,4.440892098500626e-16,0.013888888888888888
1.0,4.453106328787742e-11,6.661338147750939e-16,0.013888888888888888
1.0,4.324831888093479e-11,3.885780586188048e-16,0.013888888888888888
1.0,4.361533285664759e-11,6.38378239159465e-16,0.013888888888888888
1.0,4.816677481107507e-11,5.273559366969494e-16,0.013888888888888888
1.0,4.538618672385392e-11,2.220446049250313e-16,0.013888888888888888
1.0,4.0104329083948855e-11,4.718447854656915e-16,0.013888888888888888
1.0,4.132521235043362e-11,3.885780586188048e-16,0.013888888888888888
1.0,4.110780751913898e-11,4.996003610813204e-16,0.013888888888888888
1.0,4.226742747554721e-11,3.608224830031759e-16,0.013888888888888888
1.0,4.0582183036067877e-11,4.440892098500626e-16,0.013888888888888888
1.0,3.576563672402535e-11,5.828670879282072e-16,0.013888888888888888
1.0,3.4005016233527394e-11,5.273559366969494e-16,0.013888888888888888
1.0,3.386667686533374e-11,3.885780586188048e-16,0.013888888888888888
1.0,4.077453680746386e-11,5.828670879282072e-16,0.013888888888888888
1.0,3.709865054217945e-11,5.273559366969494e-16,0.013888888888888888
1.0,3.434454215211237e-11,7.494005416219807e-16,0.013888888888888888
1.0,3.0810734445215875e-11,5.551115123125783e-16,0.013888888888888888
1.0,3.549840638577054e-11,4.440892098500626e-16,0.013888888888888888
1.0,3.503457950603697e-11,5.273559366969494e-16,0.013888888888888888
1.0,3.613622010271661e-11,4.440892098500626e-16,0.013888888888888888
1.0,3.1351476301009906e-11,3.885780586188048e-16,0.013888888888888888
1.0,3.126344135562315e-11,5.828670879282072e-16,0.013888888888888888
1.0,3.3577384161088614e-11,3.608224830031759e-16,0.013888888888888888
1.0,3.071009778135569e-11,6.938893903907228e-16,0.013888888888888888
1.0,2.678644536356955e-11,4.718447854656915e-16,0.013888888888888888
1.0,3.3179307263313964e-11,6.106226635438361e-16,0.013888888888888888
1.0,2.7990069034051962e-11,4.163336342344337e-16,0.013888888888888888
1.0,3.003098904164706e-11,4.996003610813204e-16,0.013888888888888888
1.0,2.617021787960511e-11,5.828670879282072e-16,0.013888888888888888
1.0,3.442594129335647e-11,4.718447854656915e-16,0.013888888888888888
1.0,3.122567749337257e-11,4.163336342344337e-16,0.013888888888888888
1.0,2.7511784052200214e-11,4.996003610813204e-16,0.013888888888888888
1.0,2.7088237218677374e-11,5.273559366969494e-16,0.013888888888888888
1.0,2.3893985414981667e-11,6.38378239159465e-16,0.013888888888888888
1.0,2.7138533922047145e-11,3.608224830031759e-16,0.013888888888888888
1.0,2.6912166741694082e-11,5.273559366969494e-16,0.013888888888888888
1.0,2.5541403904631952e-11,5.273559366969494e-16,0.013888888888888888
1.0,2.3189730887991692e-11,5.273559366969494e-16,0.013888888888888888
1.0,2.42359448982243e-11,4.718447854656915e-16,0.013888888888888888
1.0,2.559169835919648e-11,3.608224830031759e-16,0.013888888888888888
1.0,2.1529721255851603e-11,3.885780586188048e-16,0.013888888888888888
1.0,2.3859096018835724e-11,5.551115123125783e-16,0.013888888888888888
1.0,2.0423048902377377e-11,5.828670879282072e-16,0.013888888888888888
1.0,2.4569378188517798e-11,5.551115123125783e-16,0.013888888888888888
1.0,3.1541584517705305e-11,7.216449660063518e-16,0.013888888888888888
1.0,2.3378347193121292e-11,5.273559366969494e-16,0.013888888888888888
1.0,2.5902964541881674e-11,4.440892098500626e-16,0.013888888888888888
1.0,2.324000897296976e-11,6.38378239159465e-16,0.013888888888888888
1.0,1.9152884231325544e-11,5.551115123125783e-16,0.013888888888888888
1.0,2.1227882678589386e-11,6.661338147750939e-16,0.013888888888888888
1.0,2.413288079813168e-11,3.3306690738754696e-16,0.013888888888888888
1.0,8.634826162715299e-11,2.220446049250313e-16,0.013888888888888888
1.0,8.363773784723364e-11,4.996003610813204e-16,0.013888888888888888
1.0,8.363782421084467e-11,3.885780586188048e-16,0.013888888888888888
1.0,7.091102999606208e-11,8.326672684688674e-16,0.013888888888888888
1.0,7.028779935684674e-11,4.163336342344337e-16,0.013888888888888888
1.0,6.649008755362924e-11,4.996003610813204e-16,0.013888888888888888
1.0,6.486561970945848e-11,5.551115123125783e-16,0.013888888888888888
1.0,6.709900990705226e-11,5.828670879282072e-16,0.013888888888888888
1.0,6.176477031800112e-11,6.38378239159465e-16,0.013888888888888888
1.0,6.233014062856198e-11,5.273559366969494e-16,0.013888888888888888
1.0,5.3321042736795095e-11,4.718447854656915e-16,0.013888888888888888
1.0,5.1821070056303424e-11,7.494005416219807e-16,0.013888888888888888
1.0,5.171132593520544e-11,5.551115123125783e-16,0.013888888888888888
1.0,4.780591387176478e-11,4.718447854656915e-16,0.013888888888888888
1.0,4.806686575467541e-11,6.106226635438361e-16,0.013888888888888888
1.0,4.777509581948661e-11,2.7755575615628914e-16,0.013888888888888888
1.0,4.5524035181916705e-11,5.551115123125783e-16,0.013888888888888888
1.0,4.548677067514473e-11,6.38378239159465e-16,0.013888888888888888
1.0,4.2065700110319465e-11,8.049116928532385e-16,0.013888888888888888
1.0,4.2971141524888686e-11,9.159339953157541e-16,0.013888888888888888
1.0,4.005104718006469e-11,6.38378239159465e-16,0.013888888888888888
1.0,4.5737776097143436e-11,3.608224830031759e-16,0.013888888888888888
1.0,3.733720968686602e-11,5.828670879282072e-16,0.013888888888888888
1.0,3.6595237492033626e-11,4.996003610813204e-16,0.013888888888888888
1.0,3.994036193089651e-11,4.996003610813204e-16,0.013888888888888888
1.0,3.676067738950939e-11,7.216449660063518e-16,0.013888888888888888
1.0,3.9990650572755026e-11,3.885780586188048e-16,0.013888888888888888
1.0,4.093381928516726e-11,3.885780586188048e-16,0.013888888888888888
1.0,3.49342965761267e-11,8.326672684688674e-16,0.013888888888888888
1.0,3.659519951052986e-11,5.273559366969494e-16,0.013888888888888888
1.0,3.3890651411932274e-11,5.273559366969494e-16,0.013888888888888888
1.0,3.609216108826065e-11,5.551115123125783e-16,0.013888888888888888
1.0,3.1313403133997986e-11,6.661338147750939e-16,0.013888888888888888
1.0,2.9779167535115956e-11,7.771561172376096e-16,0.013888888888888888
1.0,2.8458718700198712e-11,6.38378239159465e-16,0.013888888888888888
1.0,3.116248094524811e-11,6.38378239159465e-16,0.013888888888888888
1.0,3.033248303293642e-11,3.608224830031759e-16,0.013888888888888888
1.0,2.6119634372859055e-11,4.440892098500626e-16,0.013888888888888888
1.0,2.6999926322212782e-11,7.216449660063518e-16,0.013888888888888888
1.0,2.9024602310141106e-11,6.38378239159465e-16,0.013888888888888888
1.0,2.725143174079607e-11,1.0547118733938987e-15,0.013888888888888888
1.0,2.987973831800363e-11,6.38378239159465e-16,0.013888888888888888
1.0,3.1413963055792775e-11,4.996003610813204e-16,0.013888888888888888
1.0,2.6961929144094952e-11,6.106226635438361e-16,0.013888888888888888
1.0,2.4599146747042333e-11,7.494005416219807e-16,0.013888888888888888
1.0,2.3428418753129457e-11,5.273559366969494e-16,0.013888888888888888
1.0,2.396916823006299e-11,3.0531133177191805e-16,0.013888888888888888
1.0,3.3287712625843604e-11,5.828670879282072e-16,0.013888888888888888
1.0,2.520157451960266e-11,4.440892098500626e-16,0.013888888888888888
1.0,2.1516910515101705e-11,5.273559366969494e-16,0.013888888888888888
1.0,1.919041580102361e-11,4.163336342344337e-16,0.013888888888888888
1.0,2.330264494585442e-11,6.106226635438361e-16,0.013888888888888888
1.0,2.4120058108276502e-11,4.718447854656915e-16,0.013888888888888888
1.0,2.65471515446114e-11,5.828670879282072e-16,0.013888888888888888
1.0,2.3780510525090196e-11,7.771561172376096e-16,0.013888888888888888
1.0,2.085038704676868e-11,5.551115123125783e-16,0.013888888888888888
1.0,2.3440963223336447e-11,3.885780586188048e-16,0.013888888888888888
1.0,2.043538677169928e-11,5.828670879282072e-16,0.013888888888888888
1.0,1.961274310461641e-11,4.718447854656915e-16,0.013888888888888888
1.0,2.6484255378351965e-11,6.106226635438361e-16,0.013888888888888888
1.0,2.253550828787899e-11,4.440892098500626e-16,0.013888888888888888
1.0,2.069946575454416e-11,6.38378239159465e-16,0.013888888888888888
1.0,2.3466099006804886e-11,4.163336342344337e-16,0.013888888888888888
1.0,1.5455430131089437e-11,4.718447854656915e-16,0.013888888888888888
1.0,1.9114931924844324e-11,3.3306690738754696e-16,0.013888888888888888
1.0,2.0900666815895365e-11,6.106226635438361e-16,0.013888888888888888
1.0,1.8699562661408865e-11,6.938893903907228e-16,0.013888888888888888
1.0,1.73369645991462e-11,5.273559366969494e-16,0.013888888888888888
1.0,1.8351675896670095e-11,7.494005416219807e-16,0.013888888888888888
1.0,1.74675177104347e-11,4.440892098500626e-16,0.013888888888888888
1.0,1.932870558855159e-11,4.718447854656915e-16,0.013888888888888888
1.0,1.837295777110346e-11,6.106226635438361e-16,0.013888888888888888
1.0,6.499930480471227e-11,5.273559366969494e-16,0.013888888888888888
1.0,6.033771307411144e-11,6.106226635438361e-16,0.013888888888888888
1.0,6.228876171584629e-11,8.049116928532385e-16,0.013888888888888888
1.0,5.914323612336695e-11,4.718447854656915e-16,0.013888888888888888
1.0,5.367835347613137e-11,3.0531133177191805e-16,0.013888888888888888
1.0,4.888129221514837e-11,4.163336342344337e-16,0.013888888888888888
1.0,4.669143677307123e-11,3.885780586188048e-16,0.013888888888888888
1.0,4.9510047453893564e-11,5.551115123125783e-16,0.013888888888888888
1.0,4.499551083694773e-11,6.106226635438361e-16,0.013888888888888888
1.0,4.196468204540188e-11,4.718447854656915e-16,0.013888888888888888
1.0,4.064423818671184e-11,6.106226635438361e-16,0.013888888888888888
1.0,3.8518958905911566e-11,7.216449660063518e-16,0.013888888888888888
1.0,4.058889516721475e-11,4.163336342344337e-16,0.013888888888888888
1.0,3.595019704651372e-11,4.718447854656915e-16,0.013888888888888888
1.0,4.093344288635754e-11,4.163336342344337e-16,0.013888888888888888
1.0,3.674577487481936e-11,8.049116928532385e-16,0.013888888888888888
1.0,3.628047251650299e-11,5.551115123125783e-16,0.013888888888888888
1.0,3.397913997459942e-11,4.163336342344337e-16,0.013888888888888888
1.0,2.9766324924997165e-11,4.163336342344337e-16,0.013888888888888888
1.0,3.584030891502868e-11,4.718447854656915e-16,0.013888888888888888
1.0,3.194188388012677e-11,5.551115123125783e-16,0.013888888888888888
1.0,2.6899085889885027e-11,5.551115123125783e-16,0.013888888888888888
1.0,2.960282270946562e-11,3.885780586188048e-16,0.013888888888888888
1.0,2.7087710211121492e-11,6.38378239159465e-16,0.013888888888888888
1.0,2.9087216253040636e-11,4.440892098500626e-16,0.013888888888888888
1.0,2.5251673657130735e-11,5.828670879282072e-16,0.013888888888888888
1.0,2.7963146522554307e-11,6.938893903907228e-16,0.013888888888888888
1.0,2.6270284028079957e-11,7.216449660063518e-16,0.013888888888888888
1.0,2.3498349431915258e-11,8.881784197001252e-16,0.013888888888888888
1.0,2.399410593359068e-11,5.273559366969494e-16,0.013888888888888888
1.0,2.6194819468837937e-11,5.551115123125783e-16,0.013888888888888888
1.0,2.5993607422176826e-11,7.494005416219807e-16,0.013888888888888888
1.0,2.0397496578704782e-11,6.938893903907228e-16,0.013888888888888888
1.0,2.9904587103955923e-11,5.273559366969494e-16,0.013888888888888888
1.0,2.81062839553266e-11,4.163336342344337e-16,0.013888888888888888
1.0,2.6245103755027112e-11,7.216449660063518e-16,0.013888888888888888
1.0,2.443422615252102e-11,6.106226635438361e-16,0.013888888888888888
1.0,2.2459867384269293e-11,7.216449660063518e-16,0.013888888888888888
1.0,2.3818019855501207e-11,5.273559366969494e-16,0.013888888888888888
1.0,2.415755567705534e-11,7.216449660063518e-16,0.013888888888888888
1.0,2.3440748702546703e-11,5.273559366969494e-16,0.013888888888888888
1.0,2.3390443835053876e-11,3.3306690738754696e-16,0.013888888888888888
1.0,2.2183192470408598e-11,3.885780586188048e-16,0.013888888888888888
1.0,2.183107572903135e-11,5.828670879282072e-16,0.013888888888888888
1.0,2.287483993413988e-11,7.216449660063518e-16,0.013888888888888888
1.0,1.8473411763339753e-11,3.3306690738754696e-16,0.013888888888888888
1.0,1.963035567419379e-11,7.494005416219807e-16,0.013888888888888888
1.0,2.6484000261148972e-11,6.106226635438361e-16,0.013888888888888888
1.0,1.5115747759393287e-11,8.881784197001252e-16,0.013888888888888888
1.0,1.8070987643637655e-11,6.106226635438361e-16,0.013888888888888888
1.0,1.4901961054635948e-11,3.885780586188048e-16,0.013888888888888888
1.0,1.6260112723652494e-11,4.440892098500626e-16,0.013888888888888888
1.0,1.7127819938940314e-11,6.661338147750939e-16,0.013888888888888888
1.0,1.6931768674983722e-11,4.163336342344337e-16,0.013888888888888888
1.0,1.509058710555951e-11,6.38378239159465e-16,0.013888888888888888
1.0,1.407197103096516e-11,6.38378239159465e-16,0.013888888888888888
1.0,1.647388755790042e-11,5.828670879282072e-16,0.013888888888888888
1.0,1.6561914298895842e-11,4.718447854656915e-16,0.013888888888888888
1.0,2.078727533048733e-11,8.881784197001252e-16,0.013888888888888888
1.0,1.781945931012825e-11,5.273559366969494e-16,0.013888888888888888
1.0,1.3594095719101218e-11,6.938893903907228e-16,0.013888888888888888
1.0,1.7693701043292875e-11,4.440892098500626e-16,0.013888888888888888
1.0,1.120475203987518e-11,6.38378239159465e-16,0.013888888888888888
1.0,1.862428304953142e-11,6.106226635438361e-16,0.013888888888888888
1.0,1.6737959763382524e-11,4.163336342344337e-16,0.013888888888888888
1.0,1.2122758609748849e-11,5.828670879282072e-16,0.013888888888888888
1.0,1.6800834033486565e-11,4.718447854656915e-16,0.013888888888888888
1.0,1.5354653053171165e-11,4.718447854656915e-16,0.013888888888888888
1.0,1.277667984278448e-11,4.440892098500626e-16,0.013888888888888888
1.0,1.5077989916403723e-11,4.163336342344337e-16,0.013888888888888888
1.0,1.2800374993691978e-11,8.326672684688674e-16,0.013888888888888888
1.0,1.5895392721696858e-11,5.551115123125783e-16,0.013888888888888888
