1.0,0.019634872155364434,1.1102230246251565e-16,0.013888888888888888
1.0,4.469309271739132e-12,2.7755575615628914e-17,0.013888888888888888
1.0,1.9542572872249554e-12,1.6653345369377348e-16,0.013888888888888888
1.0,2.2729694002142412e-12,7.771561172376096e-16,0.013888888888888888
1.0,3.6526556793994486e-11,8.326672684688674e-17,0.013888888888888888
1.0,5.720619824451787e-12,3.608224830031759e-16,0.013888888888888888
1.0,1.9508760776787287e-12,1.3877787807814457e-16,0.013888888888888888
1.0,2.8217389750978075e-12,1.6653345369377348e-16,0.013888888888888888
1.0,3.614376332674865e-12,1.3877787807814457e-16,0.013888888888888888
1.0,3.0952358903842097e-12,8.326672684688674e-17,0.013888888888888888
1.0,2.334576399970478e-12,5.551115123125783e-17,0.013888888888888888
1.0,2.6343440882258245e-12,5.551115123125783e-17,0.013888888888888888
1.0,8.417543919440171e-10,1.3877787807814457e-16,0.013888888888888888
1.0,7.388036346094725e-09,2.7755575615628914e-17,0.013888888888888888
1.0,1.0114832123018841e-08,1.942890293094024e-16,0.013888888888888888
1.0,6.506867509529363e-09,1.6653345369377348e-16,0.013888888888888888
1.0,2.7735842254883955e-09,1.6653345369377348e-16,0.013888888888888888
1.0,1.0007677272198913e-09,1.1102230246251565e-16,0.013888888888888888
1.0,3.4113718851091036e-10,1.1102230246251565e-16,0.013888888888888888
1.0,1.1434186946152443e-10,1.6653345369377348e-16,0.013888888888888888
1.0,3.8295850306289796e-11,1.6653345369377348e-16,0.013888888888888888
1.0,1.2861057038062242e-11,1.6653345369377348e-16,0.013888888888888888
1.0,4.832243700371844e-12,8.326672684688674e-17,0.013888888888888888
1.0,3.908840910770208e-12,0.0,0.013888888888888888
1.0,1.60438469850951e-12,8.326672684688674e-17,0.013888888888888888
1.0,2.181029188728262e-12,1.3877787807814457e-16,0.013888888888888888
1.0,2.8674941099580763e-12,1.1102230246251565e-16,0.013888888888888888
1.0,2.3641842970557203e-12,2.7755575615628914e-17,0.013888888888888888
1.0,4.995679927768252e-12,8.326672684688674e-17,0.013888888888888888
1.0,8.25552893274148e-12,1.1102230246251565e-16,0.013888888888888888
1.0,9.633225153501708e-12,5.551115123125783e-17,0.013888888888888888
1.0,9.094167652443543e-12,2.498001805406602e-16,0.013888888888888888
1.0,9.679779976010705e-12,8.326672684688674e-17,0.013888888888888888
1.0,9.34591959980705e-12,1.942890293094024e-16,0.013888888888888888
1.0,9.575468494584593e-12,8.326672684688674e-17,0.013888888888888888
1.0,1.3233155545599913e-06,8.326672684688674e-17,0.013888888888888888
1.0,2.0444317067053176e-08,5.551115123125783e-17,0.013888888888888888
1.0,1.4384950806822899e-08,1.942890293094024e-16,0.013888888888888888
1.0,1.362156323465151e-08,1.3877787807814457e-16,0.013888888888888888
1.0,1.2888003540983064e-08,2.7755575615628914e-17,0.013888888888888888
1.0,1.212909348735708e-08,8.326672684688674e-17,0.013888888888888888
1.0,1.1355773624254522e-08,1.3877787807814457e-16,0.013888888888888888
1.0,1.0560477975726607e-08,5.551115123125783e-17,0.013888888888888888
1.0,9.757696639585674e-09,2.7755575615628914e-17,0.013888888888888888
1.0,8.928216751206517e-09,2.7755575615628914e-17,0.013888888888888888
1.0,8.1023943022202e-09,8.326672684688674e-17,0.013888888888888888
1.0,7.247500166236027e-09,1.942890293094024e-16,0.013888888888888888
1.0,6.416993942577661e-09,8.326672684688674e-17,0.013888888888888888
1.0,5.553362715395445e-09,2.7755575615628914e-17,0.013888888888888888
1.0,4.6528938925730005e-09,1.3877787807814457e-16,0.013888888888888888
1.0,3.796646621501405e-09,5.551115123125783e-17,0.013888888888888888
1.0,2.9289907669271785e-09,1.1102230246251565e-16,0.013888888888888888
1.0,2.0513797196158536e-09,1.3877787807814457e-16,0.013888888888888888
1.0,1.1472922332078952e-09,5.551115123125783e-17,0.013888888888888888
1.0,2.70109654906629e-10,2.7755575615628914e-17,0.013888888888888888
1.0,6.450550649946652e-10,5.551115123125783e-17,0.013888888888888888
1.0,1.527390053710345e-09,0.0,0.013888888888888888
1.0,2.427836808819053e-09,5.551115123125783e-17,0.013888888888888888
1.0,3.334243396807067e-09,5.551115123125783e-17,0.013888888888888888
1.0,4.2270565643827115e-09,0.0,0.013888888888888888
1.0,5.128645317053773e-09,8.326672684688674e-17,0.013888888888888888
1.0,6.022071228561133e-09,2.7755575615628914e-17,0.013888888888888888
1.0,6.915720767065553e-09,5.551115123125783e-17,0.013888888888888888
1.0,7.813231067311188e-09,5.551115123125783e-17,0.013888888888888888
1.0,8.687560018227573e-09,2.220446049250313e-16,0.013888888888888888
1.0,9.57519659169165e-09,1.3877787807814457e-16,0.013888888888888888
1.0,1.0461539602501575e-08,5.551115123125783e-17,0.013888888888888888
1.0,1.1316112506686526e-08,2.7755575615628914e-17,0.013888888888888888
1.0,1.2207432920047227e-08,8.326672684688674e-17,0.013888888888888888
1.0,1.3063320361338967e-08,2.7755575615628914e-17,0.013888888888888888
1.0,1.3950952507999445e-08,1.3877787807814457e-16,0.013888888888888888
1.0,1.4807812024823568e-08,2.7755575615628914e-17,0.013888888888888888
1.0,3.0655357560665096e-09,1.1102230246251565e-16,0.013888888888888888
1.0,3.0041217392377465e-09,8.326672684688674e-17,0.013888888888888888
1.0,2.999338127728715e-09,2.7755575615628914e-17,0.013888888888888888
1.0,2.9981539638252565e-09,8.326672684688674e-17,0.013888888888888888
1.0,2.985666911205607e-09,1.1102230246251565e-16,0.013888888888888888
1.0,2.9807827382759396e-09,1.6653345369377348e-16,0.013888888888888888
1.0,2.960832500801418e-09,1.3877787807814457e-16,0.013888888888888888
1.0,2.948813485871923e-09,1.6653345369377348e-16,0.013888888888888888
1.0,2.950648359035253e-09,1.942890293094024e-16,0.013888888888888888
1.0,2.937366882935964e-09,5.551115123125783e-17,0.013888888888888888
1.0,2.94566773685595e-09,2.7755575615628914e-17,0.013888888888888888
1.0,2.933737870452868e-09,2.7755575615628914e-17,0.013888888888888888
1.0,2.9314562635711377e-09,5.551115123125783e-17,0.013888888888888888
1.0,2.898728163478589e-09,5.551115123125783e-17,0.013888888888888888
1.0,2.9092140026293476e-09,1.1102230246251565e-16,0.013888888888888888
1.0,2.8970703455431065e-09,8.326672684688674e-17,0.013888888888888888
1.0,2.8844975805560797e-09,2.7755575615628914e-17,0.013888888888888888
1.0,2.8606610263465634e-09,5.551115123125783e-17,0.013888888888888888
1.0,2.8675860847988804e-09,1.6653345369377348e-16,0.013888888888888888
1.0,2.8628431503645958e-09,5.551115123125783e-17,0.013888888888888888
1.0,2.87243264826552e-09,1.1102230246251565e-16,0.013888888888888888
1.0,2.854329997334748e-09,8.326672684688674e-17,0.013888888888888888
1.0,2.8337148123847343e-09,8.326672684688674e-17,0.013888888888888888
1.0,2.8395668256503453e-09,5.551115123125783e-17,0.013888888888888888
1.0,2.8219953206374653e-09,5.551115123125783e-17,0.013888888888888888
1.0,2.819248382167697e-09,1.1102230246251565e-16,0.013888888888888888
1.0,2.8117285200668612e-09,8.326672684688674e-17,0.013888888888888888
1.0,2.79944845897539e-09,1.6653345369377348e-16,0.013888888888888888
1.0,2.8019168219517104e-09,8.326672684688674e-17,0.013888888888888888
1.0,2.7606460066790305e-09,8.326672684688674e-17,0.013888888888888888
1.0,2.7782920245802403e-09,8.326672684688674e-17,0.013888888888888888
1.0,2.755658944593091e-09,5.551115123125783e-17,0.013888888888888888
1.0,2.761158151926759e-09,8.326672684688674e-17,0.013888888888888888
1.0,2.7488035443210318e-09,1.3877787807814457e-16,0.013888888888888888
1.0,2.7488356272790923e-09,1.1102230246251565e-16,0.013888888888888888
1.0,7.334334430207126e-07,1.3877787807814457e-16,0.013888888888888888
1.0,8.005578250066228e-09,1.1102230246251565e-16,0.013888888888888888
1.0,3.558655302787811e-09,1.6653345369377348e-16,0.013888888888888888
1.0,2.974729871217388e-09,1.942890293094024e-16,0.013888888888888888
1.0,2.412051333443342e-09,1.3877787807814457e-16,0.013888888888888888
1.0,1.8520553859538364e-09,1.3877787807814457e-16,0.013888888888888888
1.0,1.2851444503727197e-09,1.1102230246251565e-16,0.013888888888888888
1.0,7.216238323488165e-10,0.0,0.013888888888888888
1.0,3.2907210021188033e-10,8.326672684688674e-17,0.013888888888888888
1.0,4.3305531093388494e-10,2.498001805406602e-16,0.013888888888888888
1.0,1.0068616231985494e-09,1.3877787807814457e-16,0.013888888888888888
1.0,1.5877834010116652e-09,3.0531133177191805e-16,0.013888888888888888
1.0,2.169506160910984e-09,1.1102230246251565e-16,0.013888888888888888
1.0,2.7586594395814616e-09,1.1102230246251565e-16,0.013888888888888888
1.0,3.3611528080576526e-09,2.498001805406602e-16,0.013888888888888888
1.0,3.944898037651154e-09,0.0,0.013888888888888888
1.0,4.555924019404091e-09,1.3877787807814457e-16,0.013888888888888888
1.0,5.130143754325234e-09,1.1102230246251565e-16,0.013888888888888888
1.0,5.726958676672181e-09,1.3877787807814457e-16,0.013888888888888888
1.0,6.3197616419139e-09,2.220446049250313e-16,0.013888888888888888
1.0,6.893917181208135e-09,1.3877787807814457e-16,0.013888888888888888
1.0,7.520518163203445e-09,1.1102230246251565e-16,0.013888888888888888
1.0,8.107635918640469e-09,1.3877787807814457e-16,0.013888888888888888
1.0,8.67235584209273e-09,2.220446049250313e-16,0.013888888888888888
1.0,9.269126691586073e-09,1.1102230246251565e-16,0.013888888888888888
1.0,9.850810616350058e-09,1.6653345369377348e-16,0.013888888888888888
1.0,1.0458218225091295e-08,1.1102230246251565e-16,0.013888888888888888
1.0,1.1023984258160131e-08,1.1102230246251565e-16,0.013888888888888888
1.0,1.1600977912214212e-08,5.551115123125783e-17,0.013888888888888888
1.0,1.219113063215034e-08,1.3877787807814457e-16,0.013888888888888888
1.0,1.2752471162496452e-08,1.1102230246251565e-16,0.013888888888888888
1.0,1.3339319171313678e-08,5.551115123125783e-17,0.013888888888888888
1.0,1.3901610294260742e-08,5.551115123125783e-17,0.013888888888888888
1.0,1.4457956117320426e-08,1.1102230246251565e-16,0.013888888888888888
1.0,1.50108945053482e-08,5.551115123125783e-17,0.013888888888888888
1.0,1.557822812860567e-08,1.3877787807814457e-16,0.013888888888888888
1.0,1.613912367867808e-08,1.3877787807814457e-16,0.013888888888888888
1.0,3.349261232550166e-09,1.1102230246251565e-16,0.013888888888888888
1.0,3.276074955256952e-09,1.3877787807814457e-16,0.013888888888888888
1.0,3.2558418208931934e-09,1.3877787807814457e-16,0.013888888888888888
1.0,3.2580952348951806e-09,1.1102230246251565e-16,0.013888888888888888
1.0,3.2617248641770043e-09,2.498001805406602e-16,0.013888888888888888
1.0,3.2489666266244917e-09,1.942890293094024e-16,0.013888888888888888
1.0,3.247836597614788e-09,8.326672684688674e-17,0.013888888888888888
1.0,3.245835488424269e-09,8.326672684688674e-17,0.013888888888888888
1.0,3.222220004375886e-09,5.551115123125783e-17,0.013888888888888888
1.0,3.234384640687051e-09,8.326672684688674e-17,0.013888888888888888
1.0,3.1957835892123056e-09,8.326672684688674e-17,0.013888888888888888
1.0,3.2230605244186128e-09,1.6653345369377348e-16,0.013888888888888888
1.0,3.210252909491014e-09,8.326672684688674e-17,0.013888888888888888
1.0,3.2072424173992224e-09,5.551115123125783e-17,0.013888888888888888
1.0,3.187428365409193e-09,1.6653345369377348e-16,0.013888888888888888
1.0,3.191563755056796e-09,1.6653345369377348e-16,0.013888888888888888
1.0,3.1827588473802263e-09,1.1102230246251565e-16,0.013888888888888888
1.0,3.1677427812320864e-09,1.6653345369377348e-16,0.013888888888888888
1.0,3.164530882979126e-09,1.6653345369377348e-16,0.013888888888888888
1.0,3.173653180050955e-09,1.3877787807814457e-16,0.013888888888888888
1.0,3.135433924221203e-09,5.551115123125783e-17,0.013888888888888888
1.0,3.157382701662692e-09,1.3877787807814457e-16,0.013888888888888888
1.0,3.1517472775408953e-09,1.6653345369377348e-16,0.013888888888888888
1.0,3.141024417869894e-09,1.3877787807814457e-16,0.013888888888888888
1.0,3.1347454165392596e-09,1.6653345369377348e-16,0.013888888888888888
1.0,3.1439183696092535e-09,5.551115123125783e-17,0.013888888888888888
1.0,3.1161030113112864e-09,2.498001805406602e-16,0.013888888888888888
1.0,3.107829820123793e-09,8.326672684688674e-17,0.013888888888888888
1.0,3.1127865525419654e-09,1.1102230246251565e-16,0.013888888888888888
1.0,3.0905390514253903e-09,5.551115123125783e-17,0.013888888888888888
1.0,3.097692443554651e-09,1.6653345369377348e-16,0.013888888888888888
1.0,3.0957315414227737e-09,5.551115123125783e-17,0.013888888888888888
1.0,3.0878881262444643e-09,1.1102230246251565e-16,0.013888888888888888
1.0,3.0748060915958537e-09,5.551115123125783e-17,0.013888888888888888
1.0,3.079106705824698e-09,1.3877787807814457e-16,0.013888888888888888
1.0,4.179719390456351e-07,1.942890293094024e-16,0.013888888888888888
1.0,2.4908694121426515e-09,3.608224830031759e-16,0.013888888888888888
1.0,3.191074050512695e-10,1.3877787807814457e-16,0.013888888888888888
1.0,7.648897257644906e-10,1.6653345369377348e-16,0.013888888888888888
1.0,1.13969120931768e-09,1.6653345369377348e-16,0.013888888888888888
1.0,1.5306991888438631e-09,3.608224830031759e-16,0.013888888888888888
1.0,1.9012259977339338e-09,8.326672684688674e-17,0.013888888888888888
1.0,2.303398860054736e-09,1.1102230246251565e-16,0.013888888888888888
1.0,2.6877794427129e-09,1.942890293094024e-16,0.013888888888888888
1.0,3.0654395793541662e-09,1.6653345369377348e-16,0.013888888888888888
1.0,3.4662233917140386e-09,5.551115123125783e-17,0.013888888888888888
1.0,3.849227505628453e-09,2.498001805406602e-16,0.013888888888888888
1.0,4.267221597700935e-09,1.1102230246251565e-16,0.013888888888888888
1.0,4.651112674383099e-09,1.942890293094024e-16,0.013888888888888888
1.0,5.060474516533343e-09,3.0531133177191805e-16,0.013888888888888888
1.0,5.4670665476024624e-09,8.326672684688674e-17,0.013888888888888888
1.0,5.8696010638992085e-09,1.1102230246251565e-16,0.013888888888888888
1.0,6.2681411548919575e-09,1.1102230246251565e-16,0.013888888888888888
1.0,6.657056560040273e-09,8.326672684688674e-17,0.013888888888888888
1.0,7.0654072646806665e-09,1.6653345369377348e-16,0.013888888888888888
1.0,7.464448681944524e-09,5.551115123125783e-17,0.013888888888888888
1.0,7.864052552250783e-09,1.6653345369377348e-16,0.013888888888888888
1.0,8.256366940053064e-09,2.498001805406602e-16,0.013888888888888888
1.0,8.643563129089258e-09,1.3877787807814457e-16,0.013888888888888888
1.0,9.054018452373993e-09,2.220446049250313e-16,0.013888888888888888
1.0,9.445898818209605e-09,2.220446049250313e-16,0.013888888888888888
1.0,9.833481345182574e-09,1.1102230246251565e-16,0.013888888888888888
1.0,1.022861913893205e-08,1.6653345369377348e-16,0.013888888888888888
1.0,1.0610155779116067e-08,1.3877787807814457e-16,0.013888888888888888
1.0,1.1026172231283216e-08,1.942890293094024e-16,0.013888888888888888
1.0,1.1404780581656543e-08,2.7755575615628914e-16,0.013888888888888888
1.0,1.1799199091746482e-08,1.1102230246251565e-16,0.013888888888888888
1.0,1.2165752920328846e-08,2.498001805406602e-16,0.013888888888888888
1.0,1.2548318676020363e-08,1.3877787807814457e-16,0.013888888888888888
1.0,1.291400174706476e-08,8.326672684688674e-17,0.013888888888888888
1.0,1.3298915103998876e-08,1.942890293094024e-16,0.013888888888888888
1.0,1.3683051912739029e-08,2.498001805406602e-16,0.013888888888888888
1.0,3.0207792924958772e-09,1.1102230246251565e-16,0.013888888888888888
1.0,2.9428354247292302e-09,1.1102230246251565e-16,0.013888888888888888
1.0,2.9550395012419397e-09,1.6653345369377348e-16,0.013888888888888888
1.0,2.9608819806480136e-09,2.220446049250313e-16,0.013888888888888888
1.0,2.9450146072330883e-09,2.7755575615628914e-16,0.013888888888888888
1.0,2.9411508822406124e-09,1.942890293094024e-16,0.013888888888888888
1.0,2.9512470245428297e-09,1.3877787807814457e-16,0.013888888888888888
1.0,2.927554505129279e-09,1.6653345369377348e-16,0.013888888888888888
1.0,2.941424592377692e-09,1.942890293094024e-16,0.013888888888888888
1.0,2.9207994865014095e-09,1.1102230246251565e-16,0.013888888888888888
1.0,2.9162167111172494e-09,1.1102230246251565e-16,0.013888888888888888
1.0,2.9236749991891405e-09,1.942890293094024e-16,0.013888888888888888
1.0,2.9223612962717194e-09,2.220446049250313e-16,0.013888888888888888
1.0,2.9109504720538555e-09,1.1102230246251565e-16,0.013888888888888888
1.0,2.914685470257287e-09,1.3877787807814457e-16,0.013888888888888888
1.0,2.9093457224721815e-09,1.3877787807814457e-16,0.013888888888888888
1.0,2.904334211647636e-09,1.1102230246251565e-16,0.013888888888888888
1.0,2.905683878914558e-09,1.3877787807814457e-16,0.013888888888888888
1.0,2.891875544965464e-09,1.1102230246251565e-16,0.013888888888888888
1.0,2.8910923568236463e-09,8.326672684688674e-17,0.013888888888888888
1.0,2.87525229436551e-09,2.220446049250313e-16,0.013888888888888888
1.0,2.880426365115896e-09,8.326672684688674e-17,0.013888888888888888
1.0,2.881662689309786e-09,1.3877787807814457e-16,0.013888888888888888
1.0,2.874430425240346e-09,1.942890293094024e-16,0.013888888888888888
1.0,2.866882738995049e-09,1.6653345369377348e-16,0.013888888888888888
1.0,2.8605972300477677e-09,1.6653345369377348e-16,0.013888888888888888
1.0,2.872346801064126e-09,1.6653345369377348e-16,0.013888888888888888
1.0,2.8517621915654134e-09,1.1102230246251565e-16,0.013888888888888888
1.0,2.8325534439918373e-09,1.942890293094024e-16,0.013888888888888888
1.0,2.8571381643799337e-09,2.7755575615628914e-16,0.013888888888888888
1.0,2.8196930336041176e-09,1.3877787807814457e-16,0.013888888888888888
1.0,2.8302437424211623e-09,1.1102230246251565e-16,0.013888888888888888
1.0,2.8213968824401116e-09,1.1102230246251565e-16,0.013888888888888888
1.0,2.8293099065044715e-09,2.7755575615628914e-17,0.013888888888888888
1.0,2.810770834296183e-09,8.326672684688674e-17,0.013888888888888888
1.0,2.5072345572341145e-07,2.220446049250313e-16,0.013888888888888888
1.0,7.393893312828358e-10,2.498001805406602e-16,0.013888888888888888
1.0,1.582142635020567e-09,3.3306690738754696e-16,0.013888888888888888
1.0,1.901072506828996e-09,1.3877787807814457e-16,0.013888888888888888
1.0,2.1883711512348213e-09,1.3877787807814457e-16,0.013888888888888888
1.0,2.4392429037101475e-09,2.220446049250313e-16,0.013888888888888888
1.0,2.707213766418406e-09,1.3877787807814457e-16,0.013888888888888888
1.0,2.9709414699593422e-09,1.942890293094024e-16,0.013888888888888888
1.0,3.234313243298745e-09,1.942890293094024e-16,0.013888888888888888
1.0,3.5181028994612314e-09,1.6653345369377348e-16,0.013888888888888888
1.0,3.756278298235162e-09,1.3877787807814457e-16,0.013888888888888888
1.0,4.0613283109183824e-09,2.220446049250313e-16,0.013888888888888888
1.0,4.322303901631636e-09,8.326672684688674e-17,0.013888888888888888
1.0,4.593007172515007e-09,2.498001805406602e-16,0.013888888888888888
1.0,4.867127673294473e-09,2.7755575615628914e-16,0.013888888888888888
1.0,5.150849325558978e-09,2.220446049250313e-16,0.013888888888888888
1.0,5.40108591760834e-09,2.498001805406602e-16,0.013888888888888888
1.0,5.697939127068741e-09,1.6653345369377348e-16,0.013888888888888888
1.0,5.954467200853036e-09,2.498001805406602e-16,0.013888888888888888
1.0,6.231815571509755e-09,2.220446049250313e-16,0.013888888888888888
1.0,6.51620268390961e-09,1.3877787807814457e-16,0.013888888888888888
1.0,6.76983128799484e-09,2.220446049250313e-16,0.013888888888888888
1.0,7.075602585990016e-09,2.220446049250313e-16,0.013888888888888888
1.0,7.331117596881305e-09,3.0531133177191805e-16,0.013888888888888888
1.0,7.606291112702878e-09,1.3877787807814457e-16,0.013888888888888888
1.0,7.891582206617913e-09,2.7755575615628914e-16,0.013888888888888888
1.0,8.175254329462705e-09,1.942890293094024e-16,0.013888888888888888
1.0,8.421429815076304e-09,2.220446049250313e-16,0.013888888888888888
1.0,8.687376886886277e-09,2.498001805406602e-16,0.013888888888888888
1.0,8.977209123467056e-09,1.3877787807814457e-16,0.013888888888888888
1.0,9.239476669508537e-09,1.942890293094024e-16,0.013888888888888888
1.0,9.49845960415446e-09,2.220446049250313e-16,0.013888888888888888
1.0,9.782791088534809e-09,3.885780586188048e-16,0.013888888888888888
1.0,1.0047861757991461e-08,2.7755575615628914e-16,0.013888888888888888
1.0,1.0297634329949971e-08,1.3877787807814457e-16,0.013888888888888888
1.0,1.0565372858974004e-08,2.7755575615628914e-16,0.013888888888888888
1.0,1.081260174491131e-08,3.608224830031759e-16,0.013888888888888888
1.0,2.676131973699782e-09,3.608224830031759e-16,0.013888888888888888
1.0,2.621065162067845e-09,1.1102230246251565e-16,0.013888888888888888
1.0,2.6033378968251977e-09,2.498001805406602e-16,0.013888888888888888
1.0,2.6097504997069743e-09,2.7755575615628914e-16,0.013888888888888888
1.0,2.610446796270142e-09,3.0531133177191805e-16,0.013888888888888888
1.0,2.607773926716413e-09,1.6653345369377348e-16,0.013888888888888888
1.0,2.5979337268186144e-09,8.326672684688674e-17,0.013888888888888888
1.0,2.598491328416933e-09,2.220446049250313e-16,0.013888888888888888
1.0,2.5840076745336564e-09,1.1102230246251565e-16,0.013888888888888888
1.0,2.5764769341789114e-09,2.498001805406602e-16,0.013888888888888888
1.0,2.581198761682548e-09,3.0531133177191805e-16,0.013888888888888888
1.0,2.5783369344449987e-09,3.0531133177191805e-16,0.013888888888888888
1.0,2.5843963057925303e-09,2.220446049250313e-16,0.013888888888888888
1.0,2.5659762040320442e-09,1.6653345369377348e-16,0.013888888888888888
1.0,2.5675309159401174e-09,2.220446049250313e-16,0.013888888888888888
1.0,2.5691487292300387e-09,1.3877787807814457e-16,0.013888888888888888
1.0,2.561265103498387e-09,8.326672684688674e-17,0.013888888888888888
1.0,2.5541638816932335e-09,1.6653345369377348e-16,0.013888888888888888
1.0,2.549169947568671e-09,3.0531133177191805e-16,0.013888888888888888
1.0,2.5439489501930827e-09,1.942890293094024e-16,0.013888888888888888
1.0,2.554462576551102e-09,2.498001805406602e-16,0.013888888888888888
1.0,2.5488126347202122e-09,1.6653345369377348e-16,0.013888888888888888
1.0,2.5435791463981973e-09,4.996003610813204e-16,0.013888888888888888
1.0,2.535254361454454e-09,1.942890293094024e-16,0.013888888888888888
1.0,2.535282605494593e-09,8.326672684688674e-17,0.013888888888888888
1.0,2.532131212230366e-09,1.942890293094024e-16,0.013888888888888888
1.0,2.5240842178317582e-09,1.942890293094024e-16,0.013888888888888888
1.0,2.5284025510980133e-09,1.3877787807814457e-16,0.013888888888888888
1.0,2.513567431738116e-09,2.220446049250313e-16,0.013888888888888888
1.0,2.513293043208689e-09,1.3877787807814457e-16,0.013888888888888888
1.0,2.5229990852417125e-09,2.220446049250313e-16,0.013888888888888888
1.0,2.51123024602377e-09,5.551115123125783e-17,0.013888888888888888
1.0,2.510905462450231e-09,5.551115123125783e-17,0.013888888888888888
1.0,2.5114260621018065e-09,1.1102230246251565e-16,0.013888888888888888
1.0,2.521952172165505e-09,1.942890293094024e-16,0.013888888888888888
1.0,1.5690658986737662e-07,1.942890293094024e-16,0.013888888888888888
1.0,7.295688803066881e-10,4.163336342344337e-16,0.013888888888888888
1.0,1.925326838626573e-09,2.7755575615628914e-16,0.013888888888888888
1.0,2.1537409372169046e-09,2.220446049250313e-16,0.013888888888888888
1.0,2.3248684376823505e-09,3.0531133177191805e-16,0.013888888888888888
1.0,2.527816545836663e-09,3.0531133177191805e-16,0.013888888888888888
1.0,2.705060730823618e-09,2.7755575615628914e-16,0.013888888888888888
1.0,2.8977474542616414e-09,2.220446049250313e-16,0.013888888888888888
1.0,3.0721496247010907e-09,2.498001805406602e-16,0.013888888888888888
1.0,3.2628143227545557e-09,2.7755575615628914e-16,0.013888888888888888
1.0,3.4689338086472004e-09,2.498001805406602e-16,0.013888888888888888
1.0,3.6529078199138845e-09,3.3306690738754696e-16,0.013888888888888888
1.0,3.834760433005638e-09,1.6653345369377348e-16,0.013888888888888888
1.0,4.037026258235358e-09,2.7755575615628914e-16,0.013888888888888888
1.0,4.214699068504911e-09,2.498001805406602e-16,0.013888888888888888
1.0,4.402325197228142e-09,3.885780586188048e-16,0.013888888888888888
1.0,4.617038656212389e-09,1.3877787807814457e-16,0.013888888888888888
1.0,4.7885236959557985e-09,1.942890293094024e-16,0.013888888888888888
1.0,4.971450723575793e-09,3.3306690738754696e-16,0.013888888888888888
1.0,5.196201396365844e-09,1.3877787807814457e-16,0.013888888888888888
1.0,5.361523844445773e-09,3.608224830031759e-16,0.013888888888888888
1.0,5.55742799282722e-09,2.220446049250313e-16,0.013888888888888888
1.0,5.747236166868762e-09,1.1102230246251565e-16,0.013888888888888888
1.0,5.9419755197229215e-09,2.7755575615628914e-16,0.013888888888888888
1.0,6.129395093598865e-09,2.7755575615628914e-16,0.013888888888888888
1.0,6.313633244054647e-09,3.3306690738754696e-16,0.013888888888888888
1.0,6.528237625061929e-09,3.608224830031759e-16,0.013888888888888888
1.0,6.722728869440843e-09,8.326672684688674e-17,0.013888888888888888
1.0,6.915010075734818e-09,3.3306690738754696e-16,0.013888888888888888
1.0,7.106204119344643e-09,1.942890293094024e-16,0.013888888888888888
1.0,7.287529988060996e-09,2.220446049250313e-16,0.013888888888888888
1.0,7.49021322076046e-09,5.551115123125783e-17,0.013888888888888888
1.0,7.665264521204215e-09,4.440892098500626e-16,0.013888888888888888
1.0,7.851138469369747e-09,3.0531133177191805e-16,0.013888888888888888
1.0,8.033730041449292e-09,2.498001805406602e-16,0.013888888888888888
1.0,8.233628703470862e-09,5.551115123125783e-17,0.013888888888888888
1.0,8.41977355609754e-09,1.942890293094024e-16,0.013888888888888888
1.0,6.506819138030857e-08,2.498001805406602e-16,0.013888888888888888
1.0,6.25483192839167e-08,2.7755575615628914e-16,0.013888888888888888
1.0,5.990871808539522e-08,3.3306690738754696e-16,0.013888888888888888
1.0,5.742949146723265e-08,1.6653345369377348e-16,0.013888888888888888
1.0,5.508214416369825e-08,2.7755575615628914e-16,0.013888888888888888
1.0,5.2870010803006854e-08,2.498001805406602e-16,0.013888888888888888
1.0,5.0786796137990334e-08,1.1102230246251565e-16,0.013888888888888888
1.0,4.881575778147852e-08,2.498001805406602e-16,0.013888888888888888
1.0,4.697474607069179e-08,2.7755575615628914e-16,0.013888888888888888
1.0,4.522501425530427e-08,3.3306690738754696e-16,0.013888888888888888
1.0,4.356373195246487e-08,3.885780586188048e-16,0.013888888888888888
1.0,4.198300391061468e-08,2.7755575615628914e-16,0.013888888888888888
1.0,4.050081861997555e-08,2.7755575615628914e-16,0.013888888888888888
1.0,3.908107334796898e-08,2.7755575615628914e-16,0.013888888888888888
1.0,3.774221480909522e-08,1.942890293094024e-16,0.013888888888888888
1.0,3.6459240852359745e-08,2.7755575615628914e-16,0.013888888888888888
1.0,3.525765832315213e-08,2.7755575615628914e-16,0.013888888888888888
1.0,3.411664132825188e-08,3.0531133177191805e-16,0.013888888888888888
1.0,3.300944500371148e-08,2.498001805406602e-16,0.013888888888888888
1.0,3.196270044382498e-08,3.3306690738754696e-16,0.013888888888888888
1.0,3.097027060399798e-08,4.163336342344337e-16,0.013888888888888888
1.0,3.001593888684995e-08,2.498001805406602e-16,0.013888888888888888
1.0,2.9102468780477312e-08,3.608224830031759e-16,0.013888888888888888
1.0,2.8231552902009962e-08,1.942890293094024e-16,0.013888888888888888
1.0,2.7406371006989775e-08,1.3877787807814457e-16,0.013888888888888888
1.0,2.6597166829541492e-08,3.0531133177191805e-16,0.013888888888888888
1.0,2.583572415065558e-08,1.6653345369377348e-16,0.013888888888888888
1.0,2.5113858851640214e-08,1.6653345369377348e-16,0.013888888888888888
1.0,2.440641754269695e-08,1.942890293094024e-16,0.013888888888888888
1.0,2.375765487882243e-08,2.7755575615628914e-16,0.013888888888888888
1.0,2.3100554303152962e-08,1.3877787807814457e-16,0.013888888888888888
1.0,2.2485959084501708e-08,3.3306690738754696e-16,0.013888888888888888
1.0,2.1904025338308298e-08,1.6653345369377348e-16,0.013888888888888888
1.0,2.1322298438221604e-08,2.220446049250313e-16,0.013888888888888888
1.0,2.0781174933262028e-08,3.0531133177191805e-16,0.013888888888888888
1.0,8.979749109795683e-08,4.718447854656915e-16,0.013888888888888888
1.0,1.8728680977936307e-08,3.0531133177191805e-16,0.013888888888888888
1.0,1.9092381928466796e-08,2.498001805406602e-16,0.013888888888888888
1.0,1.882007016395569e-08,4.163336342344337e-16,0.013888888888888888
1.0,1.8532171795433293e-08,4.996003610813204e-16,0.013888888888888888
1.0,1.826670151053097e-08,1.6653345369377348e-16,0.013888888888888888
1.0,1.8009638300852958e-08,3.885780586188048e-16,0.013888888888888888
1.0,1.7753612720774292e-08,3.0531133177191805e-16,0.013888888888888888
1.0,1.751965805421221e-08,1.942890293094024e-16,0.013888888888888888
1.0,1.7303427243990898e-08,3.0531133177191805e-16,0.013888888888888888
1.0,1.7097916145726948e-08,4.996003610813204e-16,0.013888888888888888
1.0,1.6895428486345755e-08,2.7755575615628914e-16,0.013888888888888888
1.0,1.673121498965956e-08,1.942890293094024e-16,0.013888888888888888
1.0,1.655493489011204e-08,2.7755575615628914e-16,0.013888888888888888
1.0,1.640892887488003e-08,3.608224830031759e-16,0.013888888888888888
1.0,1.6247996609667716e-08,4.163336342344337e-16,0.013888888888888888
1.0,1.6105888841557683e-08,3.3306690738754696e-16,0.013888888888888888
1.0,1.5981924317258704e-08,3.608224830031759e-16,0.013888888888888888
1.0,1.5857753899118177e-08,3.3306690738754696e-16,0.013888888888888888
1.0,1.5757807374501082e-08,2.498001805406602e-16,0.013888888888888888
1.0,1.5653132989846385e-08,4.996003610813204e-16,0.013888888888888888
1.0,1.554585886955614e-08,2.498001805406602e-16,0.013888888888888888
1.0,1.5472313484695786e-08,2.498001805406602e-16,0.013888888888888888
1.0,1.5391231045433937e-08,3.885780586188048e-16,0.013888888888888888
1.0,1.53079128851645e-08,1.942890293094024e-16,0.013888888888888888
1.0,1.5246182376174315e-08,3.885780586188048e-16,0.013888888888888888
1.0,1.5187352669838633e-08,1.6653345369377348e-16,0.013888888888888888
1.0,1.5147238197344578e-08,2.498001805406602e-16,0.013888888888888888
1.0,1.509177901674175e-08,2.220446049250313e-16,0.013888888888888888
1.0,1.504022723214544e-08,4.440892098500626e-16,0.013888888888888888
1.0,1.5003498790475064e-08,2.7755575615628914e-16,0.013888888888888888
1.0,1.4957670788036452e-08,2.498001805406602e-16,0.013888888888888888
1.0,1.493060618621196e-08,2.498001805406602e-16,0.013888888888888888
1.0,1.4916500024445546e-08,3.885780586188048e-16,0.013888888888888888
1.0,1.4879054338555798e-08,5.273559366969494e-16,0.013888888888888888
1.0,1.4886129940021604e-08,3.885780586188048e-16,0.013888888888888888
1.0,1.4857653789105661e-08,3.885780586188048e-16,0.013888888888888888
1.0,7.3670518102625435e-09,3.0531133177191805e-16,0.013888888888888888
1.0,7.340403824080227e-09,3.608224830031759e-16,0.013888888888888888
1.0,7.337501030768894e-09,4.996003610813204e-16,0.013888888888888888
1.0,7.334372640835546e-09,2.7755575615628914e-16,0.013888888888888888
1.0,7.321299772537201e-09,2.498001805406602e-16,0.013888888888888888
1.0,7.289382191085661e-09,4.163336342344337e-16,0.013888888888888888
1.0,7.276890930329009e-09,2.7755575615628914e-16,0.013888888888888888
1.0,7.236415724319509e-09,3.3306690738754696e-16,0.013888888888888888
1.0,7.187318822906606e-09,2.7755575615628914e-16,0.013888888888888888
1.0,7.142075786013704e-09,1.3877787807814457e-16,0.013888888888888888
1.0,7.110039779302088e-09,2.220446049250313e-16,0.013888888888888888
1.0,7.063087850139922e-09,4.163336342344337e-16,0.013888888888888888
1.0,6.992735804185795e-09,3.885780586188048e-16,0.013888888888888888
1.0,6.949286789699541e-09,3.608224830031759e-16,0.013888888888888888
1.0,6.890796445100127e-09,2.498001805406602e-16,0.013888888888888888
1.0,6.836738795264401e-09,3.3306690738754696e-16,0.013888888888888888
1.0,6.773002625767701e-09,4.718447854656915e-16,0.013888888888888888
1.0,6.717966377697252e-09,2.7755575615628914e-16,0.013888888888888888
1.0,6.651703420885038e-09,3.885780586188048e-16,0.013888888888888888
1.0,6.592327605975856e-09,2.220446049250313e-16,0.013888888888888888
1.0,6.539196781362503e-09,3.885780586188048e-16,0.013888888888888888
1.0,6.471768041698541e-09,3.0531133177191805e-16,0.013888888888888888
1.0,6.3957563369289796e-09,3.885780586188048e-16,0.013888888888888888
1.0,6.3483446473200455e-09,2.498001805406602e-16,0.013888888888888888
1.0,6.283551322795979e-09,3.0531133177191805e-16,0.013888888888888888
1.0,6.226487975187814e-09,4.163336342344337e-16,0.013888888888888888
1.0,6.160678010638447e-09,3.608224830031759e-16,0.013888888888888888
1.0,6.087984447397528e-09,3.885780586188048e-16,0.013888888888888888
1.0,6.033379702584602e-09,1.3877787807814457e-16,0.013888888888888888
1.0,5.981029238805433e-09,3.0531133177191805e-16,0.013888888888888888
1.0,5.902109485157004e-09,4.440892098500626e-16,0.013888888888888888
1.0,5.835186279942477e-09,4.440892098500626e-16,0.013888888888888888
1.0,5.7826885646247e-09,3.0531133177191805e-16,0.013888888888888888
1.0,5.7163594789953904e-09,2.220446049250313e-16,0.013888888888888888
1.0,5.652662224225858e-09,3.885780586188048e-16,0.013888888888888888
1.0,8.10692450923785e-08,2.7755575615628914e-16,0.013888888888888888
1.0,4.75619491359424e-09,2.498001805406602e-16,0.013888888888888888
1.0,5.330786219439958e-09,3.608224830031759e-16,0.013888888888888888
1.0,5.467671568743298e-09,3.608224830031759e-16,0.013888888888888888
1.0,5.554070799542435e-09,4.718447854656915e-16,0.013888888888888888
1.0,5.623968241076687e-09,5.828670879282072e-16,0.013888888888888888
1.0,5.699956739533039e-09,3.0531133177191805e-16,0.013888888888888888
1.0,5.767687795446405e-09,3.885780586188048e-16,0.013888888888888888
1.0,5.8511509132078665e-09,4.440892098500626e-16,0.013888888888888888
1.0,5.938451893446911e-09,2.7755575615628914e-16,0.013888888888888888
1.0,6.003927639567018e-09,2.498001805406602e-16,0.013888888888888888
1.0,6.0924980087274974e-09,4.440892098500626e-16,0.013888888888888888
1.0,6.17264740534944e-09,2.220446049250313e-16,0.013888888888888888
1.0,6.259617457400221e-09,3.0531133177191805e-16,0.013888888888888888
1.0,6.329243325019313e-09,2.220446049250313e-16,0.013888888888888888
1.0,6.402241401172193e-09,2.7755575615628914e-16,0.013888888888888888
1.0,6.49177620943961e-09,2.498001805406602e-16,0.013888888888888888
1.0,6.574841034975018e-09,2.7755575615628914e-16,0.013888888888888888
1.0,6.667910406427944e-09,4.718447854656915e-16,0.013888888888888888
1.0,6.759392971118452e-09,3.608224830031759e-16,0.013888888888888888
1.0,6.826823900420189e-09,4.718447854656915e-16,0.013888888888888888
1.0,6.936981105339359e-09,4.996003610813204e-16,0.013888888888888888
1.0,7.008135507693613e-09,3.3306690738754696e-16,0.013888888888888888
1.0,7.092566430430277e-09,3.0531133177191805e-16,0.013888888888888888
1.0,7.18476138458226e-09,2.498001805406602e-16,0.013888888888888888
1.0,7.269379132272337e-09,3.0531133177191805e-16,0.013888888888888888
1.0,7.369588634118815e-09,4.163336342344337e-16,0.013888888888888888
1.0,7.458520976946629e-09,2.7755575615628914e-16,0.013888888888888888
1.0,7.533143424260794e-09,4.163336342344337e-16,0.013888888888888888
1.0,7.618210324241608e-09,3.608224830031759e-16,0.013888888888888888
1.0,7.714879280179845e-09,3.3306690738754696e-16,0.013888888888888888
1.0,7.804134829116263e-09,3.0531133177191805e-16,0.013888888888888888
1.0,7.895616810139618e-09,4.718447854656915e-16,0.013888888888888888
1.0,7.981208239440126e-09,3.3306690738754696e-16,0.013888888888888888
1.0,8.072386131860299e-09,6.38378239159465e-16,0.013888888888888888
1.0,8.149556690432807e-09,3.0531133177191805e-16,0.013888888888888888
1.0,8.250963513172532e-09,3.0531133177191805e-16,0.013888888888888888
1.0,3.3242398550501854e-09,6.661338147750939e-16,0.013888888888888888
1.0,3.311768963824582e-09,1.942890293094024e-16,0.013888888888888888
1.0,3.2960012385490213e-09,5.273559366969494e-16,0.013888888888888888
1.0,3.2933210854704674e-09,1.942890293094024e-16,0.013888888888888888
1.0,3.300154515365158e-09,4.440892098500626e-16,0.013888888888888888
1.0,3.292214481873162e-09,5.273559366969494e-16,0.013888888888888888
1.0,3.2949834678730528e-09,6.38378239159465e-16,0.013888888888888888
1.0,3.2761964525831556e-09,2.498001805406602e-16,0.013888888888888888
1.0,3.2798465310392615e-09,4.996003610813204e-16,0.013888888888888888
1.0,3.264772094870524e-09,3.885780586188048e-16,0.013888888888888888
1.0,3.2540895652991167e-09,5.273559366969494e-16,0.013888888888888888
1.0,3.240122876100693e-09,2.220446049250313e-16,0.013888888888888888
1.0,3.2252629430553826e-09,4.163336342344337e-16,0.013888888888888888
1.0,3.2187838497589988e-09,3.0531133177191805e-16,0.013888888888888888
1.0,3.2041381975854237e-09,3.608224830031759e-16,0.013888888888888888
1.0,3.1896311546728978e-09,4.718447854656915e-16,0.013888888888888888
1.0,3.172997702042047e-09,3.608224830031759e-16,0.013888888888888888
1.0,3.1445989909088985e-09,3.3306690738754696e-16,0.013888888888888888
1.0,3.132672145092736e-09,3.885780586188048e-16,0.013888888888888888
1.0,3.118342055276594e-09,3.608224830031759e-16,0.013888888888888888
1.0,3.094247539204099e-09,3.3306690738754696e-16,0.013888888888888888
1.0,3.0848756245183985e-09,4.718447854656915e-16,0.013888888888888888
1.0,3.07337729716708e-09,2.220446049250313e-16,0.013888888888888888
1.0,3.04797476266445e-09,3.0531133177191805e-16,0.013888888888888888
1.0,3.029191177458748e-09,5.273559366969494e-16,0.013888888888888888
1.0,3.0147741099002944e-09,5.551115123125783e-16,0.013888888888888888
1.0,2.9885040097461205e-09,2.220446049250313e-16,0.013888888888888888
1.0,2.975182032405158e-09,3.3306690738754696e-16,0.013888888888888888
1.0,2.9623509472767214e-09,4.718447854656915e-16,0.013888888888888888
1.0,2.9336907258744083e-09,2.7755575615628914e-16,0.013888888888888888
1.0,2.910290387278164e-09,1.942890293094024e-16,0.013888888888888888
1.0,2.893974391392525e-09,3.885780586188048e-16,0.013888888888888888
1.0,2.879357239596127e-09,2.220446049250313e-16,0.013888888888888888
1.0,2.853340270541367e-09,3.3306690738754696e-16,0.013888888888888888
1.0,2.8419446366636433e-09,4.440892098500626e-16,0.013888888888888888
1.0,6.89837663345971e-08,4.996003610813204e-16,0.013888888888888888
1.0,2.13709080908112e-09,3.608224830031759e-16,0.013888888888888888
1.0,2.6345189509771987e-09,4.996003610813204e-16,0.013888888888888888
1.0,2.7873072541754224e-09,3.885780586188048e-16,0.013888888888888888
1.0,2.8952236031943682e-09,4.718447854656915e-16,0.013888888888888888
1.0,2.9873979511720413e-09,3.3306690738754696e-16,0.013888888888888888
1.0,3.079395514818629e-09,3.608224830031759e-16,0.013888888888888888
1.0,3.1718705991519996e-09,3.885780586188048e-16,0.013888888888888888
1.0,3.2634013302510035e-09,3.3306690738754696e-16,0.013888888888888888
1.0,3.352037373124741e-09,3.885780586188048e-16,0.013888888888888888
1.0,3.4288575574327453e-09,3.608224830031759e-16,0.013888888888888888
1.0,3.535636682844212e-09,3.0531133177191805e-16,0.013888888888888888
1.0,3.6279701130018154e-09,3.3306690738754696e-16,0.013888888888888888
1.0,3.7116208351367302e-09,3.3306690738754696e-16,0.013888888888888888
1.0,3.810508488536603e-09,6.938893903907228e-16,0.013888888888888888
1.0,3.903280281154582e-09,4.996003610813204e-16,0.013888888888888888
1.0,4.002455893254474e-09,4.163336342344337e-16,0.013888888888888888
1.0,4.089098593776276e-09,5.551115123125783e-16,0.013888888888888888
1.0,4.193192498385044e-09,4.163336342344337e-16,0.013888888888888888
1.0,4.288377264495879e-09,3.885780586188048e-16,0.013888888888888888
1.0,4.376552912618449e-09,3.885780586188048e-16,0.013888888888888888
1.0,4.468414490515662e-09,1.942890293094024e-16,0.013888888888888888
1.0,4.562452080488475e-09,5.273559366969494e-16,0.013888888888888888
1.0,4.659420589624144e-09,3.3306690738754696e-16,0.013888888888888888
1.0,4.755859875556044e-09,4.440892098500626e-16,0.013888888888888888
1.0,4.846535758242244e-09,6.38378239159465e-16,0.013888888888888888
1.0,4.9339269691821046e-09,5.551115123125783e-16,0.013888888888888888
1.0,5.029860688061822e-09,5.273559366969494e-16,0.013888888888888888
1.0,5.1329024685303635e-09,3.885780586188048e-16,0.013888888888888888
1.0,5.209521235515225e-09,1.942890293094024e-16,0.013888888888888888
1.0,5.309604664497981e-09,3.3306690738754696e-16,0.013888888888888888
1.0,5.40242750750655e-09,4.163336342344337e-16,0.013888888888888888
1.0,5.488556020734393e-09,4.718447854656915e-16,0.013888888888888888
1.0,5.583944002239543e-09,3.885780586188048e-16,0.013888888888888888
1.0,5.674134903829055e-09,5.551115123125783e-16,0.013888888888888888
1.0,5.766388426903141e-09,3.608224830031759e-16,0.013888888888888888
1.0,5.84709117938923e-09,3.3306690738754696e-16,0.013888888888888888
1.0,6.3616055520213955e-09,5.551115123125783e-16,0.013888888888888888
1.0,6.3033149214104184e-09,4.440892098500626e-16,0.013888888888888888
1.0,6.244144180843497e-09,5.551115123125783e-16,0.013888888888888888
1.0,6.184558852487453e-09,4.440892098500626e-16,0.013888888888888888
1.0,6.116972343086338e-09,3.608224830031759e-16,0.013888888888888888
1.0,6.064999973116507e-09,2.498001805406602e-16,0.013888888888888888
1.0,5.993212558811805e-09,5.273559366969494e-16,0.013888888888888888
1.0,5.921652292505041e-09,4.996003610813204e-16,0.013888888888888888
1.0,5.8714556222303215e-09,2.498001805406602e-16,0.013888888888888888
1.0,5.8020102647880144e-09,4.163336342344337e-16,0.013888888888888888
1.0,5.721179640853867e-09,5.273559366969494e-16,0.013888888888888888
1.0,5.662832141920912e-09,4.996003610813204e-16,0.013888888888888888
1.0,5.600572502603522e-09,2.220446049250313e-16,0.013888888888888888
1.0,5.5248266325236895e-09,5.828670879282072e-16,0.013888888888888888
1.0,5.469299012993571e-09,4.996003610813204e-16,0.013888888888888888
1.0,5.4034052650729776e-09,4.996003610813204e-16,0.013888888888888888
1.0,5.334127868598527e-09,4.440892098500626e-16,0.013888888888888888
1.0,5.273418616285821e-09,6.38378239159465e-16,0.013888888888888888
1.0,5.207438579703178e-09,4.440892098500626e-16,0.013888888888888888
1.0,5.138301370680017e-09,2.7755575615628914e-16,0.013888888888888888
1.0,5.082160591297648e-09,5.273559366969494e-16,0.013888888888888888
1.0,5.011414218783243e-09,3.885780586188048e-16,0.013888888888888888
1.0,4.955060629108197e-09,3.608224830031759e-16,0.013888888888888888
1.0,4.891498894460046e-09,4.440892098500626e-16,0.013888888888888888
1.0,4.823685500842565e-09,5.273559366969494e-16,0.013888888888888888
1.0,4.7635844888880796e-09,2.498001805406602e-16,0.013888888888888888
1.0,4.706163614167265e-09,3.608224830031759e-16,0.013888888888888888
1.0,4.636200614751501e-09,2.7755575615628914e-16,0.013888888888888888
1.0,4.5799507271678335e-09,4.440892098500626e-16,0.013888888888888888
1.0,4.5182666364952865e-09,4.163336342344337e-16,0.013888888888888888
1.0,4.4514125788146774e-09,4.718447854656915e-16,0.013888888888888888
1.0,4.39023272105827e-09,4.163336342344337e-16,0.013888888888888888
1.0,4.334123154883846e-09,3.0531133177191805e-16,0.013888888888888888
1.0,4.273019745302289e-09,3.608224830031759e-16,0.013888888888888888
1.0,4.216722403767299e-09,4.163336342344337e-16,0.013888888888888888
1.0,3.762063871773193e-08,4.440892098500626e-16,0.013888888888888888
1.0,3.922990752996864e-09,5.273559366969494e-16,0.013888888888888888
1.0,4.1695536614269065e-09,3.885780586188048e-16,0.013888888888888888
1.0,4.2198489522897465e-09,4.163336342344337e-16,0.013888888888888888
1.0,4.238076600729082e-09,3.608224830031759e-16,0.013888888888888888
1.0,4.2539137486101565e-09,6.106226635438361e-16,0.013888888888888888
1.0,4.244653126808878e-09,3.608224830031759e-16,0.013888888888888888
1.0,4.246047841752861e-09,4.996003610813204e-16,0.013888888888888888
1.0,4.25116613297884e-09,5.273559366969494e-16,0.013888888888888888
1.0,4.239892400168353e-09,4.718447854656915e-16,0.013888888888888888
1.0,4.244570108272799e-09,5.273559366969494e-16,0.013888888888888888
1.0,4.239259128681177e-09,4.718447854656915e-16,0.013888888888888888
1.0,4.244251036630257e-09,3.608224830031759e-16,0.013888888888888888
1.0,4.238851766883315e-09,4.440892098500626e-16,0.013888888888888888
1.0,4.233188223470587e-09,3.608224830031759e-16,0.013888888888888888
1.0,4.225511814287988e-09,6.38378239159465e-16,0.013888888888888888
1.0,4.2155709661323265e-09,4.718447854656915e-16,0.013888888888888888
1.0,4.21259922605765e-09,4.718447854656915e-16,0.013888888888888888
1.0,4.207740420430594e-09,3.0531133177191805e-16,0.013888888888888888
1.0,4.194277044948985e-09,4.440892098500626e-16,0.013888888888888888
1.0,4.187505976850557e-09,7.494005416219807e-16,0.013888888888888888
1.0,4.186018232307364e-09,3.3306690738754696e-16,0.013888888888888888
1.0,4.163145227371886e-09,2.220446049250313e-16,0.013888888888888888
1.0,4.153656792410542e-09,7.216449660063518e-16,0.013888888888888888
1.0,4.140872495707516e-09,5.273559366969494e-16,0.013888888888888888
1.0,4.115584296446197e-09,6.38378239159465e-16,0.013888888888888888
1.0,4.105869331176681e-09,2.498001805406602e-16,0.013888888888888888
1.0,4.089613103103356e-09,2.7755575615628914e-16,0.013888888888888888
1.0,4.079306831877846e-09,3.608224830031759e-16,0.013888888888888888
1.0,4.054094227516778e-09,6.938893903907228e-16,0.013888888888888888
1.0,4.032164840274943e-09,2.7755575615628914e-16,0.013888888888888888
1.0,4.0172042904145395e-09,5.273559366969494e-16,0.013888888888888888
1.0,3.993639707018921e-09,3.885780586188048e-16,0.013888888888888888
1.0,3.968414771496159e-09,4.718447854656915e-16,0.013888888888888888
1.0,3.947806368836964e-09,7.216449660063518e-16,0.013888888888888888
1.0,3.925625659318925e-09,3.885780586188048e-16,0.013888888888888888
1.0,3.893935459048278e-09,4.163336342344337e-16,0.013888888888888888
1.0,2.5447918679825314e-09,4.718447854656915e-16,0.013888888888888888
1.0,2.4778030887972837e-09,4.440892098500626e-16,0.013888888888888888
1.0,2.433720480590624e-09,3.885780586188048e-16,0.013888888888888888
1.0,2.3788331141357767e-09,6.38378239159465e-16,0.013888888888888888
1.0,2.3367762601671903e-09,4.718447854656915e-16,0.013888888888888888
1.0,2.2940152762766892e-09,6.938893903907228e-16,0.013888888888888888
1.0,2.249984131958948e-09,3.608224830031759e-16,0.013888888888888888
1.0,2.2044564222184544e-09,4.718447854656915e-16,0.013888888888888888
1.0,2.158752894947997e-09,5.273559366969494e-16,0.013888888888888888
1.0,2.124634376610823e-09,4.718447854656915e-16,0.013888888888888888
1.0,2.0768433614684583e-09,2.7755575615628914e-16,0.013888888888888888
1.0,2.0327758260326978e-09,3.885780586188048e-16,0.013888888888888888
1.0,1.9924694731558075e-09,5.828670879282072e-16,0.013888888888888888
1.0,1.9505910753424134e-09,4.718447854656915e-16,0.013888888888888888
1.0,1.9130901590241216e-09,3.885780586188048e-16,0.013888888888888888
1.0,1.8759919686468257e-09,4.163336342344337e-16,0.013888888888888888
1.0,1.8323030242439002e-09,3.0531133177191805e-16,0.013888888888888888
1.0,1.8030163240152505e-09,4.718447854656915e-16,0.013888888888888888
1.0,1.7663087035191697e-09,4.718447854656915e-16,0.013888888888888888
1.0,1.728318328861727e-09,3.3306690738754696e-16,0.013888888888888888
1.0,1.693019876129287e-09,4.440892098500626e-16,0.013888888888888888
1.0,1.6545645386136288e-09,3.3306690738754696e-16,0.013888888888888888
1.0,1.6202475783445225e-09,4.163336342344337e-16,0.013888888888888888
1.0,1.5847107481591201e-09,4.718447854656915e-16,0.013888888888888888
1.0,1.5544191150370744e-09,2.498001805406602e-16,0.013888888888888888
1.0,1.5195241386181282e-09,3.3306690738754696e-16,0.013888888888888888
1.0,1.486805325872266e-09,8.881784197001252e-16,0.013888888888888888
1.0,1.4494580462256252e-09,4.440892098500626e-16,0.013888888888888888
1.0,1.4222361060135934e-09,5.551115123125783e-16,0.013888888888888888
1.0,1.3878198245891229e-09,4.996003610813204e-16,0.013888888888888888
1.0,1.3555796776695061e-09,3.608224830031759e-16,0.013888888888888888
1.0,1.3291506093396346e-09,5.551115123125783e-16,0.013888888888888888
1.0,1.299866547855226e-09,3.885780586188048e-16,0.013888888888888888
1.0,1.2711863692110786e-09,5.551115123125783e-16,0.013888888888888888
1.0,1.2386575869241078e-09,3.885780586188048e-16,0.013888888888888888
1.0,2.8074077310149755e-08,7.771561172376096e-16,0.013888888888888888
1.0,1.1612173891465686e-09,5.828670879282072e-16,0.013888888888888888
1.0,1.2181176756255605e-09,3.0531133177191805e-16,0.013888888888888888
1.0,1.2316864957367999e-09,6.106226635438361e-16,0.013888888888888888
1.0,1.2347148757182424e-09,5.828670879282072e-16,0.013888888888888888
1.0,1.2177820245617464e-09,3.0531133177191805e-16,0.013888888888888888
1.0,1.2160055660482688e-09,4.440892098500626e-16,0.013888888888888888
1.0,1.2025945430251203e-09,6.938893903907228e-16,0.013888888888888888
1.0,1.191296612191627e-09,3.608224830031759e-16,0.013888888888888888
1.0,1.1802250891001735e-09,4.163336342344337e-16,0.013888888888888888
1.0,1.1701472169175906e-09,3.885780586188048e-16,0.013888888888888888
1.0,1.1609875225963711e-09,2.7755575615628914e-16,0.013888888888888888
1.0,1.1562551775222352e-09,3.885780586188048e-16,0.013888888888888888
1.0,1.1476614662225663e-09,3.608224830031759e-16,0.013888888888888888
1.0,1.1369044012175842e-09,4.718447854656915e-16,0.013888888888888888
1.0,1.1249776316445767e-09,5.273559366969494e-16,0.013888888888888888
1.0,1.1124094262090747e-09,4.718447854656915e-16,0.013888888888888888
1.0,1.1035138813272952e-09,8.881784197001252e-16,0.013888888888888888
1.0,1.0961402163767854e-09,6.38378239159465e-16,0.013888888888888888
1.0,1.0887162380574992e-09,2.7755575615628914e-16,0.013888888888888888
1.0,1.0818079309925035e-09,5.551115123125783e-16,0.013888888888888888
1.0,1.0634416367370248e-09,4.163336342344337e-16,0.013888888888888888
1.0,1.0560931502942087e-09,6.661338147750939e-16,0.013888888888888888
1.0,1.0441916853833734e-09,5.273559366969494e-16,0.013888888888888888
1.0,1.1382224713295111e-09,4.996003610813204e-16,0.013888888888888888
1.0,1.2482686223808739e-09,5.273559366969494e-16,0.013888888888888888
1.0,1.365622766775529e-09,3.608224830031759e-16,0.013888888888888888
1.0,1.507255704068717e-09,4.718447854656915e-16,0.013888888888888888
1.0,1.6337185020313626e-09,5.828670879282072e-16,0.013888888888888888
1.0,1.7565761762163205e-09,3.608224830031759e-16,0.013888888888888888
1.0,1.903360056521421e-09,4.163336342344337e-16,0.013888888888888888
1.0,2.054349833452943e-09,4.163336342344337e-16,0.013888888888888888
1.0,2.197537157976086e-09,7.494005416219807e-16,0.013888888888888888
1.0,2.355579075396559e-09,3.885780586188048e-16,0.013888888888888888
1.0,2.5079623704903933e-09,5.828670879282072e-16,0.013888888888888888
1.0,2.6623220310924824e-09,5.551115123125783e-16,0.013888888888888888
1.0,2.8467327355785343e-09,4.440892098500626e-16,0.013888888888888888
1.0,1.075434569681921e-10,4.996003610813204e-16,0.013888888888888888
1.0,1.0042496989153147e-10,4.718447854656915e-16,0.013888888888888888
1.0,1.0126754107301528e-10,6.106226635438361e-16,0.013888888888888888
1.0,9.636256688878543e-11,6.38378239159465e-16,0.013888888888888888
1.0,9.123121997491104e-11,3.885780586188048e-16,0.013888888888888888
1.0,9.549465285236805e-11,4.996003610813204e-16,0.013888888888888888
1.0,8.749583603823067e-11,3.0531133177191805e-16,0.013888888888888888
1.0,9.086632523158857e-11,5.828670879282072e-16,0.013888888888888888
1.0,8.909296273936315e-11,3.885780586188048e-16,0.013888888888888888
1.0,7.811350355015182e-11,6.106226635438361e-16,0.013888888888888888
1.0,8.447723271356691e-11,3.608224830031759e-16,0.013888888888888888
1.0,7.96351830659001e-11,6.106226635438361e-16,0.013888888888888888
1.0,7.681797492772698e-11,4.996003610813204e-16,0.013888888888888888
1.0,7.77108703841418e-11,3.3306690738754696e-16,0.013888888888888888
1.0,7.246638335755167e-11,8.326672684688674e-16,0.013888888888888888
1.0,7.48558961211199e-11,3.3306690738754696e-16,0.013888888888888888
1.0,7.300709637616388e-11,4.440892098500626e-16,0.013888888888888888
1.0,7.63901570750315e-11,3.608224830031759e-16,0.013888888888888888
1.0,7.742139504962794e-11,4.718447854656915e-16,0.013888888888888888
1.0,6.730979294170915e-11,6.106226635438361e-16,0.013888888888888888
1.0,6.459322012191929e-11,4.440892098500626e-16,0.013888888888888888
1.0,6.182634427706246e-11,4.718447854656915e-16,0.013888888888888888
1.0,6.431646888770106e-11,5.551115123125783e-16,0.013888888888888888
1.0,6.370018537281706e-11,4.996003610813204e-16,0.013888888888888888
1.0,6.816482319430167e-11,6.106226635438361e-16,0.013888888888888888
1.0,7.54591759209878e-11,5.828670879282072e-16,0.013888888888888888
1.0,6.300838049523706e-11,6.38378239159465e-16,0.013888888888888888
1.0,5.1777519836410756e-11,4.718447854656915e-16,0.013888888888888888
1.0,5.6732639697072145e-11,3.0531133177191805e-16,0.013888888888888888
1.0,5.841786377465364e-11,3.608224830031759e-16,0.013888888888888888
1.0,5.770097524417219e-11,6.106226635438361e-16,0.013888888888888888
1.0,5.422983576882628e-11,5.551115123125783e-16,0.013888888888888888
1.0,5.152586548607021e-11,6.661338147750939e-16,0.013888888888888888
1.0,6.134807269404036e-11,5.551115123125783e-16,0.013888888888888888
1.0,5.678278376257651e-11,5.273559366969494e-16,0.013888888888888888
1.0,5.792721619935549e-11,6.938893903907228e-16,0.013888888888888888
1.0,5.566342625423316e-11,3.3306690738754696e-16,0.013888888888888888
1.0,5.855598614980813e-11,6.38378239159465e-16,0.013888888888888888
1.0,5.708451483964976e-11,7.216449660063518e-16,0.013888888888888888
1.0,5.170177028087973e-11,6.106226635438361e-16,0.013888888888888888
1.0,5.1500524224638216e-11,4.718447854656915e-16,0.013888888888888888
1.0,5.261980419210341e-11,5.551115123125783e-16,0.013888888888888888
1.0,5.3009650428912384e-11,5.551115123125783e-16,0.013888888888888888
1.0,4.843180899272241e-11,2.7755575615628914e-16,0.013888888888888888
1.0,5.522305409714065e-11,5.828670879282072e-16,0.013888888888888888
1.0,5.183997523167028e-11,4.440892098500626e-16,0.013888888888888888
1.0,5.2053752057534126e-11,8.049116928532385e-16,0.013888888888888888
1.0,4.932465066430537e-11,6.106226635438361e-16,0.013888888888888888
1.0,4.4746821324012443e-11,4.163336342344337e-16,0.013888888888888888
1.0,5.0745741594097074e-11,3.3306690738754696e-16,0.013888888888888888
1.0,4.882153335609375e-11,5.551115123125783e-16,0.013888888888888888
1.0,5.3198094005707365e-11,2.7755575615628914e-16,0.013888888888888888
1.0,4.39292827962788e-11,5.273559366969494e-16,0.013888888888888888
1.0,5.307228684118141e-11,4.996003610813204e-16,0.013888888888888888
1.0,4.777761520364694e-11,2.498001805406602e-16,0.013888888888888888
1.0,4.264644065307827e-11,3.0531133177191805e-16,0.013888888888888888
1.0,3.932256778957523e-11,3.885780586188048e-16,0.013888888888888888
1.0,4.556412015831352e-11,6.38378239159465e-16,0.013888888888888888
1.0,3.789253102076206e-11,9.43689570931383e-16,0.013888888888888888
1.0,4.287274729928368e-11,6.938893903907228e-16,0.013888888888888888
1.0,4.6180307054106845e-11,4.163336342344337e-16,0.013888888888888888
1.0,4.704805604263594e-11,3.608224830031759e-16,0.013888888888888888
1.0,3.984180277257916e-11,7.771561172376096e-16,0.013888888888888888
1.0,4.238220453642056e-11,3.885780586188048e-16,0.013888888888888888
1.0,4.0571198763373466e-11,4.440892098500626e-16,0.013888888888888888
1.0,4.4180585048727844e-11,5.551115123125783e-16,0.013888888888888888
1.0,4.121255985919418e-11,3.608224830031759e-16,0.013888888888888888
1.0,3.879789431033761e-11,8.604228440844963e-16,0.013888888888888888
1.0,4.094842688552778e-11,5.551115123125783e-16,0.013888888888888888
1.0,4.087367572907999e-11,3.608224830031759e-16,0.013888888888888888
1.0,3.7389306956968824e-11,4.440892098500626e-16,0.013888888888888888
1.0,4.1375975434993e-11,4.996003610813204e-16,0.013888888888888888
1.0,1.0639530016043406e-10,4.996003610813204e-16,0.013888888888888888
1.0,9.639710244449775e-11,3.608224830031759e-16,0.013888888888888888
1.0,9.476213183756371e-11,3.885780586188048e-16,0.013888888888888888
1.0,8.737981596737893e-11,6.106226635438361e-16,0.013888888888888888
1.0,9.131613210697082e-11,5.273559366969494e-16,0.013888888888888888
1.0,8.340562634518506e-11,8.049116928532385e-16,0.013888888888888888
1.0,8.872532779645373e-11,3.885780586188048e-16,0.013888888888888888
1.0,8.868755170492233e-11,4.163336342344337e-16,0.013888888888888888
1.0,8.527934941347663e-11,4.996003610813204e-16,0.013888888888888888
1.0,7.812343969774012e-11,5.828670879282072e-16,0.013888888888888888
1.0,7.862644820999521e-11,3.608224830031759e-16,0.013888888888888888
1.0,8.016070529203394e-11,4.718447854656915e-16,0.013888888888888888
1.0,7.676509306180687e-11,4.718447854656915e-16,0.013888888888888888
1.0,7.646322710652484e-11,8.049116928532385e-16,0.013888888888888888
1.0,6.841443345229868e-11,4.440892098500626e-16,0.013888888888888888
1.0,7.477794636138518e-11,4.996003610813204e-16,0.013888888888888888
1.0,7.069065581978078e-11,6.106226635438361e-16,0.013888888888888888
1.0,7.148292148911687e-11,5.828670879282072e-16,0.013888888888888888
1.0,6.652788207967094e-11,5.551115123125783e-16,0.013888888888888888
1.0,7.103011496257498e-11,4.440892098500626e-16,0.013888888888888888
1.0,6.216389896817495e-11,4.718447854656915e-16,0.013888888888888888
1.0,5.866770393318712e-11,4.440892098500626e-16,0.013888888888888888
1.0,6.257885684191683e-11,4.996003610813204e-16,0.013888888888888888
1.0,6.477965277008981e-11,5.273559366969494e-16,0.013888888888888888
1.0,6.134634264423558e-11,6.938893903907228e-16,0.013888888888888888
1.0,5.7020131139733745e-11,4.718447854656915e-16,0.013888888888888888
1.0,5.6718280449404533e-11,6.106226635438361e-16,0.013888888888888888
1.0,5.241722720577429e-11,3.885780586188048e-16,0.013888888888888888
1.0,5.7032636169381715e-11,6.938893903907228e-16,0.013888888888888888
1.0,5.402692504766888e-11,4.718447854656915e-16,0.013888888888888888
1.0,6.001312434157527e-11,5.828670879282072e-16,0.013888888888888888
1.0,5.119726139462875e-11,6.938893903907228e-16,0.013888888888888888
1.0,4.674530706916301e-11,4.718447854656915e-16,0.013888888888888888
1.0,4.634285412280665e-11,4.718447854656915e-16,0.013888888888888888
1.0,4.390386687903429e-11,4.996003610813204e-16,0.013888888888888888
1.0,5.322192842845742e-11,4.996003610813204e-16,0.013888888888888888
1.0,5.4429210267477403e-11,5.551115123125783e-16,0.013888888888888888
1.0,4.776387752139601e-11,3.0531133177191805e-16,0.013888888888888888
1.0,5.0631200181308664e-11,3.608224830031759e-16,0.013888888888888888
1.0,4.712246299090077e-11,6.938893903907228e-16,0.013888888888888888
1.0,5.181331074050168e-11,4.718447854656915e-16,0.013888888888888888
1.0,4.8178815585112006e-11,6.106226635438361e-16,0.013888888888888888
1.0,4.489645227197143e-11,8.604228440844963e-16,0.013888888888888888
1.0,4.775119532528328e-11,4.163336342344337e-16,0.013888888888888888
1.0,4.522339647810466e-11,7.771561172376096e-16,0.013888888888888888
1.0,4.468261126883705e-11,7.216449660063518e-16,0.013888888888888888
1.0,3.849519404496324e-11,4.440892098500626e-16,0.013888888888888888
1.0,4.1274479656715094e-11,4.996003610813204e-16,0.013888888888888888
1.0,4.991418412371193e-11,6.38378239159465e-16,0.013888888888888888
1.0,4.1312178816823337e-11,6.661338147750939e-16,0.013888888888888888
1.0,4.605331704100155e-11,4.163336342344337e-16,0.013888888888888888
1.0,3.694827934508374e-11,5.551115123125783e-16,0.013888888888888888
1.0,4.123668026109898e-11,6.106226635438361e-16,0.013888888888888888
1.0,4.2494265123281435e-11,4.996003610813204e-16,0.013888888888888888
1.0,4.4493832299603223e-11,6.106226635438361e-16,0.013888888888888888
1.0,4.060783956734591e-11,6.661338147750939e-16,0.013888888888888888
1.0,4.7059301673627186e-11,2.7755575615628914e-16,0.013888888888888888
1.0,3.96520387815277e-11,6.106226635438361e-16,0.013888888888888888
1.0,3.9740057526496573e-11,5.828670879282072e-16,0.013888888888888888
1.0,3.8218352970829926e-11,6.938893903907228e-16,0.013888888888888888
1.0,3.898547409007841e-11,3.608224830031759e-16,0.013888888888888888
1.0,3.804852526858041e-11,3.0531133177191805e-16,0.013888888888888888
1.0,3.3037024052209654e-11,5.551115123125783e-16,0.013888888888888888
1.0,3.9174075798718735e-11,4.996003610813204e-16,0.013888888888888888
1.0,3.5942045958290884e-11,3.885780586188048e-16,0.013888888888888888
1.0,3.7350539843576605e-11,5.828670879282072e-16,0.013888888888888888
1.0,3.1615901603563225e-11,3.885780586188048e-16,0.013888888888888888
1.0,3.3903127598998727e-11,6.38378239159465e-16,0.013888888888888888
1.0,3.4344858261490074e-11,6.106226635438361e-16,0.013888888888888888
1.0,3.93249134849662e-11,5.551115123125783e-16,0.013888888888888888
1.0,3.9023079372191925e-11,7.216449660063518e-16,0.013888888888888888
1.0,3.9173978488279334e-11,4.996003610813204e-16,0.013888888888888888
1.0,8.696242854866446e-11,6.106226635438361e-16,0.013888888888888888
1.0,8.202582955889554e-11,4.718447854656915e-16,0.013888888888888888
1.0,8.443461358425874e-11,4.163336342344337e-16,0.013888888888888888
1.0,7.763102528816284e-11,4.996003610813204e-16,0.013888888888888888
1.0,7.735433172243236e-11,8.881784197001252e-16,0.013888888888888888
1.0,7.35611175539737e-11,4.440892098500626e-16,0.013888888888888888
1.0,7.089412497884503e-11,4.718447854656915e-16,0.013888888888888888
1.0,6.848803417183318e-11,5.273559366969494e-16,0.013888888888888888
1.0,6.608625452319236e-11,3.3306690738754696e-16,0.013888888888888888
1.0,6.57920862377227e-11,3.0531133177191805e-16,0.013888888888888888
1.0,5.876706129700107e-11,5.273559366969494e-16,0.013888888888888888
1.0,6.207450082662322e-11,8.326672684688674e-16,0.013888888888888888
1.0,6.129880305853238e-11,3.608224830031759e-16,0.013888888888888888
1.0,5.5195472803142334e-11,4.718447854656915e-16,0.013888888888888888
1.0,5.715333996945037e-11,4.996003610813204e-16,0.013888888888888888
1.0,5.645303364493664e-11,3.608224830031759e-16,0.013888888888888888
1.0,5.835197563596691e-11,8.049116928532385e-16,0.013888888888888888
1.0,4.784770589373739e-11,4.718447854656915e-16,0.013888888888888888
1.0,5.4892264163537774e-11,4.440892098500626e-16,0.013888888888888888
1.0,4.737322283072688e-11,4.440892098500626e-16,0.013888888888888888
1.0,4.980035167442766e-11,4.440892098500626e-16,0.013888888888888888
1.0,4.4484983809640886e-11,5.551115123125783e-16,0.013888888888888888
1.0,4.5963492375040124e-11,8.326672684688674e-16,0.013888888888888888
1.0,4.5949021321225585e-11,6.938893903907228e-16,0.013888888888888888
1.0,4.287611191428334e-11,4.718447854656915e-16,0.013888888888888888
1.0,4.5474217565379536e-11,4.996003610813204e-16,0.013888888888888888
1.0,3.887189752226078e-11,7.216449660063518e-16,0.013888888888888888
1.0,4.3079105964748854e-11,2.7755575615628914e-16,0.013888888888888888
1.0,4.3513976788596154e-11,4.163336342344337e-16,0.013888888888888888
1.0,3.5073978085718986e-11,4.163336342344337e-16,0.013888888888888888
1.0,3.571570327171687e-11,3.608224830031759e-16,0.013888888888888888
1.0,3.5483799768473645e-11,5.828670879282072e-16,0.013888888888888888
1.0,4.133980550546124e-11,7.494005416219807e-16,0.013888888888888888
1.0,3.760169470009206e-11,6.661338147750939e-16,0.013888888888888888
1.0,3.612163018990521e-11,4.996003610813204e-16,0.013888888888888888
1.0,3.9252575624140213e-11,5.551115123125783e-16,0.013888888888888888
1.0,3.4998484368118294e-11,4.996003610813204e-16,0.013888888888888888
1.0,3.512151949330077e-11,8.326672684688674e-16,0.013888888888888888
1.0,3.174418537559713e-11,4.163336342344337e-16,0.013888888888888888
1.0,3.150239483553178e-11,4.718447854656915e-16,0.013888888888888888
1.0,3.5092574756789615e-11,3.3306690738754696e-16,0.013888888888888888
1.0,4.2369119944366605e-11,6.938893903907228e-16,0.013888888888888888
1.0,3.064261275583351e-11,4.440892098500626e-16,0.013888888888888888
1.0,2.9323572062518274e-11,5.273559366969494e-16,0.013888888888888888
1.0,3.012081454215036e-11,4.163336342344337e-16,0.013888888888888888
1.0,3.4788250427333235e-11,5.273559366969494e-16,0.013888888888888888
1.0,3.010645154192223e-11,5.828670879282072e-16,0.013888888888888888
1.0,2.7214015327646683e-11,2.7755575615628914e-16,0.013888888888888888
1.0,3.0512231356958673e-11,4.440892098500626e-16,0.013888888888888888
1.0,2.81060522287152e-11,3.608224830031759e-16,0.013888888888888888
1.0,2.701279240079724e-11,6.661338147750939e-16,0.013888888888888888
1.0,2.886142966060881e-11,4.996003610813204e-16,0.013888888888888888
1.0,2.7176270976878805e-11,5.551115123125783e-16,0.013888888888888888
1.0,2.5704901056164747e-11,6.661338147750939e-16,0.013888888888888888
1.0,2.6627600533482084e-11,4.718447854656915e-16,0.013888888888888888
1.0,2.8106116977343818e-11,5.551115123125783e-16,0.013888888888888888
1.0,2.7453845006073292e-11,6.661338147750939e-16,0.013888888888888888
1.0,3.1048657783955914e-11,5.273559366969494e-16,0.013888888888888888
1.0,2.6421705312185563e-11,6.38378239159465e-16,0.013888888888888888
1.0,2.7207457281080248e-11,5.828670879282072e-16,0.013888888888888888
1.0,2.3844583647858436e-11,2.498001805406602e-16,0.013888888888888888
1.0,3.0454400209262286e-11,4.163336342344337e-16,0.013888888888888888
1.0,2.7729313902815208e-11,6.106226635438361e-16,0.013888888888888888
1.0,2.5555043304595442e-11,4.163336342344337e-16,0.013888888888888888
1.0,2.5214414203985975e-11,5.273559366969494e-16,0.013888888888888888
1.0,1.874231102085993e-11,7.216449660063518e-16,0.013888888888888888
1.0,2.341607448821612e-11,3.885780586188048e-16,0.013888888888888888
1.0,2.347895087449479e-11,3.885780586188048e-16,0.013888888888888888
1.0,2.2674099663562877e-11,3.608224830031759e-16,0.013888888888888888
1.0,2.839616256025423e-11,4.440892098500626e-16,0.013888888888888888
1.0,3.1295219956649414e-11,7.494005416219807e-16,0.013888888888888888
1.0,2.8381686645842935e-11,4.440892098500626e-16,0.013888888888888888
1.0,8.220261737243265e-11,6.106226635438361e-16,0.013888888888888888
1.0,8.161661718413783e-11,4.996003610813204e-16,0.013888888888888888
1.0,8.320296550610947e-11,6.661338147750939e-16,0.013888888888888888
1.0,8.32465341920394e-11,5.551115123125783e-16,0.013888888888888888
1.0,7.146192015452071e-11,3.608224830031759e-16,0.013888888888888888
1.0,7.039896124598886e-11,5.828670879282072e-16,0.013888888888888888
1.0,6.590940536976988e-11,4.163336342344337e-16,0.013888888888888888
1.0,6.74324031297457e-11,5.273559366969494e-16,0.013888888888888888
1.0,5.978499209024498e-11,5.273559366969494e-16,0.013888888888888888
1.0,5.418878087408299e-11,4.996003610813204e-16,0.013888888888888888
1.0,5.680744531043872e-11,3.3306690738754696e-16,0.013888888888888888
1.0,5.255391111434944e-11,4.440892098500626e-16,0.013888888888888888
1.0,4.903798923221625e-11,4.440892098500626e-16,0.013888888888888888
1.0,5.123343702127291e-11,3.608224830031759e-16,0.013888888888888888
1.0,4.7791452470796646e-11,3.885780586188048e-16,0.013888888888888888
1.0,4.9052589463964e-11,6.661338147750939e-16,0.013888888888888888
1.0,4.562464078452952e-11,4.996003610813204e-16,0.013888888888888888
1.0,4.621154394912445e-11,3.3306690738754696e-16,0.013888888888888888
1.0,4.221082278834585e-11,6.38378239159465e-16,0.013888888888888888
1.0,4.0065517862527017e-11,4.996003610813204e-16,0.013888888888888888
1.0,4.430415622837748e-11,4.163336342344337e-16,0.013888888888888888
1.0,4.2602279781023635e-11,2.220446049250313e-16,0.013888888888888888
1.0,4.105961253877291e-11,6.38378239159465e-16,0.013888888888888888
1.0,3.444479570126578e-11,4.163336342344337e-16,0.013888888888888888
1.0,4.6203050923837607e-11,6.938893903907228e-16,0.013888888888888888
1.0,4.0858379361731125e-11,3.608224830031759e-16,0.013888888888888888
1.0,3.529992332004154e-11,6.938893903907228e-16,0.013888888888888888
1.0,3.690960356435343e-11,6.38378239159465e-16,0.013888888888888888
1.0,3.2684171561158385e-11,4.718447854656915e-16,0.013888888888888888
1.0,3.434415459218448e-11,5.273559366969494e-16,0.013888888888888888
1.0,3.713594728669193e-11,5.551115123125783e-16,0.013888888888888888
1.0,3.099901640507496e-11,5.273559366969494e-16,0.013888888888888888
1.0,2.9640839834070446e-11,3.608224830031759e-16,0.013888888888888888
1.0,3.072234218255373e-11,6.106226635438361e-16,0.013888888888888888
1.0,2.826642452237025e-11,2.7755575615628914e-16,0.013888888888888888
1.0,2.8383260489679844e-11,4.440892098500626e-16,0.013888888888888888
1.0,2.9364157496646553e-11,5.273559366969494e-16,0.013888888888888888
1.0,3.037020559001055e-11,3.885780586188048e-16,0.013888888888888888
1.0,2.928117102928486e-11,4.996003610813204e-16,0.013888888888888888
1.0,3.478952571270325e-11,4.996003610813204e-16,0.013888888888888888
1.0,2.4597969766958088e-11,4.440892098500626e-16,0.013888888888888888
1.0,2.952762018967829e-11,5.551115123125783e-16,0.013888888888888888
1.0,2.8169446455156224e-11,4.996003610813204e-16,0.013888888888888888
1.0,3.0256999609358974e-11,3.608224830031759e-16,0.013888888888888888
1.0,2.860958646928309e-11,5.551115123125783e-16,0.013888888888888888
1.0,2.8244889167755678e-11,4.996003610813204e-16,0.013888888888888888
1.0,2.5930967938294618e-11,5.273559366969494e-16,0.013888888888888888
1.0,2.508839693561131e-11,7.494005416219807e-16,0.013888888888888888
1.0,2.4004863479219876e-11,6.106226635438361e-16,0.013888888888888888
1.0,2.550338663040608e-11,4.440892098500626e-16,0.013888888888888888
1.0,2.5214143958750397e-11,2.498001805406602e-16,0.013888888888888888
1.0,2.4711115660337364e-11,2.7755575615628914e-16,0.013888888888888888
1.0,2.5226713537645325e-11,4.440892098500626e-16,0.013888888888888888
1.0,2.4367302834142913e-11,3.885780586188048e-16,0.013888888888888888
1.0,2.3491271105695696e-11,6.38378239159465e-16,0.013888888888888888
1.0,2.0018602178763285e-11,6.38378239159465e-16,0.013888888888888888
1.0,2.1569653119399353e-11,3.608224830031759e-16,0.013888888888888888
1.0,2.0395506013803275e-11,4.440892098500626e-16,0.013888888888888888
1.0,2.5930930967665208e-11,4.718447854656915e-16,0.013888888888888888
1.0,1.896403471536511e-11,4.718447854656915e-16,0.013888888888888888
1.0,2.3981704411264816e-11,4.440892098500626e-16,0.013888888888888888
1.0,2.2636110788687313e-11,5.273559366969494e-16,0.013888888888888888
1.0,1.7291471669002562e-11,5.273559366969494e-16,0.013888888888888888
1.0,2.1378544526323974e-11,7.216449660063518e-16,0.013888888888888888
1.0,2.064915672407565e-11,3.885780586188048e-16,0.013888888888888888
1.0,1.7354344287567647e-11,4.440892098500626e-16,0.013888888888888888
1.0,2.220852815955223e-11,3.885780586188048e-16,0.013888888888888888
1.0,1.855461094222992e-11,4.163336342344337e-16,0.013888888888888888
1.0,1.940416308201325e-11,6.38378239159465e-16,0.013888888888888888
1.0,1.598359611948319e-11,6.661338147750939e-16,0.013888888888888888
1.0,1.524163381478535e-11,2.498001805406602e-16,0.013888888888888888
1.0,1.5568498386776545e-11,3.885780586188048e-16,0.013888888888888888
1.0,6.988261142000645e-11,4.440892098500626e-16,0.013888888888888888
1.0,6.402236291377618e-11,4.440892098500626e-16,0.013888888888888888
1.0,6.047602760995433e-11,4.163336342344337e-16,0.013888888888888888
1.0,5.7287762048907174e-11,4.440892098500626e-16,0.013888888888888888
1.0,5.567212130083186e-11,4.440892098500626e-16,0.013888888888888888
1.0,4.866282814880268e-11,5.273559366969494e-16,0.013888888888888888
1.0,4.783750706299797e-11,5.828670879282072e-16,0.013888888888888888
1.0,4.264378230027068e-11,7.771561172376096e-16,0.013888888888888888
1.0,4.48070631433668e-11,6.38378239159465e-16,0.013888888888888888
1.0,4.446722077091454e-11,4.440892098500626e-16,0.013888888888888888
1.0,4.175088823635085e-11,3.3306690738754696e-16,0.013888888888888888
1.0,4.060650287534765e-11,5.551115123125783e-16,0.013888888888888888
1.0,3.877046222707246e-11,4.718447854656915e-16,0.013888888888888888
1.0,3.7726682870812463e-11,3.885780586188048e-16,0.013888888888888888
1.0,3.880817350147553e-11,6.938893903907228e-16,0.013888888888888888
1.0,3.4036777952104085e-11,6.938893903907228e-16,0.013888888888888888
1.0,3.171554651182763e-11,4.718447854656915e-16,0.013888888888888888
1.0,3.5940925998299703e-11,2.498001805406602e-16,0.013888888888888888
1.0,3.6267883854538184e-11,4.163336342344337e-16,0.013888888888888888
1.0,3.330004842350846e-11,2.498001805406602e-16,0.013888888888888888
1.0,2.9967523341080034e-11,4.163336342344337e-16,0.013888888888888888
1.0,3.034478459667751e-11,4.718447854656915e-16,0.013888888888888888
1.0,3.0005240010529234e-11,4.440892098500626e-16,0.013888888888888888
1.0,3.8908716524239284e-11,4.996003610813204e-16,0.013888888888888888
1.0,3.0810064773000844e-11,8.049116928532385e-16,0.013888888888888888
1.0,3.082263552471542e-11,3.608224830031759e-16,0.013888888888888888
1.0,2.8911149844560538e-11,6.938893903907228e-16,0.013888888888888888
1.0,2.9552497590229276e-11,5.551115123125783e-16,0.013888888888888888
1.0,2.2082628991752914e-11,4.718447854656915e-16,0.013888888888888888
1.0,2.5830132907545256e-11,4.163336342344337e-16,0.013888888888888888
1.0,2.0280215516965037e-11,6.38378239159465e-16,0.013888888888888888
1.0,2.2195799274381008e-11,8.049116928532385e-16,0.013888888888888888
1.0,2.1483426086667422e-11,3.3306690738754696e-16,0.013888888888888888
1.0,2.5100738376578396e-11,5.828670879282072e-16,0.013888888888888888
1.0,1.907706163768903e-11,4.996003610813204e-16,0.013888888888888888
1.0,2.580496066378407e-11,5.551115123125783e-16,0.013888888888888888
1.0,2.2233510981811424e-11,4.718447854656915e-16,0.013888888888888888
1.0,2.6270248021130272e-11,4.718447854656915e-16,0.013888888888888888
1.0,2.4157558681319118e-11,3.608224830031759e-16,0.013888888888888888
1.0,1.958006985381349e-11,4.440892098500626e-16,0.013888888888888888
1.0,2.249758553050244e-11,7.771561172376096e-16,0.013888888888888888
1.0,2.2258648165617447e-11,3.608224830031759e-16,0.013888888888888888
1.0,1.7479953250494e-11,6.106226635438361e-16,0.013888888888888888
1.0,1.6032927339644248e-11,3.0531133177191805e-16,0.013888888888888888
1.0,2.0120804779892803e-11,7.771561172376096e-16,0.013888888888888888
1.0,1.893870532034772e-11,7.494005416219807e-16,0.013888888888888888
1.0,2.1793341693388284e-11,5.273559366969494e-16,0.013888888888888888
1.0,2.066154436328104e-11,3.3306690738754696e-16,0.013888888888888888
1.0,1.9102180404757755e-11,6.106226635438361e-16,0.013888888888888888
1.0,1.9907010048628548e-11,5.828670879282072e-16,0.013888888888888888
1.0,2.0636386574394612e-11,4.996003610813204e-16,0.013888888888888888
1.0,2.3327539909030938e-11,7.771561172376096e-16,0.013888888888888888
1.0,2.4497058179923526e-11,4.440892098500626e-16,0.013888888888888888
1.0,1.7869772085297837e-11,4.163336342344337e-16,0.013888888888888888
1.0,1.7417052617667128e-11,5.273559366969494e-16,0.013888888888888888
1.0,1.613435105695243e-11,7.216449660063518e-16,0.013888888888888888
1.0,2.1617261612237663e-11,4.996003610813204e-16,0.013888888888888888
1.0,2.1516655554603273e-11,4.718447854656915e-16,0.013888888888888888
1.0,1.775658364588583e-11,3.0531133177191805e-16,0.013888888888888888
1.0,1.4323475055919109e-11,6.938893903907228e-16,0.013888888888888888
1.0,1.8900948997048706e-11,4.440892098500626e-16,0.013888888888888888
1.0,1.759309719940866e-11,8.326672684688674e-16,0.013888888888888888
1.0,1.8335048792522406e-11,3.608224830031759e-16,0.013888888888888888
1.0,1.6876291595187553e-11,6.661338147750939e-16,0.013888888888888888
1.0,1.1569438754554855e-11,5.551115123125783e-16,0.013888888888888888
1.0,2.3880828423146235e-11,3.608224830031759e-16,0.013888888888888888
1.0,2.796785545694038e-11,5.828670879282072e-16,0.013888888888888888
1.0,2.3704767408050256e-11,6.106226635438361e-16,0.013888888888888888
1.0,1.6763104557511507e-11,5.828670879282072e-16,0.013888888888888888
1.0,1.2826980579426898e-11,5.273559366969494e-16,0.013888888888888888
1.0,1.8599120183387262e-11,6.38378239159465e-16,0.013888888888888888
1.0,1.6058873817727854e-11,4.718447854656915e-16,0.013888888888888888
