1.0,0.0026421743792698535,5.551115123125783e-17,0.013888888888888888
1.0,1.3343319002819875e-12,0.0,0.013888888888888888
1.0,2.8439953598936566e-13,5.551115123125783e-17,0.013888888888888888
1.0,3.0744560672821657e-13,5.551115123125783e-17,0.013888888888888888
1.0,3.7355400475068385e-12,5.551115123125783e-17,0.013888888888888888
1.0,8.483900144750848e-14,1.1102230246251565e-16,0.013888888888888888
1.0,1.3052898093093304e-12,0.0,0.013888888888888888
1.0,7.522961288111056e-13,2.220446049250313e-16,0.013888888888888888
1.0,7.356294438296702e-13,1.1102230246251565e-16,0.013888888888888888
1.0,1.4116032895886614e-12,5.551115123125783e-17,0.013888888888888888
1.0,2.840985466622947e-13,5.551115123125783e-16,0.013888888888888888
1.0,5.80001396442839e-13,0.0,0.013888888888888888
1.0,6.99521734395486e-13,1.6653345369377348e-16,0.013888888888888888
1.0,7.694738503995502e-14,2.220446049250313e-16,0.013888888888888888
1.0,2.9680204481413275e-13,5.551115123125783e-17,0.013888888888888888
1.0,1.4034709892777416e-12,1.1102230246251565e-16,0.013888888888888888
1.0,1.8450215567312176e-12,3.3306690738754696e-16,0.013888888888888888
1.0,2.688248439587894e-12,1.1102230246251565e-16,0.013888888888888888
1.0,2.318234906302149e-11,5.551115123125783e-17,0.013888888888888888
1.0,1.5868311076556196e-12,1.1102230246251565e-16,0.013888888888888888
1.0,1.615582398494322e-12,5.551115123125783e-17,0.013888888888888888
1.0,1.3764484565483127e-12,2.220446049250313e-16,0.013888888888888888
1.0,1.0221920000764782e-11,5.551115123125783e-17,0.013888888888888888
1.0,7.739246118973614e-12,4.440892098500626e-16,0.013888888888888888
1.0,7.27059554702226e-13,2.7755575615628914e-16,0.013888888888888888
1.0,7.238504586323587e-13,2.220446049250313e-16,0.013888888888888888
1.0,2.363120933721776e-12,1.6653345369377348e-16,0.013888888888888888
1.0,1.8076252846223592e-12,1.6653345369377348e-16,0.013888888888888888
1.0,3.293276805857745e-13,2.7755575615628914e-16,0.013888888888888888
1.0,2.703480935297214e-13,3.885780586188048e-16,0.013888888888888888
1.0,1.3571478242129008e-12,5.551115123125783e-17,0.013888888888888888
1.0,1.2117610766092022e-12,0.0,0.013888888888888888
1.0,4.3450875052375923e-13,1.1102230246251565e-16,0.013888888888888888
1.0,1.395149180513434e-13,1.6653345369377348e-16,0.013888888888888888
1.0,1.0395683196090633e-13,1.1102230246251565e-16,0.013888888888888888
1.0,2.380229478309176e-06,5.551115123125783e-17,0.013888888888888888
1.0,8.509754499513862e-06,1.1102230246251565e-16,0.013888888888888888
1.0,8.061492513491848e-06,1.1102230246251565e-16,0.013888888888888888
1.0,7.4040659423443065e-06,5.551115123125783e-17,0.013888888888888888
1.0,6.7929901962014046e-06,1.1102230246251565e-16,0.013888888888888888
1.0,6.227576504413484e-06,2.220446049250313e-16,0.013888888888888888
1.0,5.705496408203029e-06,2.220446049250313e-16,0.013888888888888888
1.0,5.224147867605972e-06,5.551115123125783e-17,0.013888888888888888
1.0,4.78092523004429e-06,2.7755575615628914e-16,0.013888888888888888
1.0,4.3732714399964245e-06,1.6653345369377348e-16,0.013888888888888888
1.0,3.998733674322701e-06,5.551115123125783e-17,0.013888888888888888
1.0,3.6549642428690107e-06,5.551115123125783e-17,0.013888888888888888
1.0,3.339727035983006e-06,1.1102230246251565e-16,0.013888888888888888
1.0,3.050923643184872e-06,5.551115123125783e-17,0.013888888888888888
1.0,2.786564040560904e-06,5.551115123125783e-17,0.013888888888888888
1.0,2.544783802304538e-06,5.551115123125783e-17,0.013888888888888888
1.0,2.3238368118240113e-06,1.6653345369377348e-16,0.013888888888888888
1.0,2.1220866946773737e-06,0.0,0.013888888888888888
1.0,1.93801237342457e-06,0.0,0.013888888888888888
1.0,1.7701975206937362e-06,5.551115123125783e-17,0.013888888888888888
1.0,1.6173243055413971e-06,1.1102230246251565e-16,0.013888888888888888
1.0,1.4781656269421504e-06,2.220446049250313e-16,0.013888888888888888
1.0,1.351596947192291e-06,5.551115123125783e-17,0.013888888888888888
1.0,1.236569227210333e-06,5.551115123125783e-17,0.013888888888888888
1.0,1.132113293145293e-06,0.0,0.013888888888888888
1.0,1.037337595815952e-06,2.220446049250313e-16,0.013888888888888888
1.0,9.514182859274363e-07,1.1102230246251565e-16,0.013888888888888888
1.0,8.735988328609286e-07,5.551115123125783e-17,0.013888888888888888
1.0,8.031784616780732e-07,5.551115123125783e-17,0.013888888888888888
1.0,7.395197124313255e-07,1.1102230246251565e-16,0.013888888888888888
1.0,6.82029675553565e-07,5.551115123125783e-17,0.013888888888888888
1.0,6.301698280202097e-07,5.551115123125783e-17,0.013888888888888888
1.0,5.834457087595799e-07,5.551115123125783e-17,0.013888888888888888
1.0,5.41398496972934e-07,5.551115123125783e-17,0.013888888888888888
1.0,5.036155415667586e-07,5.551115123125783e-17,0.013888888888888888
1.0,4.697137805872851e-07,5.551115123125783e-17,0.013888888888888888
1.0,4.3934495885661347e-07,5.551115123125783e-17,0.013888888888888888
1.0,3.343480944786117e-07,5.551115123125783e-17,0.013888888888888888
1.0,3.0079923535495294e-07,5.551115123125783e-17,0.013888888888888888
1.0,2.7284140708128215e-07,5.551115123125783e-17,0.013888888888888888
1.0,2.476737227784145e-07,5.551115123125783e-17,0.013888888888888888
1.0,2.2499506341704112e-07,1.6653345369377348e-16,0.013888888888888888
1.0,2.045543115565133e-07,1.1102230246251565e-16,0.013888888888888888
1.0,1.8612206084002786e-07,1.1102230246251565e-16,0.013888888888888888
1.0,1.6950925461796489e-07,0.0,0.013888888888888888
1.0,1.545259256386526e-07,5.551115123125783e-17,0.013888888888888888
1.0,1.4101724986606033e-07,1.6653345369377348e-16,0.013888888888888888
1.0,1.2883685394594718e-07,1.6653345369377348e-16,0.013888888888888888
1.0,1.1785031944676692e-07,1.6653345369377348e-16,0.013888888888888888
1.0,1.0794478677646752e-07,0.0,0.013888888888888888
1.0,9.901289462768461e-08,2.220446049250313e-16,0.013888888888888888
1.0,9.095309565458646e-08,5.551115123125783e-17,0.013888888888888888
1.0,8.368482880776641e-08,1.1102230246251565e-16,0.013888888888888888
1.0,7.713205455672543e-08,1.1102230246251565e-16,0.013888888888888888
1.0,7.121833186554482e-08,0.0,0.013888888888888888
1.0,6.587261370163233e-08,1.6653345369377348e-16,0.013888888888888888
1.0,6.110146462850878e-08,5.551115123125783e-17,0.013888888888888888
1.0,5.675336086949243e-08,5.551115123125783e-17,0.013888888888888888
1.0,5.283074600664845e-08,1.6653345369377348e-16,0.013888888888888888
1.0,4.929020585172197e-08,1.1102230246251565e-16,0.013888888888888888
1.0,4.609613528576167e-08,1.1102230246251565e-16,0.013888888888888888
1.0,4.32125002780219e-08,1.6653345369377348e-16,0.013888888888888888
1.0,4.060925328006396e-08,5.551115123125783e-17,0.013888888888888888
1.0,3.8253462774851056e-08,5.551115123125783e-17,0.013888888888888888
1.0,3.611628543780682e-08,1.1102230246251565e-16,0.013888888888888888
1.0,3.4212659795632543e-08,1.1102230246251565e-16,0.013888888888888888
1.0,3.2504190190680793e-08,2.220446049250313e-16,0.013888888888888888
1.0,3.093343898874499e-08,1.6653345369377348e-16,0.013888888888888888
1.0,2.9513347185433663e-08,1.6653345369377348e-16,0.013888888888888888
1.0,2.8229524813198953e-08,1.6653345369377348e-16,0.013888888888888888
1.0,2.7065304818534324e-08,5.551115123125783e-17,0.013888888888888888
1.0,2.6012283003804954e-08,1.1102230246251565e-16,0.013888888888888888
1.0,4.2989394351265015e-06,1.1102230246251565e-16,0.013888888888888888
1.0,2.1192750017241832e-07,0.0,0.013888888888888888
1.0,2.1206600681107343e-08,1.6653345369377348e-16,0.013888888888888888
1.0,1.2880065937866318e-08,1.6653345369377348e-16,0.013888888888888888
1.0,8.095770271472926e-09,2.220446049250313e-16,0.013888888888888888
1.0,4.653672682764384e-09,5.551115123125783e-17,0.013888888888888888
1.0,2.460800427137439e-09,1.1102230246251565e-16,0.013888888888888888
1.0,2.116827502859881e-09,2.7755575615628914e-16,0.013888888888888888
1.0,5.234015515248475e-09,5.551115123125783e-17,0.013888888888888888
1.0,8.35522966259066e-09,1.1102230246251565e-16,0.013888888888888888
1.0,1.1503019700520886e-08,1.6653345369377348e-16,0.013888888888888888
1.0,1.4683432921413065e-08,0.0,0.013888888888888888
1.0,1.790152939392076e-08,1.6653345369377348e-16,0.013888888888888888
1.0,2.115671240172726e-08,2.220446049250313e-16,0.013888888888888888
1.0,2.444800559579238e-08,5.551115123125783e-17,0.013888888888888888
1.0,2.7772319336558676e-08,1.1102230246251565e-16,0.013888888888888888
1.0,3.112733598164889e-08,5.551115123125783e-17,0.013888888888888888
1.0,3.450820707426627e-08,5.551115123125783e-17,0.013888888888888888
1.0,3.790924910760851e-08,1.1102230246251565e-16,0.013888888888888888
1.0,4.132900523700999e-08,1.6653345369377348e-16,0.013888888888888888
1.0,4.4764879797329155e-08,1.6653345369377348e-16,0.013888888888888888
1.0,4.821350531259196e-08,1.1102230246251565e-16,0.013888888888888888
1.0,5.166973021459235e-08,1.1102230246251565e-16,0.013888888888888888
1.0,5.5131844941430935e-08,5.551115123125783e-17,0.013888888888888888
1.0,5.859812734579893e-08,5.551115123125783e-17,0.013888888888888888
1.0,6.20650585361733e-08,2.220446049250313e-16,0.013888888888888888
1.0,6.552818338890025e-08,1.1102230246251565e-16,0.013888888888888888
1.0,6.898800708546226e-08,2.220446049250313e-16,0.013888888888888888
1.0,7.244073268432722e-08,5.551115123125783e-17,0.013888888888888888
1.0,7.588635935676182e-08,1.1102230246251565e-16,0.013888888888888888
1.0,7.932095117996235e-08,2.220446049250313e-16,0.013888888888888888
1.0,8.27416352402945e-08,5.551115123125783e-17,0.013888888888888888
1.0,8.614960032974036e-08,1.1102230246251565e-16,0.013888888888888888
1.0,8.954053126215694e-08,1.6653345369377348e-16,0.013888888888888888
1.0,9.291600917865733e-08,1.1102230246251565e-16,0.013888888888888888
1.0,9.627498345860791e-08,1.6653345369377348e-16,0.013888888888888888
1.0,9.961197518493626e-08,1.6653345369377348e-16,0.013888888888888888
1.0,2.3923281754974705e-08,5.551115123125783e-17,0.013888888888888888
1.0,2.064205387657651e-08,1.1102230246251565e-16,0.013888888888888888
1.0,2.04188092974176e-08,0.0,0.013888888888888888
1.0,2.0283019451242277e-08,1.1102230246251565e-16,0.013888888888888888
1.0,2.018403647892025e-08,1.1102230246251565e-16,0.013888888888888888
1.0,2.0104134254509448e-08,1.1102230246251565e-16,0.013888888888888888
1.0,2.0035126632101302e-08,1.1102230246251565e-16,0.013888888888888888
1.0,1.9971940017539937e-08,5.551115123125783e-17,0.013888888888888888
1.0,1.9913385035460192e-08,5.551115123125783e-17,0.013888888888888888
1.0,1.9857133684388897e-08,0.0,0.013888888888888888
1.0,1.980475472323874e-08,1.6653345369377348e-16,0.013888888888888888
1.0,1.975445155749674e-08,5.551115123125783e-17,0.013888888888888888
1.0,1.9706591040400845e-08,0.0,0.013888888888888888
1.0,1.9656504750284132e-08,1.1102230246251565e-16,0.013888888888888888
1.0,1.9611644367444828e-08,5.551115123125783e-17,0.013888888888888888
1.0,1.956551969205392e-08,0.0,0.013888888888888888
1.0,1.9520964612381347e-08,1.6653345369377348e-16,0.013888888888888888
1.0,1.947834598085082e-08,5.551115123125783e-17,0.013888888888888888
1.0,1.9435487777938208e-08,5.551115123125783e-17,0.013888888888888888
1.0,1.9391618293627842e-08,1.1102230246251565e-16,0.013888888888888888
1.0,1.9349482791382987e-08,1.1102230246251565e-16,0.013888888888888888
1.0,1.9309675828434735e-08,5.551115123125783e-17,0.013888888888888888
1.0,1.9267921398824635e-08,1.6653345369377348e-16,0.013888888888888888
1.0,1.9228659930666516e-08,1.6653345369377348e-16,0.013888888888888888
1.0,1.918684377426249e-08,1.6653345369377348e-16,0.013888888888888888
1.0,1.914955728713706e-08,1.1102230246251565e-16,0.013888888888888888
1.0,1.910942515033006e-08,1.1102230246251565e-16,0.013888888888888888
1.0,1.9069470860270793e-08,1.1102230246251565e-16,0.013888888888888888
1.0,1.903284435018957e-08,1.1102230246251565e-16,0.013888888888888888
1.0,1.8992069241123378e-08,5.551115123125783e-17,0.013888888888888888
1.0,1.8955760398145204e-08,1.1102230246251565e-16,0.013888888888888888
1.0,1.8917870972747505e-08,1.1102230246251565e-16,0.013888888888888888
1.0,1.888064005238532e-08,5.551115123125783e-17,0.013888888888888888
1.0,1.8843346572587992e-08,1.1102230246251565e-16,0.013888888888888888
1.0,1.8804788786648958e-08,1.6653345369377348e-16,0.013888888888888888
1.0,2.4444807050002455e-06,2.220446049250313e-16,0.013888888888888888
1.0,1.1052486743392822e-07,1.1102230246251565e-16,0.013888888888888888
1.0,6.586960430193572e-09,5.551115123125783e-17,0.013888888888888888
1.0,1.5369673981591243e-09,1.1102230246251565e-16,0.013888888888888888
1.0,4.60883949586837e-09,5.551115123125783e-17,0.013888888888888888
1.0,8.02229279478027e-09,2.220446049250313e-16,0.013888888888888888
1.0,1.0989807912834099e-08,0.0,0.013888888888888888
1.0,1.3724903761551033e-08,1.6653345369377348e-16,0.013888888888888888
1.0,1.633707805501366e-08,2.220446049250313e-16,0.013888888888888888
1.0,1.8879225773973327e-08,2.220446049250313e-16,0.013888888888888888
1.0,2.1383101142289243e-08,2.220446049250313e-16,0.013888888888888888
1.0,2.3866427934684258e-08,2.220446049250313e-16,0.013888888888888888
1.0,2.6333823339208822e-08,1.1102230246251565e-16,0.013888888888888888
1.0,2.8798734676126203e-08,1.6653345369377348e-16,0.013888888888888888
1.0,3.125500045727787e-08,1.6653345369377348e-16,0.013888888888888888
1.0,3.3710628008208236e-08,1.6653345369377348e-16,0.013888888888888888
1.0,3.616454141451443e-08,1.1102230246251565e-16,0.013888888888888888
1.0,3.861486782173314e-08,2.7755575615628914e-16,0.013888888888888888
1.0,4.1065857208057486e-08,1.1102230246251565e-16,0.013888888888888888
1.0,4.351248680234156e-08,2.220446049250313e-16,0.013888888888888888
1.0,4.595686868500072e-08,1.1102230246251565e-16,0.013888888888888888
1.0,4.8396750602987085e-08,1.1102230246251565e-16,0.013888888888888888
1.0,5.0834067537645986e-08,1.1102230246251565e-16,0.013888888888888888
1.0,5.3266491395508174e-08,2.220446049250313e-16,0.013888888888888888
1.0,5.568776004293263e-08,2.220446049250313e-16,0.013888888888888888
1.0,5.8105564250877095e-08,1.1102230246251565e-16,0.013888888888888888
1.0,6.051470454300349e-08,1.6653345369377348e-16,0.013888888888888888
1.0,6.291292895860736e-08,1.1102230246251565e-16,0.013888888888888888
1.0,6.530298218078133e-08,1.1102230246251565e-16,0.013888888888888888
1.0,6.768435792209579e-08,2.220446049250313e-16,0.013888888888888888
1.0,7.005295750342928e-08,2.220446049250313e-16,0.013888888888888888
1.0,7.241177861752242e-08,1.6653345369377348e-16,0.013888888888888888
1.0,7.475587519920584e-08,1.6653345369377348e-16,0.013888888888888888
1.0,7.708723304183742e-08,5.551115123125783e-17,0.013888888888888888
1.0,7.940887511398232e-08,1.1102230246251565e-16,0.013888888888888888
1.0,8.171259208057143e-08,1.6653345369377348e-16,0.013888888888888888
1.0,8.400339287204473e-08,5.551115123125783e-17,0.013888888888888888
1.0,2.128784794733547e-08,1.1102230246251565e-16,0.013888888888888888
1.0,1.8621806115539067e-08,1.1102230246251565e-16,0.013888888888888888
1.0,1.8400036597017472e-08,1.1102230246251565e-16,0.013888888888888888
1.0,1.8273171647900636e-08,1.6653345369377348e-16,0.013888888888888888
1.0,1.818841502369645e-08,1.1102230246251565e-16,0.013888888888888888
1.0,1.812476969252103e-08,1.1102230246251565e-16,0.013888888888888888
1.0,1.8075759374232125e-08,1.1102230246251565e-16,0.013888888888888888
1.0,1.803172053502693e-08,2.7755575615628914e-16,0.013888888888888888
1.0,1.7991856260624266e-08,1.6653345369377348e-16,0.013888888888888888
1.0,1.7958177554215068e-08,5.551115123125783e-17,0.013888888888888888
1.0,1.79253468076582e-08,1.6653345369377348e-16,0.013888888888888888
1.0,1.7891732403517165e-08,2.220446049250313e-16,0.013888888888888888
1.0,1.786159673643832e-08,1.1102230246251565e-16,0.013888888888888888
1.0,1.7830816517448057e-08,1.6653345369377348e-16,0.013888888888888888
1.0,1.780331260588875e-08,1.6653345369377348e-16,0.013888888888888888
1.0,1.7774557023191785e-08,0.0,0.013888888888888888
1.0,1.7745194822425208e-08,1.1102230246251565e-16,0.013888888888888888
1.0,1.7716541374540134e-08,1.1102230246251565e-16,0.013888888888888888
1.0,1.7689570538897303e-08,1.1102230246251565e-16,0.013888888888888888
1.0,1.7660348881381955e-08,1.6653345369377348e-16,0.013888888888888888
1.0,1.7634340176924457e-08,1.1102230246251565e-16,0.013888888888888888
1.0,1.7604740023806057e-08,2.220446049250313e-16,0.013888888888888888
1.0,1.7580313147933305e-08,1.6653345369377348e-16,0.013888888888888888
1.0,1.7551333637063958e-08,1.6653345369377348e-16,0.013888888888888888
1.0,1.7526540855501964e-08,2.7755575615628914e-16,0.013888888888888888
1.0,1.749868785834006e-08,2.7755575615628914e-16,0.013888888888888888
1.0,1.7473503873232486e-08,1.1102230246251565e-16,0.013888888888888888
1.0,1.744522175904189e-08,1.6653345369377348e-16,0.013888888888888888
1.0,1.742069628385683e-08,1.1102230246251565e-16,0.013888888888888888
1.0,1.7392073581982916e-08,1.6653345369377348e-16,0.013888888888888888
1.0,1.736652454786174e-08,1.6653345369377348e-16,0.013888888888888888
1.0,1.734076093698608e-08,2.7755575615628914e-16,0.013888888888888888
1.0,1.7314555106942105e-08,1.6653345369377348e-16,0.013888888888888888
1.0,1.7286465324996096e-08,0.0,0.013888888888888888
1.0,1.726187913449928e-08,1.6653345369377348e-16,0.013888888888888888
1.0,1.4607945087674087e-06,2.7755575615628914e-16,0.013888888888888888
1.0,5.284975960099155e-08,1.6653345369377348e-16,0.013888888888888888
1.0,2.9590949989886165e-09,2.7755575615628914e-16,0.013888888888888888
1.0,7.45465338169055e-09,2.220446049250313e-16,0.013888888888888888
1.0,1.0659220891951247e-08,1.6653345369377348e-16,0.013888888888888888
1.0,1.3218356352852463e-08,1.1102230246251565e-16,0.013888888888888888
1.0,1.5422011160084242e-08,5.551115123125783e-17,0.013888888888888888
1.0,1.7419707430479547e-08,1.1102230246251565e-16,0.013888888888888888
1.0,1.929938468391824e-08,1.6653345369377348e-16,0.013888888888888888
1.0,2.1106321522030568e-08,2.7755575615628914e-16,0.013888888888888888
1.0,2.2870947881289583e-08,3.885780586188048e-16,0.013888888888888888
1.0,2.4609680062325254e-08,2.7755575615628914e-16,0.013888888888888888
1.0,2.6334052279862455e-08,3.3306690738754696e-16,0.013888888888888888
1.0,2.8046859407384683e-08,1.1102230246251565e-16,0.013888888888888888
1.0,2.9756195378476004e-08,1.6653345369377348e-16,0.013888888888888888
1.0,3.1458329068401827e-08,5.551115123125783e-17,0.013888888888888888
1.0,3.3161278402200067e-08,3.3306690738754696e-16,0.013888888888888888
1.0,3.486016138039322e-08,2.7755575615628914e-16,0.013888888888888888
1.0,3.6560302051160024e-08,5.551115123125783e-17,0.013888888888888888
1.0,3.8257159930897055e-08,2.7755575615628914e-16,0.013888888888888888
1.0,3.995221443524469e-08,1.1102230246251565e-16,0.013888888888888888
1.0,4.164559177201383e-08,1.6653345369377348e-16,0.013888888888888888
1.0,4.3337026110698135e-08,2.7755575615628914e-16,0.013888888888888888
1.0,4.502344412470446e-08,1.1102230246251565e-16,0.013888888888888888
1.0,4.6706009092070014e-08,3.3306690738754696e-16,0.013888888888888888
1.0,4.838828706693971e-08,2.220446049250313e-16,0.013888888888888888
1.0,5.006110928644645e-08,2.220446049250313e-16,0.013888888888888888
1.0,5.1733783222903694e-08,1.6653345369377348e-16,0.013888888888888888
1.0,5.33972919803475e-08,1.1102230246251565e-16,0.013888888888888888
1.0,5.505663064649114e-08,2.220446049250313e-16,0.013888888888888888
1.0,5.6707322400194516e-08,2.220446049250313e-16,0.013888888888888888
1.0,5.8354450796700673e-08,1.1102230246251565e-16,0.013888888888888888
1.0,5.999231242945667e-08,3.885780586188048e-16,0.013888888888888888
1.0,6.162137513692276e-08,0.0,0.013888888888888888
1.0,6.324263786974981e-08,1.6653345369377348e-16,0.013888888888888888
1.0,6.485611320857753e-08,1.6653345369377348e-16,0.013888888888888888
1.0,6.646009395669094e-08,1.1102230246251565e-16,0.013888888888888888
1.0,1.845716341036112e-08,2.7755575615628914e-16,0.013888888888888888
1.0,1.6535398335222835e-08,1.1102230246251565e-16,0.013888888888888888
1.0,1.6325053307059074e-08,2.7755575615628914e-16,0.013888888888888888
1.0,1.6193085470033454e-08,1.6653345369377348e-16,0.013888888888888888
1.0,1.610086274740894e-08,1.6653345369377348e-16,0.013888888888888888
1.0,1.6032641430197115e-08,1.6653345369377348e-16,0.013888888888888888
1.0,1.5981744608991726e-08,2.220446049250313e-16,0.013888888888888888
1.0,1.5938877952588888e-08,1.1102230246251565e-16,0.013888888888888888
1.0,1.5901967581423653e-08,2.220446049250313e-16,0.013888888888888888
1.0,1.5869015518805926e-08,1.1102230246251565e-16,0.013888888888888888
1.0,1.583955385466594e-08,1.6653345369377348e-16,0.013888888888888888
1.0,1.581173639595395e-08,4.440892098500626e-16,0.013888888888888888
1.0,1.5784602115908668e-08,2.7755575615628914e-16,0.013888888888888888
1.0,1.5758707375086225e-08,1.6653345369377348e-16,0.013888888888888888
1.0,1.57358729974002e-08,5.551115123125783e-17,0.013888888888888888
1.0,1.571192620476743e-08,1.6653345369377348e-16,0.013888888888888888
1.0,1.5686083042438183e-08,2.220446049250313e-16,0.013888888888888888
1.0,1.566596820864102e-08,2.7755575615628914e-16,0.013888888888888888
1.0,1.5642945426039185e-08,2.7755575615628914e-16,0.013888888888888888
1.0,1.5618279174682428e-08,1.6653345369377348e-16,0.013888888888888888
1.0,1.5598999773833236e-08,1.6653345369377348e-16,0.013888888888888888
1.0,1.5576458405514307e-08,2.7755575615628914e-16,0.013888888888888888
1.0,1.5552829930928148e-08,1.1102230246251565e-16,0.013888888888888888
1.0,1.5533399671441504e-08,1.1102230246251565e-16,0.013888888888888888
1.0,1.5512250076484118e-08,2.7755575615628914e-16,0.013888888888888888
1.0,1.5491024908865963e-08,1.6653345369377348e-16,0.013888888888888888
1.0,1.5470798920214667e-08,2.7755575615628914e-16,0.013888888888888888
1.0,1.545064907958788e-08,5.551115123125783e-17,0.013888888888888888
1.0,1.5429159252316093e-08,2.220446049250313e-16,0.013888888888888888
1.0,1.5407581208112644e-08,5.551115123125783e-17,0.013888888888888888
1.0,1.5389341456971793e-08,1.6653345369377348e-16,0.013888888888888888
1.0,1.5367776624608022e-08,2.7755575615628914e-16,0.013888888888888888
1.0,1.5346932780575652e-08,1.6653345369377348e-16,0.013888888888888888
1.0,1.5326898422490177e-08,1.6653345369377348e-16,0.013888888888888888
1.0,1.5307382733899298e-08,1.6653345369377348e-16,0.013888888888888888
1.0,9.104529593011173e-07,1.1102230246251565e-16,0.013888888888888888
1.0,2.2928571275468e-08,2.220446049250313e-16,0.013888888888888888
1.0,6.922538393597271e-09,1.1102230246251565e-16,0.013888888888888888
1.0,9.487343396191377e-09,1.1102230246251565e-16,0.013888888888888888
1.0,1.172775255063367e-08,2.220446049250313e-16,0.013888888888888888
1.0,1.3618164385006057e-08,3.3306690738754696e-16,0.013888888888888888
1.0,1.525555086360503e-08,2.220446049250313e-16,0.013888888888888888
1.0,1.6732545658347754e-08,1.1102230246251565e-16,0.013888888888888888
1.0,1.8107123600727738e-08,1.1102230246251565e-16,0.013888888888888888
1.0,1.941691438150119e-08,1.6653345369377348e-16,0.013888888888888888
1.0,2.068402028845864e-08,2.7755575615628914e-16,0.013888888888888888
1.0,2.1926939750713504e-08,1.6653345369377348e-16,0.013888888888888888
1.0,2.315103389297761e-08,5.551115123125783e-17,0.013888888888888888
1.0,2.4365962673539774e-08,2.7755575615628914e-16,0.013888888888888888
1.0,2.5575860556443887e-08,1.1102230246251565e-16,0.013888888888888888
1.0,2.6779804441659293e-08,2.220446049250313e-16,0.013888888888888888
1.0,2.7983648270548055e-08,2.220446049250313e-16,0.013888888888888888
1.0,2.918192982866923e-08,1.6653345369377348e-16,0.013888888888888888
1.0,3.0384725967701736e-08,2.7755575615628914e-16,0.013888888888888888
1.0,3.158352737556968e-08,3.3306690738754696e-16,0.013888888888888888
1.0,3.27814442464446e-08,3.3306690738754696e-16,0.013888888888888888
1.0,3.3980246520029654e-08,1.1102230246251565e-16,0.013888888888888888
1.0,3.517518013300374e-08,2.220446049250313e-16,0.013888888888888888
1.0,3.6372035625577584e-08,3.3306690738754696e-16,0.013888888888888888
1.0,3.7564124553170336e-08,2.7755575615628914e-16,0.013888888888888888
1.0,3.875630182550298e-08,2.7755575615628914e-16,0.013888888888888888
1.0,3.9945292735512436e-08,2.220446049250313e-16,0.013888888888888888
1.0,4.112945359639334e-08,2.220446049250313e-16,0.013888888888888888
1.0,4.2313588687700305e-08,1.6653345369377348e-16,0.013888888888888888
1.0,4.349376592689133e-08,3.3306690738754696e-16,0.013888888888888888
1.0,4.467055417597394e-08,2.7755575615628914e-16,0.013888888888888888
1.0,4.5841867297577274e-08,2.220446049250313e-16,0.013888888888888888
1.0,4.7010221161469874e-08,2.7755575615628914e-16,0.013888888888888888
1.0,4.817232859572272e-08,1.6653345369377348e-16,0.013888888888888888
1.0,4.933064225027403e-08,2.220446049250313e-16,0.013888888888888888
1.0,5.048332890034226e-08,2.7755575615628914e-16,0.013888888888888888
1.0,5.162976904165783e-08,1.1102230246251565e-16,0.013888888888888888
1.0,3.8281440638639697e-07,3.3306690738754696e-16,0.013888888888888888
1.0,3.8076083285607e-07,2.220446049250313e-16,0.013888888888888888
1.0,3.654785033855565e-07,2.220446049250313e-16,0.013888888888888888
1.0,3.506735124913347e-07,2.7755575615628914e-16,0.013888888888888888
1.0,3.3657556760198904e-07,3.885780586188048e-16,0.013888888888888888
1.0,3.2321402198623087e-07,1.6653345369377348e-16,0.013888888888888888
1.0,3.105726832684723e-07,2.220446049250313e-16,0.013888888888888888
1.0,2.986173574104056e-07,2.220446049250313e-16,0.013888888888888888
1.0,2.873088141358506e-07,1.6653345369377348e-16,0.013888888888888888
1.0,2.76606120673037e-07,2.220446049250313e-16,0.013888888888888888
1.0,2.664720086998479e-07,2.220446049250313e-16,0.013888888888888888
1.0,2.568723782601078e-07,2.220446049250313e-16,0.013888888888888888
1.0,2.477668837104008e-07,1.6653345369377348e-16,0.013888888888888888
1.0,2.3912803265554644e-07,3.3306690738754696e-16,0.013888888888888888
1.0,2.3092545541127179e-07,1.1102230246251565e-16,0.013888888888888888
1.0,2.2312902405033921e-07,1.1102230246251565e-16,0.013888888888888888
1.0,2.157157851014026e-07,1.1102230246251565e-16,0.013888888888888888
1.0,2.0865880493621625e-07,2.7755575615628914e-16,0.013888888888888888
1.0,2.01938712766959e-07,2.220446049250313e-16,0.013888888888888888
1.0,1.9553219353518204e-07,2.220446049250313e-16,0.013888888888888888
1.0,1.8942341658037423e-07,2.220446049250313e-16,0.013888888888888888
1.0,1.835942344064894e-07,2.7755575615628914e-16,0.013888888888888888
1.0,1.780260892919404e-07,2.220446049250313e-16,0.013888888888888888
1.0,1.727053162302816e-07,1.6653345369377348e-16,0.013888888888888888
1.0,1.67616828353593e-07,1.6653345369377348e-16,0.013888888888888888
1.0,1.627490789153126e-07,1.1102230246251565e-16,0.013888888888888888
1.0,1.5808893428407392e-07,1.6653345369377348e-16,0.013888888888888888
1.0,1.53624539885505e-07,2.7755575615628914e-16,0.013888888888888888
1.0,1.493472514039903e-07,3.3306690738754696e-16,0.013888888888888888
1.0,1.4524405917469594e-07,2.7755575615628914e-16,0.013888888888888888
1.0,1.413053147814231e-07,1.6653345369377348e-16,0.013888888888888888
1.0,1.3752491977457275e-07,1.1102230246251565e-16,0.013888888888888888
1.0,1.338937479976456e-07,1.6653345369377348e-16,0.013888888888888888
1.0,1.304029658257537e-07,1.1102230246251565e-16,0.013888888888888888
1.0,1.2704866473952892e-07,2.220446049250313e-16,0.013888888888888888
1.0,5.142758224287419e-07,2.220446049250313e-16,0.013888888888888888
1.0,9.840443007718763e-08,3.3306690738754696e-16,0.013888888888888888
1.0,1.1375672161399727e-07,2.220446049250313e-16,0.013888888888888888
1.0,1.1229332301927312e-07,2.7755575615628914e-16,0.013888888888888888
1.0,1.1114777262886174e-07,5.551115123125783e-16,0.013888888888888888
1.0,1.0998784042345499e-07,2.220446049250313e-16,0.013888888888888888
1.0,1.087800248748454e-07,2.220446049250313e-16,0.013888888888888888
1.0,1.0755165171523524e-07,2.220446049250313e-16,0.013888888888888888
1.0,1.063321903039473e-07,2.7755575615628914e-16,0.013888888888888888
1.0,1.0514258850148985e-07,1.6653345369377348e-16,0.013888888888888888
1.0,1.0399542500736864e-07,1.6653345369377348e-16,0.013888888888888888
1.0,1.0289942845041664e-07,3.3306690738754696e-16,0.013888888888888888
1.0,1.0186043692914435e-07,3.885780586188048e-16,0.013888888888888888
1.0,1.008792149449209e-07,1.6653345369377348e-16,0.013888888888888888
1.0,9.995481081697004e-08,3.885780586188048e-16,0.013888888888888888
1.0,9.908791373535942e-08,2.220446049250313e-16,0.013888888888888888
1.0,9.827785010074223e-08,1.1102230246251565e-16,0.013888888888888888
1.0,9.75207664059431e-08,1.6653345369377348e-16,0.013888888888888888
1.0,9.681660799571157e-08,3.3306690738754696e-16,0.013888888888888888
1.0,9.616345273510842e-08,3.3306690738754696e-16,0.013888888888888888
1.0,9.555777614407338e-08,2.220446049250313e-16,0.013888888888888888
1.0,9.4998994272567e-08,2.7755575615628914e-16,0.013888888888888888
1.0,9.448412579446611e-08,2.7755575615628914e-16,0.013888888888888888
1.0,9.40098742158915e-08,1.1102230246251565e-16,0.013888888888888888
1.0,9.357669095609407e-08,2.7755575615628914e-16,0.013888888888888888
1.0,9.318092663795909e-08,2.220446049250313e-16,0.013888888888888888
1.0,9.28191593047391e-08,3.885780586188048e-16,0.013888888888888888
1.0,9.249538647727521e-08,3.3306690738754696e-16,0.013888888888888888
1.0,9.220332225148149e-08,2.7755575615628914e-16,0.013888888888888888
1.0,9.194010044195475e-08,3.3306690738754696e-16,0.013888888888888888
1.0,9.170796503798483e-08,2.220446049250313e-16,0.013888888888888888
1.0,9.150489541845478e-08,2.7755575615628914e-16,0.013888888888888888
1.0,9.1327685142561e-08,2.7755575615628914e-16,0.013888888888888888
1.0,9.117440227291937e-08,3.3306690738754696e-16,0.013888888888888888
1.0,9.104759388079661e-08,1.1102230246251565e-16,0.013888888888888888
1.0,9.09417324838766e-08,3.885780586188048e-16,0.013888888888888888
1.0,9.085778826115351e-08,2.7755575615628914e-16,0.013888888888888888
1.0,4.704093840439274e-08,2.220446049250313e-16,0.013888888888888888
1.0,4.551472125568401e-08,2.220446049250313e-16,0.013888888888888888
1.0,4.535662512235016e-08,1.6653345369377348e-16,0.013888888888888888
1.0,4.5185089585980075e-08,2.220446049250313e-16,0.013888888888888888
1.0,4.4999257052346084e-08,4.440892098500626e-16,0.013888888888888888
1.0,4.4794005910718213e-08,1.6653345369377348e-16,0.013888888888888888
1.0,4.456892024899945e-08,3.885780586188048e-16,0.013888888888888888
1.0,4.4323621996851816e-08,2.220446049250313e-16,0.013888888888888888
1.0,4.4057342010300045e-08,3.3306690738754696e-16,0.013888888888888888
1.0,4.3771657550343315e-08,2.7755575615628914e-16,0.013888888888888888
1.0,4.3471488761175976e-08,1.6653345369377348e-16,0.013888888888888888
1.0,4.315408580100558e-08,1.1102230246251565e-16,0.013888888888888888
1.0,4.2824507413647375e-08,2.220446049250313e-16,0.013888888888888888
1.0,4.248159316652579e-08,3.3306690738754696e-16,0.013888888888888888
1.0,4.2128862637921776e-08,3.885780586188048e-16,0.013888888888888888
1.0,4.176868737636643e-08,3.3306690738754696e-16,0.013888888888888888
1.0,4.140155932087435e-08,1.6653345369377348e-16,0.013888888888888888
1.0,4.1028260519796855e-08,2.7755575615628914e-16,0.013888888888888888
1.0,4.065017847316632e-08,2.7755575615628914e-16,0.013888888888888888
1.0,4.026926826882992e-08,2.220446049250313e-16,0.013888888888888888
1.0,3.988390258459436e-08,2.7755575615628914e-16,0.013888888888888888
1.0,3.94987106041556e-08,2.220446049250313e-16,0.013888888888888888
1.0,3.9110475636737404e-08,2.220446049250313e-16,0.013888888888888888
1.0,3.8723006885463815e-08,2.7755575615628914e-16,0.013888888888888888
1.0,3.8334122010570055e-08,2.220446049250313e-16,0.013888888888888888
1.0,3.794683548427662e-08,1.6653345369377348e-16,0.013888888888888888
1.0,3.756093267417933e-08,3.3306690738754696e-16,0.013888888888888888
1.0,3.717658997021525e-08,2.7755575615628914e-16,0.013888888888888888
1.0,3.6794059441136546e-08,3.3306690738754696e-16,0.013888888888888888
1.0,3.641163811935333e-08,1.1102230246251565e-16,0.013888888888888888
1.0,3.6034080962785164e-08,3.3306690738754696e-16,0.013888888888888888
1.0,3.5658310162669654e-08,2.220446049250313e-16,0.013888888888888888
1.0,3.5286457113231734e-08,3.3306690738754696e-16,0.013888888888888888
1.0,3.491698283468041e-08,3.3306690738754696e-16,0.013888888888888888
1.0,3.4549798853415576e-08,2.220446049250313e-16,0.013888888888888888
1.0,4.674760858784219e-07,3.3306690738754696e-16,0.013888888888888888
1.0,1.7730972225357473e-08,2.7755575615628914e-16,0.013888888888888888
1.0,3.08356359259683e-08,2.7755575615628914e-16,0.013888888888888888
1.0,3.115104096645402e-08,3.3306690738754696e-16,0.013888888888888888
1.0,3.193019335073324e-08,3.3306690738754696e-16,0.013888888888888888
1.0,3.2752220477684216e-08,3.885780586188048e-16,0.013888888888888888
1.0,3.3515021479325856e-08,1.1102230246251565e-16,0.013888888888888888
1.0,3.4214397396363154e-08,3.3306690738754696e-16,0.013888888888888888
1.0,3.486076735334967e-08,1.6653345369377348e-16,0.013888888888888888
1.0,3.5470263693048333e-08,1.6653345369377348e-16,0.013888888888888888
1.0,3.605300224034402e-08,2.220446049250313e-16,0.013888888888888888
1.0,3.66206120636676e-08,2.220446049250313e-16,0.013888888888888888
1.0,3.717606992390765e-08,1.1102230246251565e-16,0.013888888888888888
1.0,3.77276370307086e-08,1.6653345369377348e-16,0.013888888888888888
1.0,3.8274708061427335e-08,4.440892098500626e-16,0.013888888888888888
1.0,3.8821836044304206e-08,3.885780586188048e-16,0.013888888888888888
1.0,3.9367469693746154e-08,2.7755575615628914e-16,0.013888888888888888
1.0,3.991495118680319e-08,2.220446049250313e-16,0.013888888888888888
1.0,4.046103923597896e-08,1.6653345369377348e-16,0.013888888888888888
1.0,4.101109386166318e-08,1.6653345369377348e-16,0.013888888888888888
1.0,4.156076394669347e-08,3.3306690738754696e-16,0.013888888888888888
1.0,4.211240786293139e-08,1.6653345369377348e-16,0.013888888888888888
1.0,4.266415905522331e-08,2.7755575615628914e-16,0.013888888888888888
1.0,4.3218035349170894e-08,2.220446049250313e-16,0.013888888888888888
1.0,4.377262421930887e-08,2.7755575615628914e-16,0.013888888888888888
1.0,4.4326891513022636e-08,3.885780586188048e-16,0.013888888888888888
1.0,4.4880963338119844e-08,3.885780586188048e-16,0.013888888888888888
1.0,4.543710970240167e-08,2.220446049250313e-16,0.013888888888888888
1.0,4.5991685945481285e-08,2.7755575615628914e-16,0.013888888888888888
1.0,4.6544906471942016e-08,3.3306690738754696e-16,0.013888888888888888
1.0,4.7099293489886555e-08,1.6653345369377348e-16,0.013888888888888888
1.0,4.765161857773346e-08,3.3306690738754696e-16,0.013888888888888888
1.0,4.820516057657598e-08,2.7755575615628914e-16,0.013888888888888888
1.0,4.875522825364037e-08,4.440892098500626e-16,0.013888888888888888
1.0,4.930429335304429e-08,2.7755575615628914e-16,0.013888888888888888
1.0,4.9851964953232175e-08,2.220446049250313e-16,0.013888888888888888
1.0,5.039734772029101e-08,3.3306690738754696e-16,0.013888888888888888
1.0,2.1607922991867954e-08,3.885780586188048e-16,0.013888888888888888
1.0,2.0707228098677933e-08,2.7755575615628914e-16,0.013888888888888888
1.0,2.0627855590845984e-08,1.6653345369377348e-16,0.013888888888888888
1.0,2.054147291403317e-08,3.885780586188048e-16,0.013888888888888888
1.0,2.0458117944154573e-08,4.440892098500626e-16,0.013888888888888888
1.0,2.0379039059520445e-08,2.7755575615628914e-16,0.013888888888888888
1.0,2.030093233465904e-08,2.220446049250313e-16,0.013888888888888888
1.0,2.0222246704160085e-08,4.996003610813204e-16,0.013888888888888888
1.0,2.014057363634764e-08,1.6653345369377348e-16,0.013888888888888888
1.0,2.005803164830186e-08,1.1102230246251565e-16,0.013888888888888888
1.0,1.9971506065199114e-08,2.220446049250313e-16,0.013888888888888888
1.0,1.988378372643848e-08,3.3306690738754696e-16,0.013888888888888888
1.0,1.979099338454372e-08,1.6653345369377348e-16,0.013888888888888888
1.0,1.9691886702836165e-08,1.6653345369377348e-16,0.013888888888888888
1.0,1.959521497152372e-08,2.7755575615628914e-16,0.013888888888888888
1.0,1.9492088240228174e-08,3.3306690738754696e-16,0.013888888888888888
1.0,1.9389353664779954e-08,1.6653345369377348e-16,0.013888888888888888
1.0,1.9281349463644714e-08,3.885780586188048e-16,0.013888888888888888
1.0,1.9173472619956256e-08,2.7755575615628914e-16,0.013888888888888888
1.0,1.9063844283239166e-08,3.3306690738754696e-16,0.013888888888888888
1.0,1.895129176497363e-08,1.6653345369377348e-16,0.013888888888888888
1.0,1.8838185676886973e-08,2.220446049250313e-16,0.013888888888888888
1.0,1.8723277668644097e-08,1.1102230246251565e-16,0.013888888888888888
1.0,1.8607891738803003e-08,1.6653345369377348e-16,0.013888888888888888
1.0,1.8492204410248635e-08,1.6653345369377348e-16,0.013888888888888888
1.0,1.8376568735171395e-08,2.7755575615628914e-16,0.013888888888888888
1.0,1.825942113907802e-08,2.7755575615628914e-16,0.013888888888888888
1.0,1.814170732119555e-08,1.6653345369377348e-16,0.013888888888888888
1.0,1.802289768329553e-08,2.220446049250313e-16,0.013888888888888888
1.0,1.790464403238966e-08,3.885780586188048e-16,0.013888888888888888
1.0,1.7786643728986235e-08,3.885780586188048e-16,0.013888888888888888
1.0,1.7669577652362276e-08,3.3306690738754696e-16,0.013888888888888888
1.0,1.7551604848117335e-08,2.7755575615628914e-16,0.013888888888888888
1.0,1.7433923174863164e-08,3.3306690738754696e-16,0.013888888888888888
1.0,1.7316482180804608e-08,3.3306690738754696e-16,0.013888888888888888
1.0,3.9751387835680543e-07,2.220446049250313e-16,0.013888888888888888
1.0,4.5749374285259665e-09,2.7755575615628914e-16,0.013888888888888888
1.0,1.522674421917952e-08,2.220446049250313e-16,0.013888888888888888
1.0,1.5323288306529855e-08,2.7755575615628914e-16,0.013888888888888888
1.0,1.5967228366238335e-08,3.885780586188048e-16,0.013888888888888888
1.0,1.6749349649837207e-08,2.220446049250313e-16,0.013888888888888888
1.0,1.7533622049342642e-08,2.220446049250313e-16,0.013888888888888888
1.0,1.8281902549136293e-08,3.3306690738754696e-16,0.013888888888888888
1.0,1.8992766574635335e-08,2.220446049250313e-16,0.013888888888888888
1.0,1.9676112599266244e-08,3.3306690738754696e-16,0.013888888888888888
1.0,2.0334815701877163e-08,3.885780586188048e-16,0.013888888888888888
1.0,2.0978597661529697e-08,3.3306690738754696e-16,0.013888888888888888
1.0,2.1609614715555516e-08,5.551115123125783e-16,0.013888888888888888
1.0,2.223389404056688e-08,2.7755575615628914e-16,0.013888888888888888
1.0,2.284951909334384e-08,3.885780586188048e-16,0.013888888888888888
1.0,2.3464181354864575e-08,4.440892098500626e-16,0.013888888888888888
1.0,2.407387116747781e-08,2.7755575615628914e-16,0.013888888888888888
1.0,2.4680517689865192e-08,4.996003610813204e-16,0.013888888888888888
1.0,2.528442352174086e-08,3.885780586188048e-16,0.013888888888888888
1.0,2.588822387984843e-08,3.3306690738754696e-16,0.013888888888888888
1.0,2.6488476546260344e-08,4.440892098500626e-16,0.013888888888888888
1.0,2.708775368660874e-08,4.996003610813204e-16,0.013888888888888888
1.0,2.76844918022073e-08,2.7755575615628914e-16,0.013888888888888888
1.0,2.8279043921592568e-08,3.3306690738754696e-16,0.013888888888888888
1.0,2.8872847404192744e-08,2.7755575615628914e-16,0.013888888888888888
1.0,2.9463594865792932e-08,3.885780586188048e-16,0.013888888888888888
1.0,3.0053152354119514e-08,4.996003610813204e-16,0.013888888888888888
1.0,3.063917468190946e-08,5.551115123125783e-16,0.013888888888888888
1.0,3.122279660534076e-08,2.220446049250313e-16,0.013888888888888888
1.0,3.180628761473877e-08,3.3306690738754696e-16,0.013888888888888888
1.0,3.238402438629109e-08,3.3306690738754696e-16,0.013888888888888888
1.0,3.2960369398615565e-08,2.7755575615628914e-16,0.013888888888888888
1.0,3.3532561442277415e-08,4.440892098500626e-16,0.013888888888888888
1.0,3.410353822914938e-08,3.3306690738754696e-16,0.013888888888888888
1.0,3.46687608279899e-08,2.220446049250313e-16,0.013888888888888888
1.0,3.5233675950834296e-08,3.3306690738754696e-16,0.013888888888888888
1.0,3.5794690291808625e-08,2.220446049250313e-16,0.013888888888888888
1.0,3.86399595626197e-08,2.220446049250313e-16,0.013888888888888888
1.0,3.868212963219076e-08,2.220446049250313e-16,0.013888888888888888
1.0,3.833360805072767e-08,5.551115123125783e-16,0.013888888888888888
1.0,3.7933637611476136e-08,3.3306690738754696e-16,0.013888888888888888
1.0,3.7518995719971985e-08,3.3306690738754696e-16,0.013888888888888888
1.0,3.7101773313996226e-08,2.220446049250313e-16,0.013888888888888888
1.0,3.6683571571336036e-08,3.3306690738754696e-16,0.013888888888888888
1.0,3.626650855539275e-08,4.440892098500626e-16,0.013888888888888888
1.0,3.585193323492822e-08,3.3306690738754696e-16,0.013888888888888888
1.0,3.543883695330801e-08,2.220446049250313e-16,0.013888888888888888
1.0,3.50255428735493e-08,3.885780586188048e-16,0.013888888888888888
1.0,3.461275698478794e-08,3.885780586188048e-16,0.013888888888888888
1.0,3.420259729001135e-08,2.7755575615628914e-16,0.013888888888888888
1.0,3.3792378371981716e-08,4.440892098500626e-16,0.013888888888888888
1.0,3.338530244921808e-08,3.3306690738754696e-16,0.013888888888888888
1.0,3.2979137978822977e-08,2.7755575615628914e-16,0.013888888888888888
1.0,3.257314109804647e-08,2.220446049250313e-16,0.013888888888888888
1.0,3.216960627388545e-08,4.996003610813204e-16,0.013888888888888888
1.0,3.17680039526178e-08,2.220446049250313e-16,0.013888888888888888
1.0,3.136824583491041e-08,5.551115123125783e-16,0.013888888888888888
1.0,3.097142868052472e-08,1.6653345369377348e-16,0.013888888888888888
1.0,3.0575270571182455e-08,3.885780586188048e-16,0.013888888888888888
1.0,3.018365439820644e-08,2.220446049250313e-16,0.013888888888888888
1.0,2.9792142470108747e-08,2.220446049250313e-16,0.013888888888888888
1.0,2.940428988008724e-08,1.6653345369377348e-16,0.013888888888888888
1.0,2.901955447077532e-08,3.3306690738754696e-16,0.013888888888888888
1.0,2.8636234273915434e-08,3.3306690738754696e-16,0.013888888888888888
1.0,2.825575380318566e-08,3.3306690738754696e-16,0.013888888888888888
1.0,2.7876020300013552e-08,5.551115123125783e-16,0.013888888888888888
1.0,2.7502063763136584e-08,4.440892098500626e-16,0.013888888888888888
1.0,2.713049294399147e-08,3.885780586188048e-16,0.013888888888888888
1.0,2.6759933682811825e-08,1.6653345369377348e-16,0.013888888888888888
1.0,2.6392957664133344e-08,2.220446049250313e-16,0.013888888888888888
1.0,2.6029110995573108e-08,3.885780586188048e-16,0.013888888888888888
1.0,2.5668469259642544e-08,2.7755575615628914e-16,0.013888888888888888
1.0,2.255473561110577e-07,5.551115123125783e-16,0.013888888888888888
1.0,1.980160204433006e-08,4.996003610813204e-16,0.013888888888888888
1.0,2.5192660062945672e-08,3.3306690738754696e-16,0.013888888888888888
1.0,2.4728854642054457e-08,4.440892098500626e-16,0.013888888888888888
1.0,2.4693298668793783e-08,3.885780586188048e-16,0.013888888888888888
1.0,2.480636121528859e-08,2.7755575615628914e-16,0.013888888888888888
1.0,2.4944799204148256e-08,3.3306690738754696e-16,0.013888888888888888
1.0,2.5074877363637794e-08,3.885780586188048e-16,0.013888888888888888
1.0,2.518033343009284e-08,4.440892098500626e-16,0.013888888888888888
1.0,2.5267218723223068e-08,1.1102230246251565e-16,0.013888888888888888
1.0,2.533518044582507e-08,5.551115123125783e-16,0.013888888888888888
1.0,2.538544160041579e-08,2.220446049250313e-16,0.013888888888888888
1.0,2.542269190435768e-08,2.220446049250313e-16,0.013888888888888888
1.0,2.5447599621058846e-08,4.440892098500626e-16,0.013888888888888888
1.0,2.546253484322429e-08,5.551115123125783e-16,0.013888888888888888
1.0,2.5467951496951035e-08,2.220446049250313e-16,0.013888888888888888
1.0,2.546408919993135e-08,3.885780586188048e-16,0.013888888888888888
1.0,2.545256162842684e-08,2.220446049250313e-16,0.013888888888888888
1.0,2.543096111937467e-08,3.885780586188048e-16,0.013888888888888888
1.0,2.5402540124634196e-08,4.996003610813204e-16,0.013888888888888888
1.0,2.5366630609300077e-08,2.7755575615628914e-16,0.013888888888888888
1.0,2.5323497384202277e-08,2.7755575615628914e-16,0.013888888888888888
1.0,2.5273178352881213e-08,2.220446049250313e-16,0.013888888888888888
1.0,2.5214866833203035e-08,3.885780586188048e-16,0.013888888888888888
1.0,2.5149962158142594e-08,4.440892098500626e-16,0.013888888888888888
1.0,2.507899384894975e-08,7.216449660063518e-16,0.013888888888888888
1.0,2.4999541704656014e-08,3.885780586188048e-16,0.013888888888888888
1.0,2.4914391664639102e-08,4.440892098500626e-16,0.013888888888888888
1.0,2.482157734437381e-08,4.440892098500626e-16,0.013888888888888888
1.0,2.472341825145639e-08,3.3306690738754696e-16,0.013888888888888888
1.0,2.461680092280757e-08,3.3306690738754696e-16,0.013888888888888888
1.0,2.4505355817412173e-08,4.996003610813204e-16,0.013888888888888888
1.0,2.4385982099404652e-08,2.7755575615628914e-16,0.013888888888888888
1.0,2.426188161494911e-08,4.440892098500626e-16,0.013888888888888888
1.0,2.4130016581382256e-08,3.885780586188048e-16,0.013888888888888888
1.0,2.399312242782455e-08,4.440892098500626e-16,0.013888888888888888
1.0,2.3850392505823043e-08,4.440892098500626e-16,0.013888888888888888
1.0,1.578924980298121e-08,3.885780586188048e-16,0.013888888888888888
1.0,1.530584019067727e-08,2.220446049250313e-16,0.013888888888888888
1.0,1.5001487435676753e-08,4.996003610813204e-16,0.013888888888888888
1.0,1.4690519035480595e-08,4.440892098500626e-16,0.013888888888888888
1.0,1.4381115618250276e-08,3.3306690738754696e-16,0.013888888888888888
1.0,1.4079907320874743e-08,1.6653345369377348e-16,0.013888888888888888
1.0,1.3785885669404867e-08,7.216449660063518e-16,0.013888888888888888
1.0,1.3500474931433865e-08,4.996003610813204e-16,0.013888888888888888
1.0,1.3221443973882292e-08,3.885780586188048e-16,0.013888888888888888
1.0,1.2948225515525548e-08,3.3306690738754696e-16,0.013888888888888888
1.0,1.268274801522506e-08,3.3306690738754696e-16,0.013888888888888888
1.0,1.2422162738899756e-08,3.3306690738754696e-16,0.013888888888888888
1.0,1.2164629355408271e-08,4.440892098500626e-16,0.013888888888888888
1.0,1.1913967024396722e-08,3.3306690738754696e-16,0.013888888888888888
1.0,1.1667415275916165e-08,3.3306690738754696e-16,0.013888888888888888
1.0,1.1425427828832962e-08,3.885780586188048e-16,0.013888888888888888
1.0,1.1186920647350486e-08,3.885780586188048e-16,0.013888888888888888
1.0,1.0952234013718069e-08,2.7755575615628914e-16,0.013888888888888888
1.0,1.0722817398501861e-08,2.7755575615628914e-16,0.013888888888888888
1.0,1.0496414559954246e-08,3.885780586188048e-16,0.013888888888888888
1.0,1.0272483476011795e-08,2.220446049250313e-16,0.013888888888888888
1.0,1.0054137392151271e-08,3.885780586188048e-16,0.013888888888888888
1.0,9.839271334828172e-09,3.3306690738754696e-16,0.013888888888888888
1.0,9.62552826654874e-09,2.220446049250313e-16,0.013888888888888888
1.0,9.416462569528488e-09,4.996003610813204e-16,0.013888888888888888
1.0,9.210624713931614e-09,2.220446049250313e-16,0.013888888888888888
1.0,9.008039875306417e-09,4.440892098500626e-16,0.013888888888888888
1.0,8.807699688089008e-09,5.551115123125783e-16,0.013888888888888888
1.0,8.61163339239397e-09,4.440892098500626e-16,0.013888888888888888
1.0,8.418391477298771e-09,2.7755575615628914e-16,0.013888888888888888
1.0,8.227936102116473e-09,3.3306690738754696e-16,0.013888888888888888
1.0,8.039662245111368e-09,4.996003610813204e-16,0.013888888888888888
1.0,7.853532071034134e-09,4.440892098500626e-16,0.013888888888888888
1.0,7.671763857232499e-09,3.3306690738754696e-16,0.013888888888888888
1.0,7.491988023220172e-09,2.220446049250313e-16,0.013888888888888888
1.0,1.9982259978442785e-07,6.106226635438361e-16,0.013888888888888888
1.0,6.318099836613512e-09,3.885780586188048e-16,0.013888888888888888
1.0,7.432535288932599e-09,3.885780586188048e-16,0.013888888888888888
1.0,7.1488077767308435e-09,6.661338147750939e-16,0.013888888888888888
1.0,7.040973927918628e-09,3.885780586188048e-16,0.013888888888888888
1.0,7.0002831000859415e-09,3.885780586188048e-16,0.013888888888888888
1.0,6.982292361168646e-09,3.3306690738754696e-16,0.013888888888888888
1.0,6.9707295486074686e-09,4.996003610813204e-16,0.013888888888888888
1.0,6.956091086803404e-09,3.885780586188048e-16,0.013888888888888888
1.0,6.938616478354336e-09,3.3306690738754696e-16,0.013888888888888888
1.0,6.918028456740093e-09,5.551115123125783e-16,0.013888888888888888
1.0,6.895221935779748e-09,3.3306690738754696e-16,0.013888888888888888
1.0,6.86626448239187e-09,4.440892098500626e-16,0.013888888888888888
1.0,6.8370674165958415e-09,3.3306690738754696e-16,0.013888888888888888
1.0,6.805437656779485e-09,3.3306690738754696e-16,0.013888888888888888
1.0,6.772244896479746e-09,3.885780586188048e-16,0.013888888888888888
1.0,6.736380011650721e-09,2.7755575615628914e-16,0.013888888888888888
1.0,6.698032086874021e-09,4.440892098500626e-16,0.013888888888888888
1.0,6.658411113017711e-09,7.216449660063518e-16,0.013888888888888888
1.0,6.6177439736321385e-09,4.440892098500626e-16,0.013888888888888888
1.0,6.57643400199263e-09,1.1102230246251565e-16,0.013888888888888888
1.0,6.776756217283883e-09,4.440892098500626e-16,0.013888888888888888
1.0,7.562913235753426e-09,4.996003610813204e-16,0.013888888888888888
1.0,8.386455977635597e-09,5.551115123125783e-16,0.013888888888888888
1.0,9.24601871435385e-09,3.3306690738754696e-16,0.013888888888888888
1.0,1.0142251707654901e-08,5.551115123125783e-16,0.013888888888888888
1.0,1.1073904446081034e-08,2.220446049250313e-16,0.013888888888888888
1.0,1.2042599239193345e-08,4.440892098500626e-16,0.013888888888888888
1.0,1.3044138652860784e-08,2.7755575615628914e-16,0.013888888888888888
1.0,1.4080536144467979e-08,2.7755575615628914e-16,0.013888888888888888
1.0,1.5151105634859706e-08,4.440892098500626e-16,0.013888888888888888
1.0,1.6256583555087773e-08,4.440892098500626e-16,0.013888888888888888
1.0,1.7393567870537745e-08,6.106226635438361e-16,0.013888888888888888
1.0,1.8561937113041286e-08,4.996003610813204e-16,0.013888888888888888
1.0,1.9762760718556776e-08,3.885780586188048e-16,0.013888888888888888
1.0,2.0994377460586136e-08,2.220446049250313e-16,0.013888888888888888
1.0,2.2256214871908726e-08,2.7755575615628914e-16,0.013888888888888888
1.0,1.4055739068044462e-09,1.6653345369377348e-16,0.013888888888888888
1.0,7.834664898113961e-10,2.220446049250313e-16,0.013888888888888888
1.0,7.515173385540483e-10,3.3306690738754696e-16,0.013888888888888888
1.0,7.195934447720386e-10,4.996003610813204e-16,0.013888888888888888
1.0,6.90870760553481e-10,3.3306690738754696e-16,0.013888888888888888
1.0,6.643536426390001e-10,4.440892098500626e-16,0.013888888888888888
1.0,6.406848373304266e-10,6.106226635438361e-16,0.013888888888888888
1.0,6.19750911522081e-10,4.440892098500626e-16,0.013888888888888888
1.0,5.99157296950876e-10,3.3306690738754696e-16,0.013888888888888888
1.0,5.808322438307763e-10,3.3306690738754696e-16,0.013888888888888888
1.0,5.634272323182208e-10,3.885780586188048e-16,0.013888888888888888
1.0,5.481899509123258e-10,3.885780586188048e-16,0.013888888888888888
1.0,5.32259530219799e-10,4.440892098500626e-16,0.013888888888888888
1.0,5.186480694056782e-10,4.440892098500626e-16,0.013888888888888888
1.0,5.063599337384105e-10,4.440892098500626e-16,0.013888888888888888
1.0,4.934416697982816e-10,3.885780586188048e-16,0.013888888888888888
1.0,4.822752266257322e-10,1.6653345369377348e-16,0.013888888888888888
1.0,4.706550944618401e-10,4.440892098500626e-16,0.013888888888888888
1.0,4.6132870325101156e-10,4.996003610813204e-16,0.013888888888888888
1.0,4.509184769281834e-10,3.885780586188048e-16,0.013888888888888888
1.0,4.418693745786638e-10,4.440892098500626e-16,0.013888888888888888
1.0,4.3443345116867156e-10,4.440892098500626e-16,0.013888888888888888
1.0,4.2617835177594795e-10,4.996003610813204e-16,0.013888888888888888
1.0,4.1763339737777054e-10,3.885780586188048e-16,0.013888888888888888
1.0,4.095673619750215e-10,3.3306690738754696e-16,0.013888888888888888
1.0,4.0290025212080336e-10,2.7755575615628914e-16,0.013888888888888888
1.0,3.9755644853934573e-10,4.996003610813204e-16,0.013888888888888888
1.0,3.902970219834382e-10,2.7755575615628914e-16,0.013888888888888888
1.0,3.8301239863089024e-10,4.440892098500626e-16,0.013888888888888888
1.0,3.7823574460466753e-10,4.440892098500626e-16,0.013888888888888888
1.0,3.722240212925097e-10,4.996003610813204e-16,0.013888888888888888
1.0,3.6735916050042245e-10,3.885780586188048e-16,0.013888888888888888
1.0,3.6119621749546525e-10,6.106226635438361e-16,0.013888888888888888
1.0,3.562557526217153e-10,2.220446049250313e-16,0.013888888888888888
1.0,3.5053392091383995e-10,2.7755575615628914e-16,0.013888888888888888
1.0,3.4721922703758566e-10,3.885780586188048e-16,0.013888888888888888
1.0,3.4205192946939847e-10,3.3306690738754696e-16,0.013888888888888888
1.0,3.3761559847956186e-10,3.3306690738754696e-16,0.013888888888888888
1.0,3.3336831414369394e-10,4.440892098500626e-16,0.013888888888888888
1.0,3.291588430381801e-10,3.3306690738754696e-16,0.013888888888888888
1.0,3.253778703832287e-10,4.996003610813204e-16,0.013888888888888888
1.0,3.2198758730612127e-10,1.6653345369377348e-16,0.013888888888888888
1.0,3.1753867794884766e-10,3.3306690738754696e-16,0.013888888888888888
1.0,3.137199102874847e-10,3.885780586188048e-16,0.013888888888888888
1.0,3.111110090540077e-10,2.220446049250313e-16,0.013888888888888888
1.0,3.078089611240947e-10,4.996003610813204e-16,0.013888888888888888
1.0,3.038515755068294e-10,2.220446049250313e-16,0.013888888888888888
1.0,3.003226864392677e-10,4.440892098500626e-16,0.013888888888888888
1.0,2.9761297731514705e-10,4.440892098500626e-16,0.013888888888888888
1.0,2.9421012259288653e-10,2.220446049250313e-16,0.013888888888888888
1.0,2.9084507962398513e-10,2.7755575615628914e-16,0.013888888888888888
1.0,2.888537338263202e-10,4.440892098500626e-16,0.013888888888888888
1.0,2.858415726962798e-10,3.3306690738754696e-16,0.013888888888888888
1.0,2.82539553077475e-10,4.440892098500626e-16,0.013888888888888888
1.0,2.8008191630939804e-10,2.220446049250313e-16,0.013888888888888888
1.0,2.7690592989039256e-10,4.440892098500626e-16,0.013888888888888888
1.0,2.7407021875754103e-10,4.996003610813204e-16,0.013888888888888888
1.0,2.720284783347778e-10,3.885780586188048e-16,0.013888888888888888
1.0,2.691297594649092e-10,4.996003610813204e-16,0.013888888888888888
1.0,2.663822753699973e-10,6.106226635438361e-16,0.013888888888888888
1.0,2.6446656883661275e-10,4.996003610813204e-16,0.013888888888888888
1.0,2.627020961388969e-10,2.7755575615628914e-16,0.013888888888888888
1.0,2.594631167431379e-10,3.3306690738754696e-16,0.013888888888888888
1.0,2.580137143863804e-10,3.885780586188048e-16,0.013888888888888888
1.0,2.5526624297680583e-10,3.885780586188048e-16,0.013888888888888888
1.0,2.5351438151526637e-10,2.7755575615628914e-16,0.013888888888888888
1.0,2.5156088003566405e-10,3.3306690738754696e-16,0.013888888888888888
1.0,2.483597217519971e-10,2.7755575615628914e-16,0.013888888888888888
1.0,2.46872521317226e-10,3.3306690738754696e-16,0.013888888888888888
1.0,2.4465437142493995e-10,4.996003610813204e-16,0.013888888888888888
1.0,2.4384771493301036e-10,4.440892098500626e-16,0.013888888888888888
1.0,2.411128623908432e-10,4.996003610813204e-16,0.013888888888888888
1.0,6.230341443988766e-10,3.885780586188048e-16,0.013888888888888888
1.0,6.19895727333788e-10,3.3306690738754696e-16,0.013888888888888888
1.0,6.013317724683422e-10,4.996003610813204e-16,0.013888888888888888
1.0,5.842045388741417e-10,4.996003610813204e-16,0.013888888888888888
1.0,5.675310234683302e-10,1.6653345369377348e-16,0.013888888888888888
1.0,5.517649164192679e-10,4.996003610813204e-16,0.013888888888888888
1.0,5.368558052185732e-10,4.440892098500626e-16,0.013888888888888888
1.0,5.228667004263707e-10,3.885780586188048e-16,0.013888888888888888
1.0,5.10125265732873e-10,4.996003610813204e-16,0.013888888888888888
1.0,4.969049526934263e-10,4.440892098500626e-16,0.013888888888888888
1.0,4.855120223885262e-10,4.996003610813204e-16,0.013888888888888888
1.0,4.745601952330291e-10,2.7755575615628914e-16,0.013888888888888888
1.0,4.63873035064627e-10,3.885780586188048e-16,0.013888888888888888
1.0,4.5345054110832265e-10,3.885780586188048e-16,0.013888888888888888
1.0,4.433557250929507e-10,3.885780586188048e-16,0.013888888888888888
1.0,4.345841827432329e-10,4.996003610813204e-16,0.013888888888888888
1.0,4.2646798036214647e-10,4.440892098500626e-16,0.013888888888888888
1.0,4.1720496273092127e-10,2.7755575615628914e-16,0.013888888888888888
1.0,4.0849646465060507e-10,2.220446049250313e-16,0.013888888888888888
1.0,4.0172875620666063e-10,4.440892098500626e-16,0.013888888888888888
1.0,3.946838018404894e-10,5.551115123125783e-17,0.013888888888888888
1.0,3.871725649465562e-10,1.6653345369377348e-16,0.013888888888888888
1.0,3.8025365156500895e-10,3.885780586188048e-16,0.013888888888888888
1.0,3.74405953557713e-10,4.440892098500626e-16,0.013888888888888888
1.0,3.6733582590771524e-10,2.220446049250313e-16,0.013888888888888888
1.0,3.6226949247497313e-10,5.551115123125783e-16,0.013888888888888888
1.0,3.5541362034093284e-10,6.106226635438361e-16,0.013888888888888888
1.0,3.5009525073210943e-10,3.3306690738754696e-16,0.013888888888888888
1.0,3.4468867000374066e-10,3.885780586188048e-16,0.013888888888888888
1.0,3.39282095035362e-10,3.885780586188048e-16,0.013888888888888888
1.0,3.3417798345761886e-10,3.885780586188048e-16,0.013888888888888888
1.0,3.296409852188342e-10,4.996003610813204e-16,0.013888888888888888
1.0,3.246377031397973e-10,5.551115123125783e-16,0.013888888888888888
1.0,3.210458938548634e-10,3.885780586188048e-16,0.013888888888888888
1.0,3.1640809047405764e-10,4.440892098500626e-16,0.013888888888888888
1.0,3.117954964963634e-10,6.661338147750939e-16,0.013888888888888888
1.0,3.077752187282217e-10,4.996003610813204e-16,0.013888888888888888
1.0,3.030492122254497e-10,3.3306690738754696e-16,0.013888888888888888
1.0,2.9912976166183025e-10,5.551115123125783e-16,0.013888888888888888
1.0,2.9480703937449505e-10,4.440892098500626e-16,0.013888888888888888
1.0,2.916311356302775e-10,3.885780586188048e-16,0.013888888888888888
1.0,2.882661997885087e-10,2.220446049250313e-16,0.013888888888888888
1.0,2.845736061919528e-10,4.440892098500626e-16,0.013888888888888888
1.0,2.8229247845929137e-10,3.885780586188048e-16,0.013888888888888888
1.0,2.780957977207727e-10,2.220446049250313e-16,0.013888888888888888
1.0,2.749829214287458e-10,8.881784197001252e-16,0.013888888888888888
1.0,2.715801944933717e-10,4.440892098500626e-16,0.013888888888888888
1.0,2.6869416596943466e-10,5.551115123125783e-16,0.013888888888888888
1.0,2.6592156102371926e-10,2.7755575615628914e-16,0.013888888888888888
1.0,2.6356483508623244e-10,4.996003610813204e-16,0.013888888888888888
1.0,2.600486987496046e-10,2.220446049250313e-16,0.013888888888888888
1.0,2.573265108011945e-10,3.3306690738754696e-16,0.013888888888888888
1.0,2.5494458748701654e-10,2.7755575615628914e-16,0.013888888888888888
1.0,2.518443353485966e-10,3.3306690738754696e-16,0.013888888888888888
1.0,2.4957583729339194e-10,2.220446049250313e-16,0.013888888888888888
1.0,2.4807608100388557e-10,4.440892098500626e-16,0.013888888888888888
1.0,2.4529089308315714e-10,3.885780586188048e-16,0.013888888888888888
1.0,2.425435143740014e-10,3.3306690738754696e-16,0.013888888888888888
1.0,2.4030022908448656e-10,3.885780586188048e-16,0.013888888888888888
1.0,2.3765367300559044e-10,3.885780586188048e-16,0.013888888888888888
1.0,2.375905843495727e-10,4.440892098500626e-16,0.013888888888888888
1.0,2.3375941888107013e-10,3.3306690738754696e-16,0.013888888888888888
1.0,2.3254952667491058e-10,2.220446049250313e-16,0.013888888888888888
1.0,2.2960052419390378e-10,2.220446049250313e-16,0.013888888888888888
1.0,2.273950569646192e-10,5.551115123125783e-16,0.013888888888888888
1.0,2.2609695350025623e-10,4.996003610813204e-16,0.013888888888888888
1.0,2.238410806272352e-10,3.885780586188048e-16,0.013888888888888888
1.0,2.2163561853714792e-10,2.7755575615628914e-16,0.013888888888888888
1.0,2.197326119142176e-10,4.440892098500626e-16,0.013888888888888888
1.0,2.1794302695838531e-10,3.885780586188048e-16,0.013888888888888888
1.0,2.1576277436304192e-10,4.996003610813204e-16,0.013888888888888888
1.0,2.1396059024763143e-10,4.440892098500626e-16,0.013888888888888888
1.0,6.406147627674677e-10,4.996003610813204e-16,0.013888888888888888
1.0,6.393221484319932e-10,5.551115123125783e-16,0.013888888888888888
1.0,6.157554395709881e-10,2.7755575615628914e-16,0.013888888888888888
1.0,5.930459339077749e-10,4.440892098500626e-16,0.013888888888888888
1.0,5.722252483634789e-10,3.3306690738754696e-16,0.013888888888888888
1.0,5.516369963493589e-10,3.885780586188048e-16,0.013888888888888888
1.0,5.334170570662045e-10,4.996003610813204e-16,0.013888888888888888
1.0,5.150081952774783e-10,4.996003610813204e-16,0.013888888888888888
1.0,4.991420133662957e-10,2.7755575615628914e-16,0.013888888888888888
1.0,4.842347692220995e-10,2.220446049250313e-16,0.013888888888888888
1.0,4.698215118689588e-10,4.996003610813204e-16,0.013888888888888888
1.0,4.568321519355443e-10,3.3306690738754696e-16,0.013888888888888888
1.0,4.4212824938976323e-10,3.3306690738754696e-16,0.013888888888888888
1.0,4.308243057907889e-10,4.996003610813204e-16,0.013888888888888888
1.0,4.193314553018033e-10,3.3306690738754696e-16,0.013888888888888888
1.0,4.0824542240978467e-10,3.3306690738754696e-16,0.013888888888888888
1.0,3.970867228333995e-10,5.551115123125783e-17,0.013888888888888888
1.0,3.882382564762683e-10,1.6653345369377348e-16,0.013888888888888888
1.0,3.774573019064217e-10,4.996003610813204e-16,0.013888888888888888
1.0,3.6950966061202575e-10,6.106226635438361e-16,0.013888888888888888
1.0,3.602979061459921e-10,3.885780586188048e-16,0.013888888888888888
1.0,3.5403570979659765e-10,3.885780586188048e-16,0.013888888888888888
1.0,3.457683757488993e-10,4.440892098500626e-16,0.013888888888888888
1.0,3.3767538944514597e-10,4.996003610813204e-16,0.013888888888888888
1.0,3.3158752257258563e-10,2.7755575615628914e-16,0.013888888888888888
1.0,3.2436631207728176e-10,2.7755575615628914e-16,0.013888888888888888
1.0,3.172032118995504e-10,2.220446049250313e-16,0.013888888888888888
1.0,3.124084846219145e-10,3.885780586188048e-16,0.013888888888888888
1.0,3.054197269648058e-10,3.3306690738754696e-16,0.013888888888888888
1.0,3.00842934969951e-10,2.220446049250313e-16,0.013888888888888888
1.0,2.957285278772264e-10,6.106226635438361e-16,0.013888888888888888
1.0,2.891901763352683e-10,4.996003610813204e-16,0.013888888888888888
1.0,2.8519456466922675e-10,7.216449660063518e-16,0.013888888888888888
1.0,2.8002201842362814e-10,2.7755575615628914e-16,0.013888888888888888
1.0,2.757357959983992e-10,4.996003610813204e-16,0.013888888888888888
1.0,2.694734875696962e-10,4.440892098500626e-16,0.013888888888888888
1.0,2.661171747247347e-10,4.996003610813204e-16,0.013888888888888888
1.0,2.6162751624080297e-10,4.440892098500626e-16,0.013888888888888888
1.0,2.576609335682684e-10,3.885780586188048e-16,0.013888888888888888
1.0,2.537088763831056e-10,2.220446049250313e-16,0.013888888888888888
1.0,2.501636557993554e-10,3.885780586188048e-16,0.013888888888888888
1.0,2.462697101425461e-10,6.106226635438361e-16,0.013888888888888888
1.0,2.4340739377241865e-10,3.885780586188048e-16,0.013888888888888888
1.0,2.4061772436493606e-10,2.7755575615628914e-16,0.013888888888888888
1.0,2.3588102347551557e-10,2.7755575615628914e-16,0.013888888888888888
1.0,2.336725496385395e-10,2.7755575615628914e-16,0.013888888888888888
1.0,2.3024354700112425e-10,3.885780586188048e-16,0.013888888888888888
1.0,2.271777927994787e-10,3.885780586188048e-16,0.013888888888888888
1.0,2.239522044525201e-10,2.7755575615628914e-16,0.013888888888888888
1.0,2.21583888191627e-10,4.440892098500626e-16,0.013888888888888888
1.0,2.183437635637152e-10,3.3306690738754696e-16,0.013888888888888888
1.0,2.1529252706387867e-10,3.3306690738754696e-16,0.013888888888888888
1.0,2.126190703604941e-10,6.106226635438361e-16,0.013888888888888888
1.0,2.102071530217371e-10,4.440892098500626e-16,0.013888888888888888
1.0,2.079695946691176e-10,2.7755575615628914e-16,0.013888888888888888
1.0,2.0475851569186222e-10,3.3306690738754696e-16,0.013888888888888888
1.0,2.027534345317535e-10,4.440892098500626e-16,0.013888888888888888
1.0,2.003560376750037e-10,3.885780586188048e-16,0.013888888888888888
1.0,1.9747914386912749e-10,4.996003610813204e-16,0.013888888888888888
1.0,1.966655281925826e-10,1.6653345369377348e-16,0.013888888888888888
1.0,1.9313477310706443e-10,4.440892098500626e-16,0.013888888888888888
1.0,1.9144934488489117e-10,3.885780586188048e-16,0.013888888888888888
1.0,1.8977844514831872e-10,4.440892098500626e-16,0.013888888888888888
1.0,1.8788959125989478e-10,2.7755575615628914e-16,0.013888888888888888
1.0,1.8528875714969163e-10,4.440892098500626e-16,0.013888888888888888
1.0,1.8324006752131507e-10,2.7755575615628914e-16,0.013888888888888888
1.0,1.813366778704676e-10,6.106226635438361e-16,0.013888888888888888
1.0,1.801307354984255e-10,4.996003610813204e-16,0.013888888888888888
1.0,1.7783502745743898e-10,2.220446049250313e-16,0.013888888888888888
1.0,1.7555384765580612e-10,4.440892098500626e-16,0.013888888888888888
1.0,1.7478380699654166e-10,3.885780586188048e-16,0.013888888888888888
1.0,1.7273510719521154e-10,4.996003610813204e-16,0.013888888888888888
1.0,6.637115634107553e-10,3.3306690738754696e-16,0.013888888888888888
1.0,6.552266178095746e-10,4.996003610813204e-16,0.013888888888888888
1.0,6.248445340030799e-10,3.885780586188048e-16,0.013888888888888888
1.0,5.963222392064198e-10,4.996003610813204e-16,0.013888888888888888
1.0,5.695580317758046e-10,3.3306690738754696e-16,0.013888888888888888
1.0,5.438689970004273e-10,2.7755575615628914e-16,0.013888888888888888
1.0,5.217688850958424e-10,2.7755575615628914e-16,0.013888888888888888
1.0,5.008747359353745e-10,3.885780586188048e-16,0.013888888888888888
1.0,4.796608702181299e-10,1.6653345369377348e-16,0.013888888888888888
1.0,4.6148379960128516e-10,2.220446049250313e-16,0.013888888888888888
1.0,4.441349191894485e-10,4.440892098500626e-16,0.013888888888888888
1.0,4.2751252019569347e-10,5.551115123125783e-16,0.013888888888888888
1.0,4.117764401165478e-10,3.885780586188048e-16,0.013888888888888888
1.0,3.976967931108092e-10,4.996003610813204e-16,0.013888888888888888
1.0,3.8368977035242754e-10,5.551115123125783e-16,0.013888888888888888
1.0,3.7075797152034786e-10,3.3306690738754696e-16,0.013888888888888888
1.0,3.5933731250719915e-10,4.996003610813204e-16,0.013888888888888888
1.0,3.473935369680349e-10,3.885780586188048e-16,0.013888888888888888
1.0,3.372805759937445e-10,6.106226635438361e-16,0.013888888888888888
1.0,3.267607446487316e-10,2.7755575615628914e-16,0.013888888888888888
1.0,3.1743239324591127e-10,2.7755575615628914e-16,0.013888888888888888
1.0,3.077407645939414e-10,3.3306690738754696e-16,0.013888888888888888
1.0,2.9844144332876887e-10,3.3306690738754696e-16,0.013888888888888888
1.0,2.904498511701705e-10,3.3306690738754696e-16,0.013888888888888888
1.0,2.820804536927508e-10,3.885780586188048e-16,0.013888888888888888
1.0,2.745828737336662e-10,6.106226635438361e-16,0.013888888888888888
1.0,2.673904232835881e-10,4.440892098500626e-16,0.013888888888888888
1.0,2.611133848830575e-10,5.551115123125783e-16,0.013888888888888888
1.0,2.545311962577932e-10,3.885780586188048e-16,0.013888888888888888
1.0,2.4842850593120597e-10,2.220446049250313e-16,0.013888888888888888
1.0,2.4126507772314244e-10,4.996003610813204e-16,0.013888888888888888
1.0,2.366008942400363e-10,4.440892098500626e-16,0.013888888888888888
1.0,2.3070160706961688e-10,2.220446049250313e-16,0.013888888888888888
1.0,2.258921043691323e-10,4.440892098500626e-16,0.013888888888888888
1.0,2.2079198393635512e-10,3.885780586188048e-16,0.013888888888888888
1.0,2.157209181757486e-10,4.440892098500626e-16,0.013888888888888888
1.0,2.1185588442803695e-10,4.440892098500626e-16,0.013888888888888888
1.0,2.067412150406597e-10,3.3306690738754696e-16,0.013888888888888888
1.0,2.0233853878998736e-10,1.6653345369377348e-16,0.013888888888888888
1.0,1.9829912233486003e-10,4.996003610813204e-16,0.013888888888888888
1.0,1.9446312959054144e-10,2.7755575615628914e-16,0.013888888888888888
1.0,1.8940656070836193e-10,3.3306690738754696e-16,0.013888888888888888
1.0,1.8652957948356006e-10,4.440892098500626e-16,0.013888888888888888
1.0,1.821850014394088e-10,3.3306690738754696e-16,0.013888888888888888
1.0,1.7914817572845134e-10,2.7755575615628914e-16,0.013888888888888888
1.0,1.7554465162680774e-10,2.220446049250313e-16,0.013888888888888888
1.0,1.7256594141027552e-10,3.3306690738754696e-16,0.013888888888888888
1.0,1.6934020685737657e-10,4.440892098500626e-16,0.013888888888888888
1.0,1.655913652582531e-10,3.3306690738754696e-16,0.013888888888888888
1.0,1.6331011683348297e-10,3.885780586188048e-16,0.013888888888888888
1.0,1.602442097961717e-10,6.661338147750939e-16,0.013888888888888888
1.0,1.5812279347973228e-10,3.3306690738754696e-16,0.013888888888888888
1.0,1.545773682731953e-10,2.220446049250313e-16,0.013888888888888888
1.0,1.518601887740964e-10,1.1102230246251565e-16,0.013888888888888888
1.0,1.4928831352358055e-10,4.440892098500626e-16,0.013888888888888888
1.0,1.4590271680660436e-10,1.6653345369377348e-16,0.013888888888888888
1.0,1.4447876169346118e-10,4.440892098500626e-16,0.013888888888888888
1.0,1.4170344930550412e-10,2.220446049250313e-16,0.013888888888888888
1.0,1.4074447335860507e-10,4.440892098500626e-16,0.013888888888888888
1.0,1.370682521762137e-10,4.996003610813204e-16,0.013888888888888888
1.0,1.3500493805614325e-10,3.3306690738754696e-16,0.013888888888888888
1.0,1.3297068348787306e-10,2.220446049250313e-16,0.013888888888888888
1.0,1.3153218708504315e-10,3.885780586188048e-16,0.013888888888888888
1.0,1.2929449872924406e-10,3.885780586188048e-16,0.013888888888888888
1.0,1.2819020631996618e-10,3.885780586188048e-16,0.013888888888888888
1.0,1.253276923914764e-10,3.885780586188048e-16,0.013888888888888888
1.0,1.2282844496254803e-10,2.7755575615628914e-16,0.013888888888888888
1.0,1.2205835554924335e-10,4.440892098500626e-16,0.013888888888888888
1.0,1.1986425066391175e-10,2.7755575615628914e-16,0.013888888888888888
1.0,1.180915362262446e-10,2.7755575615628914e-16,0.013888888888888888
1.0,1.1668208958635795e-10,3.885780586188048e-16,0.013888888888888888
1.0,1.1470594148478723e-10,3.885780586188048e-16,0.013888888888888888
1.0,5.313912720250193e-10,4.996003610813204e-16,0.013888888888888888
1.0,5.172244990532386e-10,6.661338147750939e-16,0.013888888888888888
1.0,4.869284201397807e-10,4.440892098500626e-16,0.013888888888888888
1.0,4.5990167217993264e-10,4.440892098500626e-16,0.013888888888888888
1.0,4.336594951650676e-10,2.7755575615628914e-16,0.013888888888888888
1.0,4.1027981615614296e-10,6.106226635438361e-16,0.013888888888888888
1.0,3.8905063607633553e-10,5.551115123125783e-16,0.013888888888888888
1.0,3.6979759569373993e-10,3.3306690738754696e-16,0.013888888888888888
1.0,3.512129204129348e-10,3.885780586188048e-16,0.013888888888888888
1.0,3.3329661568697515e-10,3.3306690738754696e-16,0.013888888888888888
1.0,3.1786505829538494e-10,4.996003610813204e-16,0.013888888888888888
1.0,3.0288391982907e-10,3.3306690738754696e-16,0.013888888888888888
1.0,2.889635058572617e-10,3.3306690738754696e-16,0.013888888888888888
1.0,2.760311662016985e-10,4.996003610813204e-16,0.013888888888888888
1.0,2.643629947627894e-10,5.551115123125783e-16,0.013888888888888888
1.0,2.532905684546705e-10,4.996003610813204e-16,0.013888888888888888
1.0,2.419274958686241e-10,6.106226635438361e-16,0.013888888888888888
1.0,2.3254062352467266e-10,5.551115123125783e-16,0.013888888888888888
1.0,2.24112781879395e-10,3.885780586188048e-16,0.013888888888888888
1.0,2.1578663990642704e-10,2.7755575615628914e-16,0.013888888888888888
1.0,2.0785282056836863e-10,4.996003610813204e-16,0.013888888888888888
1.0,1.9911977457344926e-10,3.885780586188048e-16,0.013888888888888888
1.0,1.9179623087790801e-10,3.3306690738754696e-16,0.013888888888888888
1.0,1.8450173584595033e-10,4.996003610813204e-16,0.013888888888888888
1.0,1.7704738528332656e-10,3.3306690738754696e-16,0.013888888888888888
1.0,1.7130769740605977e-10,3.3306690738754696e-16,0.013888888888888888
1.0,1.6555346832118288e-10,2.220446049250313e-16,0.013888888888888888
1.0,1.5914532708670224e-10,3.885780586188048e-16,0.013888888888888888
1.0,1.5501519754064161e-10,2.7755575615628914e-16,0.013888888888888888
1.0,1.516882905583798e-10,3.3306690738754696e-16,0.013888888888888888
1.0,1.49016680233638e-10,3.885780586188048e-16,0.013888888888888888
1.0,1.4597961788963996e-10,3.3306690738754696e-16,0.013888888888888888
1.0,1.4324500063271663e-10,3.3306690738754696e-16,0.013888888888888888
1.0,1.406238008851138e-10,3.3306690738754696e-16,0.013888888888888888
1.0,1.3762454733935132e-10,3.3306690738754696e-16,0.013888888888888888
1.0,1.3462529486468657e-10,4.440892098500626e-16,0.013888888888888888
1.0,1.3224353277160994e-10,2.220446049250313e-16,0.013888888888888888
1.0,1.2998778975489828e-10,6.106226635438361e-16,0.013888888888888888
1.0,1.2802188940574386e-10,3.3306690738754696e-16,0.013888888888888888
1.0,1.259299715880758e-10,3.3306690738754696e-16,0.013888888888888888
1.0,1.247831907662512e-10,4.996003610813204e-16,0.013888888888888888
1.0,1.234347813821376e-10,3.3306690738754696e-16,0.013888888888888888
1.0,1.2105302378274463e-10,2.7755575615628914e-16,0.013888888888888888
1.0,1.1888549774546082e-10,3.885780586188048e-16,0.013888888888888888
1.0,1.1649113979811865e-10,4.440892098500626e-16,0.013888888888888888
1.0,1.1554599065865137e-10,2.220446049250313e-16,0.013888888888888888
1.0,1.1413457500173608e-10,2.220446049250313e-16,0.013888888888888888
1.0,1.108454906398302e-10,4.440892098500626e-16,0.013888888888888888
1.0,1.1002636097451657e-10,3.885780586188048e-16,0.013888888888888888
1.0,1.0943406409992966e-10,4.440892098500626e-16,0.013888888888888888
1.0,1.0748077283038054e-10,3.3306690738754696e-16,0.013888888888888888
1.0,1.061953775702209e-10,3.885780586188048e-16,0.013888888888888888
1.0,1.0531324030178672e-10,3.885780586188048e-16,0.013888888888888888
1.0,1.0310791450931275e-10,2.7755575615628914e-16,0.013888888888888888
1.0,1.0255342471263997e-10,3.3306690738754696e-16,0.013888888888888888
1.0,1.0078916274695654e-10,4.440892098500626e-16,0.013888888888888888
1.0,1.0062532915277573e-10,4.440892098500626e-16,0.013888888888888888
1.0,9.872244822968672e-11,4.440892098500626e-16,0.013888888888888888
1.0,9.807974698671156e-11,3.3306690738754696e-16,0.013888888888888888
1.0,9.704639045581847e-11,4.440892098500626e-16,0.013888888888888888
1.0,9.503009464085007e-11,2.7755575615628914e-16,0.013888888888888888
1.0,9.36564905107131e-11,1.6653345369377348e-16,0.013888888888888888
1.0,9.375729581945656e-11,4.440892098500626e-16,0.013888888888888888
1.0,9.248450653322531e-11,4.440892098500626e-16,0.013888888888888888
1.0,9.218205499038361e-11,2.220446049250313e-16,0.013888888888888888
1.0,9.084625733578735e-11,2.7755575615628914e-16,0.013888888888888888
1.0,8.97120885235301e-11,2.220446049250313e-16,0.013888888888888888
1.0,8.835108793266684e-11,4.996003610813204e-16,0.013888888888888888
1.0,8.735553928284455e-11,2.7755575615628914e-16,0.013888888888888888
1.0,8.64229997766877e-11,5.551115123125783e-16,0.013888888888888888
1.0,8.546525694902832e-11,3.885780586188048e-16,0.013888888888888888
1.0,8.559126715009496e-11,2.7755575615628914e-16,0.013888888888888888
