-1041628.3393538509,-994869.8538415681,-979445.3057286796
-1041628.3393538509,-994869.8538415681,-979445.3057286796
-1041629.9416488109,-994871.4561365279,-979446.9080236395
-1041631.4000732928,-994872.9145610098,-979448.3664481214
-1041632.8880101647,-994874.4024978818,-979449.8543849932
-1041634.4063321045,-994875.9208198214,-979451.3727069331
-1041635.955944962,-994877.470432679,-979452.9223197906
-1041637.5377897053,-994879.0522774224,-979454.5041645339
-1041639.1528438455,-994880.6673315627,-979456.1192186743
-1041640.802123283,-994882.3166110001,-979457.7684981116
-1041642.4866841936,-994884.0011719107,-979459.4530590221
-1041644.2076250272,-994885.7221127441,-979461.1739998556
-1041645.9660886267,-994887.4805763438,-979462.9324634554
-1041647.7632644769,-994889.277752194,-979464.7296393055
-1041649.6003910889,-994891.1148788059,-979466.5667659175
-1041651.4787585371,-994892.993246254,-979468.4451333656
-1041653.3997111542,-994894.9141988712,-979470.3660859828
-1041655.3646503983,-994896.8791381153,-979472.3310252267
-1041657.3750379033,-994898.8895256204,-979474.3414127319
-1041659.4323987335,-994900.9468864505,-979476.398773562
-1041661.5383248474,-994903.0528125644,-979478.5046996758
-1041663.6944787967,-994905.2089665137,-979480.6608536253
-1041665.9025976765,-994907.4170853936,-979482.868972505
-1041668.1644973448,-994909.6789850618,-979485.1308721734
-1041670.4820769359,-994911.996564653,-979487.4484517645
-1041672.8573236938,-994914.3718114109,-979489.8236985224
-1041675.2923181483,-994916.8068058655,-979492.258692977
-1041677.7892396688,-994919.3037273858,-979494.7556144972
-1041680.3503724214,-994921.8648601385,-979497.3167472499
-1041682.9781117766,-994924.4925994937,-979499.9444866051
-1041685.674971196,-994927.189458913,-979502.6413460246
-1041688.4435896482,-994929.9580773654,-979505.4099644771
-1041691.2867396052,-994932.8012273222,-979508.2531144337
-1041694.2073356663,-994935.7218233832,-979511.1737104948
-1041697.20844388,-994938.722931597,-979514.1748187086
-1041700.2932918235,-994941.8077795404,-979517.259666652
-1041703.4652795184,-994944.9797672355,-979520.4316543471
-1041706.7279912701,-994948.2424789872,-979523.6943660986
-1041710.0852085183,-994951.5996962353,-979527.0515833468
-1041713.5409238131,-994955.0554115302,-979530.5072986417
-1041717.0993560328,-994958.61384375,-979534.0657308615
-1041720.7649669762,-994962.2794546932,-979537.7313418047
-1041724.5424794822,-994966.0569671993,-979541.508854311
-1041728.43689726,-994969.9513849771,-979545.4032720886
-1041732.4535266039,-994973.9680143209,-979549.4199014325
-1041736.5980002399,-994978.112487957,-979553.5643750685
-1041740.8763035408,-994982.3907912578,-979557.8426783695
-1041745.2948034097,-994986.8092911268,-979562.2611782383
-1041749.8602801613,-994991.3747678782,-979566.8266549899
-1041754.579962785,-994996.0944505022,-979571.5463376137
-1041759.4615680358,-995000.976055753,-979576.4279428646
-1041764.513343857,-995006.0278315741,-979581.4797186856
-1041769.744117733,-995011.25860545,-979586.7104925616
-1041775.1633506631,-995016.6778383802,-979592.1297254917
-1041780.7811975607,-995022.2956852778,-979597.7475723893
-1041786.6085750218,-995028.1230627389,-979603.5749498504
-1041792.6572375791,-995034.1717252962,-979609.6236124076
-1041798.93986375,-995040.4543514671,-979615.9062385787
-1041805.4701534407,-995046.9846411579,-979622.4365282694
-1041812.2629385532,-995053.7774262703,-979629.2293133818
-1041819.3343090198,-995060.8487967369,-979636.3006838486
-1041826.7017569225,-995068.2162446396,-979643.6681317511
-1041834.3843419139,-995075.8988296309,-979651.3507167425
-1041842.4028818448,-995083.9173695619,-979659.3692566734
-1041850.7801733502,-995092.2946610672,-979667.7465481788
-1041859.5412482381,-995101.0557359551,-979676.5076230668
-1041868.7136728811,-995110.2281605983,-979685.6800477098
-1041878.3278995595,-995119.8423872765,-979695.294274388
-1041888.4176809326,-995129.9321686497,-979705.3840557613
-1041899.0205617241,-995140.5350494412,-979715.9869365527
-1041910.1784654616,-995151.6929531787,-979727.1448402903
-1041921.9383991014,-995163.4528868186,-979738.9047739301
-1041934.3533049478,-995175.867792665,-979751.3196797766
-1041947.4830981428,-995188.9975858597,-979764.4494729713
-1041961.3959399766,-995202.9104276936,-979778.3623148052
-1041976.1698137266,-995217.6843014436,-979793.1361885552
-1041991.8944925093,-995233.4089802264,-979808.8608673379
-1042008.6740206815,-995250.1885083986,-979825.6403955101
-1042026.6298759632,-995268.1443636804,-979843.5962507919
-1042045.905045473,-995287.4195331902,-979862.8714203017
-1042066.669345914,-995308.1838336311,-979883.6357207426
-1042089.1264633362,-995330.6409510532,-979906.0928381649
-1042113.5234093008,-995355.0378970179,-979930.4897841294
-1042140.1634349502,-995381.6779226672,-979957.1298097786
-1042169.4239933632,-995410.9384810802,-979986.3903681918
-1042201.7822362676,-995443.2967239846,-980018.7486110962
-1042237.852032471,-995479.366520188,-980054.8184072996
-1042278.4390853714,-995519.9535730885,-980095.4054602
-1042324.6253363738,-995566.1398240909,-980141.5917112024
-1042377.90231987,-995619.416807587,-980194.8686946986
-1042440.3892750365,-995681.9037627536,-980257.355649865
-1042515.203602757,-995756.718090474,-980332.1699775856
-1042607.1158113566,-995848.6302990736,-980424.0821861852
-1042723.7553642513,-995965.2698519684,-980540.72173908
-1042877.9169555136,-996119.4314432307,-980694.8833303421
-1043092.1248595124,-996333.6393472294,-980909.0912343409
-1043408.0629051925,-996649.5773929097,-981225.0292800212
-1043908.0947659364,-997149.6092536534,-981725.061140765
-1044775.2071746669,-998016.7216623839,-982592.1735494954
-1046505.260088389,-999746.7745761061,-984322.2264632176
-1050879.2951330037,-1004120.8096207208,-988696.2615078323
-1041628.3393538509,-994869.8538415681,-979445.3057286796
-1041636.678163124,-994878.1926508411,-979453.6445379527
-1041645.1285876195,-994886.6430753366,-979462.0949624481
-1041653.9312789312,-994895.4457666483,-979470.8976537598
-1041663.1049400574,-994904.6194277745,-979480.0713148859
-1041672.6691766852,-994914.1836644022,-979489.6355515138
-1041682.6445690101,-994924.1590567272,-979499.6109438387
-1041693.0527459568,-994934.567233674,-979510.0191207856
-1041703.9164619553,-994945.4309496724,-979520.882836784
-1041715.2596760588,-994956.7741637757,-979532.2260508873
-1041727.1076354423,-994968.6221231594,-979544.0740102708
-1041739.486963208,-994981.001450925,-979556.4533380365
-1041752.4257512286,-994993.9402389455,-979569.3921260571
-1041765.9536586287,-995007.4681463459,-979582.9200334573
-1041780.102016523,-995021.6165042402,-979597.0683913517
-1041794.9039396407,-995036.4184273578,-979611.8703144692
-1041810.3944455145,-995051.9089332317,-979627.3608203433
-1041826.6105819449,-995068.125069662,-979643.5769567735
-1041843.5915635048,-995085.1060512218,-979660.5579383334
-1041861.3789179176,-995102.8934056347,-979678.3452927462
-1041880.0166432054,-995121.5311309225,-979696.9830180341
-1041899.5513765913,-995141.0658643084,-979716.5177514199
-1041920.0325762269,-995161.547063944,-979736.9989510556
-1041941.5127169321,-995183.0272046492,-979758.4790917608
-1041964.0475012381,-995205.5619889552,-979781.0138760668
-1041987.6960871747,-995229.2105748918,-979804.6624620033
-1042012.5213343799,-995254.035822097,-979829.4877092084
-1042038.5900702964,-995280.1045580135,-979855.5564451249
-1042065.9733784001,-995307.4878661172,-979882.9397532287
-1042094.7469106324,-995336.2613983494,-979911.713285461
-1042124.9912264581,-995366.5057141752,-979941.9576012867
-1042156.7921612452,-995398.3066489624,-979973.758536074
-1042190.2412269972,-995431.7557147143,-980007.2076018257
-1042225.4360488211,-995466.9505365381,-980042.4024236497
-1042262.4808409438,-995503.9953286608,-980079.4472157724
-1042301.4869265613,-995543.0014142785,-980118.4533013902
-1042342.5733063597,-995584.0877940769,-980159.5396811883
-1042385.8672811688,-995627.3817688859,-980202.8336559974
-1042431.5051349527,-995673.0196226699,-980248.4715097813
-1042479.632885158,-995721.147372875,-980296.5992599865
-1042530.4071084332,-995771.9215961503,-980347.3734832618
-1042583.9958508483,-995825.5103385655,-980400.9622256769
-1042640.5796330541,-995882.0941207712,-980457.5460078828
-1042700.3525623578,-995941.8670500749,-980517.3189371865
-1042763.5235654761,-996005.038053193,-980580.4899403045
-1042830.3177578235,-996071.8322455405,-980647.284132652
-1042900.9779676762,-996142.4924553933,-980717.9443425047
-1042975.7664364462,-996217.2809241633,-980792.7328112748
-1043054.9667197784,-996296.4812074954,-980871.933094607
-1043138.8858182566,-996380.4003059736,-980955.8521930851
-1043227.8565714218,-996469.3710591389,-981044.8229462504
-1043322.2403546235,-996563.7548423407,-981139.2067294521
-1043422.43012527,-996663.9446129871,-981239.3965000986
-1043528.8538734859,-996770.368361203,-981345.8202483144
-1043641.978542433,-996883.4930301501,-981458.9449172616
-1043762.3144959888,-997003.8289837057,-981579.2808708173
-1043890.4206266404,-997131.9351143576,-981707.3870014691
-1044026.9102150766,-997268.4247027937,-981843.8765899052
-1044172.4576758491,-997413.9721635662,-981989.4240506777
-1044327.8063518393,-997569.3208395565,-982144.772726668
-1044493.7775555231,-997735.2920432402,-982310.7439303517
-1044671.28109912,-997912.7955868371,-982488.2474739488
-1044861.3276111783,-998102.8420988953,-982678.2939860069
-1045065.0430072722,-998306.5574949892,-982882.0093821008
-1045283.6855717737,-998525.2000594907,-983100.6519466022
-1045518.6662219926,-998760.1807097098,-983335.6325968213
-1045771.5726734453,-999013.0871611624,-983588.539048274
-1046044.1984165151,-999285.7129042323,-983861.1647913439
-1046338.5776653634,-999580.0921530805,-984155.5440401922
-1046657.0277703893,-999898.5422581064,-984473.9941452179
-1047002.201024933,-1000243.7155126501,-984819.1673997616
-1047377.1483861818,-1000618.6628738989,-985194.1147610105
-1047785.3984277702,-1001026.9129154874,-985602.364802599
-1048231.0559312619,-1001472.5704189789,-986048.0223060903
-1048718.926027623,-1001960.4405153402,-986535.8924024516
-1049254.6718972528,-1002496.1863849699,-987071.6382720815
-1049845.0169947713,-1003086.5314824884,-987661.9833696
-1050498.0069834315,-1003739.5214711486,-988314.9733582601
-1051223.352653862,-1004464.867141579,-989040.3190286906
-1052032.8840023142,-1005274.3984900312,-989849.8503771428
-1052941.1588194636,-1006182.6733071806,-990758.1251942922
-1053966.2889025956,-1007207.8033903127,-991783.2552774242
-1055131.077039624,-1008372.591527341,-992948.0434144526
-1056464.6041764012,-1009706.1186641182,-994281.5705512299
-520857.7741250564,-497478.2839544232,-489765.76248348725
-520857.7741250564,-497478.2839544232,-489765.76248348725
-520858.5696100573,-497479.0794394241,-489766.55796848814
-520859.28595400776,-497479.7957833746,-489767.27431243856
-520860.0094094824,-497480.51923884917,-489767.99776791316
-520860.74007885915,-497481.24990822596,-489768.72843729
-520861.4780664108,-497481.9878957777,-489769.4664248417
-520862.2234783307,-497482.7333076975,-489770.21183676156
-520862.9764227811,-497483.48625214794,-489770.964781212
-520863.73700993916,-497484.24683930597,-489771.72536837
-520864.50535204244,-497485.01518140925,-489772.4937104733
-520865.28156343714,-497485.79139280395,-489773.269921868
-520866.0657606265,-497486.57558999327,-489774.0541190573
-520866.858062321,-497487.3678916878,-489774.8464207518
-520867.65858949034,-497488.1684188572,-489775.64694792125
-520868.46746541606,-497488.9772947829,-489776.455823847
-520869.28481574607,-497489.7946451129,-489777.2731741769
-520870.11076855083,-497490.62059791764,-489778.0991269817
-520870.9454543816,-497491.4552837484,-489778.93381281244
-520871.78900632844,-497492.2988356953,-489779.77736475936
-520872.6415600824,-497493.1513894492,-489780.62991851324
-520873.5032539975,-497494.01308336435,-489781.49161242833
-520874.37422915566,-497494.88405852247,-489782.36258758657
-520875.2546294333,-497495.7644588,-489783.24298786407
-520876.14460156864,-497496.65443093545,-489784.13295999955
-520877.0442952341,-497497.5541246009,-489785.03265366494
-520877.9538631059,-497498.4636924727,-489785.94222153677
-520878.8734609417,-497499.3832903085,-489786.86181937257
-520879.803247655,-497500.3130770218,-489787.79160608584
-520880.7433853954,-497501.2532147622,-489788.7317438263
-520881.69403963006,-497502.2038689969,-489789.68239806086
-520882.65537922696,-497503.16520859377,-489790.64373765775
-520883.6275765419,-497504.1374059087,-489791.6159349727
-520884.6108075079,-497505.1206368747,-489792.59916593874
-520885.60525172594,-497506.11508109275,-489793.5936101568
-520886.61109256116,-497507.1209219279,-489794.59945099195
-520887.6285172391,-497508.138346606,-489795.61687567
-520888.6577169472,-497509.167546314,-489796.646075378
-520889.69888693804,-497510.20871630486,-489797.68724536896
-520890.75222663744,-497511.26205600426,-489798.7405850683
-520891.8179397533,-497512.32776912005,-489799.8062981841
-520892.8962343909,-497513.4060637577,-489800.8845928218
-520893.9873231708,-497514.4971525377,-489801.97568160173
-520895.0914233487,-497515.6012527155,-489803.07978177955
-520896.20875694195,-497516.71858630877,-489804.19711537287
-520897.3395508595,-497517.84938022634,-489805.3279092903
-520898.48403703386,-497518.9938664007,-489806.4723954647
-520899.6424525609,-497520.15228192776,-489807.6308109918
-520900.815039842,-497521.32486920885,-489808.8033982729
-520902.00204673095,-497522.51187609776,-489809.9904051618
-520903.20372668706,-497523.7135560539,-489811.19208511786
-520904.4203389318,-497524.9301682986,-489812.40869736264
-520905.652148613,-497526.1619779798,-489813.6405070438
-520906.89942697214,-497527.409256339,-489814.88778540306
-520908.1624515191,-497528.67228088586,-489816.1508099499
-520909.44150621165,-497529.95133557846,-489817.4298646425
-520910.7368816435,-497531.2467110103,-489818.72524007433
-520912.0488752359,-497532.5587046027,-489820.03723366675
-520913.3777914378,-497533.8876208046,-489821.3661498686
-520914.7239419331,-497535.2337712999,-489822.7123003639
-520916.0876458552,-497536.5974752221,-489824.07600428606
-520917.469230008,-497537.97905937483,-489825.4575884388
-520918.86902909685,-497539.3788584636,-489826.8573875276
-520920.28738596657,-497540.7972153334,-489828.2757443974
-520921.7246518486,-497542.2344812154,-489829.71301027946
-520923.18118661735,-497543.69101598416,-489831.1695450482
-520924.6573590557,-497545.1671884225,-489832.6457174866
-520926.1535471311,-497546.66337649786,-489834.1419055619
-520927.67013828084,-497548.1799676477,-489835.65849671175
-520929.2075297101,-497549.71735907695,-489837.19588814105
-520930.76612869935,-497551.27595806617,-489838.75448713015
-520932.34635292424,-497552.85618229106,-489840.33471135504
-520933.9486307889,-497554.4584601557,-489841.9369892197
-520935.5734017707,-497556.08323113754,-489843.5617602016
-520937.22111677966,-497557.7309461465,-489845.2094752105
-520938.8922385312,-497559.402067898,-489846.880596962
-520940.5872419347,-497561.0970713016,-489848.57560036564
-520942.3066144972,-497562.816443864,-489850.294972928
-520944.05085674237,-497564.5606861092,-489852.0392151732
-520945.82048264914,-497566.33031201595,-489853.80884108
-520947.61602010607,-497568.1258494728,-489855.60437853687
-520949.43801138474,-497569.94784075156,-489857.4263698156
-520951.2870136347,-497571.79684300156,-489859.2753720656
-520953.1635993978,-497573.6734287646,-489861.1519578286
-520955.0683571429,-497575.5781865097,-489863.05671557377
-520957.0018918276,-497577.51172119443,-489864.9902502585
-520958.9648254799,-497579.4746548467,-489866.9531839107
-520960.9577978078,-497581.46762717457,-489868.9461562386
-520962.9814668347,-497583.49129620154,-489870.9698252656
-520965.03650956304,-497585.5463389298,-489873.02486799384
-520967.12362266687,-497587.6334520337,-489875.1119810977
-520969.2435232181,-497589.7533525849,-489877.23188164894
-520971.3969494414,-497591.9067788082,-489879.38530787226
-520973.5846615082,-497594.09449087497,-489881.57301993907
-520975.8074423645,-497596.3172717313,-489883.7958007954
-520978.0660985985,-497598.5759279653,-489886.0544570293
-520980.36146134825,-497600.8712907151,-489888.34981977916
-520982.69438725384,-497603.20421662065,-489890.6827456847
-520985.0657594536,-497605.57558882044,-489893.0541178845
-520987.47648863,-497607.9863179968,-489895.46484706085
-520989.9275141056,-497610.4373434724,-489897.9158725364
-520992.4198049937,-497612.9296343606,-489900.40816342464
-520994.95436140685,-497615.46419077367,-489902.9427198377
-520997.53221572516,-497618.042045092,-489905.52057415596
-521000.1544339292,-497620.664263296,-489908.1427923601
-521002.82211700385,-497623.3319463706,-489910.8104754346
-521005.5364024105,-497626.0462317773,-489913.52476084133
-521008.29846564215,-497628.80829500896,-489916.28682407294
-521011.109521856,-497631.6193512229,-489919.0978802869
-521013.9708275971,-497634.4806569639,-489921.959186028
-521016.8836826132,-497637.3935119801,-489924.8720410441
-521019.8494317714,-497640.35926113813,-489927.8377902022
-521022.8694670779,-497643.3792964447,-489930.8578255088
-521025.9452298156,-497646.45505918236,-489933.9335882464
-521029.07821279793,-497649.58804216475,-489937.06657122885
-521032.2699627563,-497652.77979212307,-489940.25832118705
-521035.52208286244,-497656.0319122293,-489943.51044129336
-521038.8362354038,-497659.34606477054,-489946.82459383464
-521042.2141446126,-497662.7239739794,-489950.20250304346
-521045.65759966953,-497666.16742903634,-489953.6459581004
-521049.16845788865,-497669.67828725546,-489957.15681631945
-521052.7486480993,-497673.2584774662,-489960.7370065302
-521056.4001742406,-497676.9100036074,-489964.38853267144
-521060.125119181,-497680.6349485478,-489968.11347761186
-521063.92564878665,-497684.4354781535,-489971.91400721757
-521067.8040162514,-497688.3138456183,-489975.7923746823
-521071.762566714,-497692.2723960808,-489979.7509251449
-521075.80374218296,-497696.3135715498,-489983.7921006139
-521079.930086796,-497700.4399161628,-489987.91844522685
-521084.1442524407,-497704.65408180753,-489992.1326108716
-521088.4490047659,-497708.95883413265,-489996.4373631967
-521092.8472296201,-497713.35705898685,-490000.83558805095
-521097.34193995054,-497717.8517693173,-490005.33029838133
-521101.93628320494,-497722.4461125718,-490009.92464163585
-521106.6335492815,-497727.1433786483,-490014.6219077123
-521111.4371790736,-497731.9470084404,-490019.42553750443
-521116.35077366827,-497736.860603035,-490024.33913209906
-521121.3781042561,-497741.8879336229,-490029.36646268686
-521126.52312281984,-497747.03295218665,-490034.5114812507
-521131.78997368016,-497752.2998030469,-490039.77833211096
-521137.18300597765,-497757.69283534447,-490045.1713644085
-521142.7067871883,-497763.2166165551,-490050.69514561916
-521148.36611777375,-497768.8759471406,-490056.35447620467
-1041641.6252865726,-994883.1397742897,-979458.5916614012
-1041641.6252865726,-994883.1397742897,-979458.5916614012
-1041643.2281288846,-994884.7426166018,-979460.1945037132
-1041644.6870515712,-994886.2015392883,-979461.6534263999
-1041646.1754967298,-994887.6899844469,-979463.1418715583
-1041647.6943373359,-994889.208825053,-979464.6607121646
-1041649.2444795488,-994890.7589672657,-979466.2108543772
-1041650.826864658,-994892.3413523751,-979467.7932394866
-1041652.442470509,-994893.956958226,-979469.4088453375
-1041654.0923133482,-994895.6068010653,-979471.0586881769
-1041655.7774497129,-994897.29193743,-979472.7438245415
-1041657.4989784284,-994899.0134661455,-979474.4653532571
-1041659.2580427281,-994900.772530445,-979476.2244175565
-1041661.0558325024,-994902.5703202194,-979478.0222073309
-1041662.8935866856,-994904.4080744028,-979479.8599615144
-1041664.7725957932,-994906.2870835103,-979481.738970622
-1041666.6942046178,-994908.2086923347,-979483.6605794462
-1041668.6598150943,-994910.1743028113,-979485.6261899228
-1041670.6708893578,-994912.1853770749,-979487.6372641864
-1041672.7289529926,-994914.2434407095,-979489.6953278212
-1041674.8355985011,-994916.3500862182,-979491.8019733297
-1041676.9924890035,-994918.5069767205,-979493.9588638319
-1041679.2013621875,-994920.7158499046,-979496.1677370161
-1041681.4640345317,-994922.9785222488,-979498.4304093603
-1041683.7824058196,-994925.2968935367,-979500.7487806482
-1041686.1584639738,-994927.6729516907,-979503.1248388023
-1041688.5942902341,-994930.1087779513,-979505.560665063
-1041691.0920647152,-994932.6065524323,-979508.0584395437
-1041693.6540723635,-994935.1685600806,-979510.6204471921
-1041696.2827093675,-994937.7971970844,-979513.2490841959
-1041698.9804900474,-994940.4949777644,-979515.946864876
-1041701.7500542734,-994943.2645419905,-979518.716429102
-1041704.5941754639,-994946.1086631811,-979521.5605502926
-1041707.5157692153,-994949.0302569324,-979524.4821440439
-1041710.5179026225,-994952.0323903395,-979527.4842774511
-1041713.603804365,-994955.1182920822,-979530.5701791937
-1041716.7768756271,-994958.2913633441,-979533.7432504556
-1041720.040701937,-994961.5551896541,-979537.0070767655
-1041723.3990660268,-994964.9135537439,-979540.3654408554
-1041726.8559618113,-994968.3704495283,-979543.8223366399
-1041730.415609609,-994971.930097326,-979547.3819844377
-1041734.0824727428,-994975.59696046,-979551.0488475715
-1041737.8612756664,-994979.3757633835,-979554.827650495
-1041741.7570237961,-994983.271511513,-979558.7233986246
-1041745.7750252403,-994987.2895129574,-979562.741400069
-1041749.920914649,-994991.4354023661,-979566.8872894776
-1041754.2006794397,-994995.7151671568,-979571.1670542682
-1041758.6206886896,-995000.1351764067,-979575.5870635182
-1041763.1877250306,-995004.7022127477,-979580.1540998591
-1041767.9090199214,-995009.4235076385,-979584.87539475
-1041772.7922927529,-995014.30678047,-979589.7586675815
-1041777.8457942852,-995019.3602820024,-979594.8121691139
-1041783.0783550191,-995024.5928427362,-979600.0447298477
-1041788.4994391864,-995030.0139269035,-979605.4658140149
-1041794.1192051679,-995035.633692885,-979611.0855799966
-1041799.94857329,-995041.4630610071,-979616.9149481186
-1041805.9993021,-995047.5137898171,-979622.9656769286
-1041812.2840744476,-995053.7985621647,-979629.2504492761
-1041818.8165949172,-995060.3310826343,-979635.7829697459
-1041825.6117004785,-995067.1261881955,-979642.5780753071
-1041832.6854865603,-995074.1999742774,-979649.6518613889
-1041840.0554512192,-995081.5699389364,-979657.0218260478
-1041847.7406606195,-995089.2551483365,-979664.7070354482
-1041855.7619397235,-995097.2764274405,-979672.728314552
-1041864.1420929526,-995105.6565806697,-979681.1084677812
-1041872.9061606672,-995114.4206483843,-979689.8725354958
-1041882.0817186558,-995123.596206373,-979699.0480934845
-1041891.6992296011,-995133.2137173183,-979708.6656044298
-1041901.7924576936,-995143.3069454106,-979718.7588325221
-1041912.3989604814,-995153.9134481983,-979729.3653353099
-1041923.5606758138,-995165.0751635309,-979740.5270506424
-1041935.3246267048,-995176.839114422,-979752.2910015334
-1041947.7437735444,-995189.2582612615,-979764.710148373
-1041960.8780519413,-995202.3925396585,-979777.8444267699
-1041974.7956464704,-995216.3101341875,-979791.7620212991
-1041989.5745670486,-995231.0890547658,-979806.5409418773
-1042005.3046174594,-995246.8191051765,-979822.2709922879
-1042022.0898776012,-995263.6043653183,-979839.0562524298
-1042040.0518666914,-995281.5663544085,-979857.0182415199
-1042059.3336206939,-995300.848108411,-979876.2999955226
-1042080.1050143224,-995321.6195020396,-979897.0713891512
-1042102.569803207,-995344.084290924,-979919.5361780355
-1042126.9750832883,-995368.4895710053,-979943.9414581169
-1042153.6242093019,-995395.138697019,-979970.5905841304
-1042182.8947632659,-995424.4092509829,-979999.8611380946
-1042215.264059906,-995456.778547623,-980032.2304347345
-1042251.3461777292,-995492.8606654464,-980068.3125525579
-1042291.9470953674,-995533.4615830844,-980108.913470196
-1042338.1491238206,-995579.6636115377,-980155.1154986492
-1042391.4443069975,-995632.9587947145,-980208.4106818261
-1042453.9526080161,-995695.4670957332,-980270.9189828447
-1042528.7924926797,-995770.3069803967,-980345.7588675083
-1042620.7360989427,-995862.2505866598,-980437.7024737712
-1042737.4154964839,-995978.929984201,-980554.3818713126
-1042891.629750106,-996133.1442378231,-980708.5961249345
-1043105.9108285817,-996347.4253162987,-980922.8772034103
-1043421.9568002558,-996663.4712879729,-981238.9231750843
-1043922.1594743485,-997163.6739620657,-981739.1258491771
-1044789.5680929542,-998031.0825806714,-982606.5344677829
-1046520.2120012824,-999761.7264889994,-984337.1783761109
-1050895.7412378397,-1004137.2557255566,-988712.7076126682
-1041641.6252865726,-994883.1397742897,-979458.5916614012
-1041649.9669444241,-994891.4814321412,-979466.9333192526
-1041658.4202556261,-994899.9347433433,-979475.3866304549
-1041667.2259539806,-994908.7404416976,-979484.1923288092
-1041676.4027488749,-994917.9172365919,-979493.3691237035
-1041685.9702526929,-994927.48474041,-979502.9366275215
-1041695.9490526612,-994937.4635403783,-979512.9154274898
-1041706.3607850927,-994947.8752728098,-979523.3271599213
-1041717.2282121902,-994958.7426999073,-979534.1945870187
-1041728.5753011911,-994970.0897889081,-979545.5416760197
-1041740.427307896,-994981.941795613,-979557.3936827246
-1041752.810864501,-994994.3253522182,-979569.7772393298
-1041765.7540724758,-995007.2685601929,-979582.7204473043
-1041779.2866010758,-995020.8010887929,-979596.2529759044
-1041793.4397921187,-995034.9542798358,-979610.4061669473
-1041808.2467716462,-995049.7612593633,-979625.2131464748
-1041823.7425691537,-995065.2570568707,-979640.7089439821
-1041839.9642450957,-995081.4787328128,-979656.9306199243
-1041856.9510274427,-995098.4655151597,-979673.9174022712
-1041874.7444581034,-995116.2589458205,-979691.710832932
-1041893.3885501307,-995134.9030378477,-979710.3549249591
-1041912.9299566773,-995154.4444443943,-979729.896331506
-1041933.4181527918,-995174.9326405089,-979750.3845276204
-1041954.9056312189,-995196.420118936,-979771.8720060475
-1041977.4481135187,-995218.9626012356,-979794.4144883471
-1042001.1047779287,-995242.6192656459,-979818.0711527574
-1042025.9385055605,-995267.4529932777,-979842.9048803892
-1042052.0161466857,-995293.5306344028,-979868.9825215144
-1042079.4088090624,-995320.9232967795,-979896.3751838912
-1042108.1921704756,-995349.7066581927,-979925.1585453042
-1042138.4468179086,-995379.9613056256,-979955.4131927371
-1042170.258616052,-995411.773103769,-979987.2249908806
-1042203.7191081698,-995445.2335958868,-980020.6854829984
-1042238.9259527185,-995480.4404404355,-980055.892327547
-1042275.9833995248,-995517.4978872419,-980092.9497743534
-1042315.0028098137,-995556.5172975308,-980131.9691846423
-1042356.1032249215,-995597.6177126386,-980173.0695997502
-1042399.4119891662,-995640.9264768832,-980216.3783639946
-1042445.0654330659,-995686.5799207829,-980262.0318078945
-1042493.209623948,-995734.724111665,-980310.1759987766
-1042544.0011919484,-995785.5156796654,-980360.9675667769
-1042597.608240542,-995839.1227282592,-980414.5746153707
-1042654.211352047,-995895.7258397641,-980471.1777268756
-1042714.0047000784,-995955.5191877955,-980530.9710749069
-1042777.1972827226,-996018.7117704396,-980594.163657551
-1042844.0142922952,-996085.5287800123,-980660.9806671238
-1042914.6986400236,-996156.2131277407,-980731.6650148523
-1042989.512656904,-996231.027144621,-980806.4790317325
-1043068.7399954434,-996310.2544831604,-980885.706370272
-1043152.6877610997,-996394.2022488167,-980969.6541359283
-1043241.688907113,-996483.20339483,-981058.6552819414
-1043336.1049322808,-996577.6194199979,-981153.0713071093
-1043436.3289282469,-996677.8434159639,-981253.2953030753
-1043542.7890313393,-996784.3035190565,-981359.7554061679
-1043655.9523442314,-996897.4668319485,-981472.91871906
-1043776.3294051423,-997017.8438928594,-981593.2957799709
-1043904.4792974802,-997145.9937851973,-981721.4456723088
-1044041.0155114325,-997282.5299991496,-981857.9818862613
-1044186.6126919352,-997428.1271796523,-982003.579066764
-1044342.0144357997,-997583.5289235167,-982158.9808106284
-1044508.042336065,-997749.556823782,-982325.0087108935
-1044685.6065157478,-997927.1210034649,-982502.5728905766
-1044875.7179486316,-998117.2324363486,-982692.6843234601
-1045079.5029349095,-998321.0174226267,-982896.4693097381
-1045298.2201887891,-998539.7346765063,-983115.1865636178
-1045533.2811095571,-998774.7955972743,-983350.2474843859
-1045786.2739551007,-999027.7884428177,-983603.2403299294
-1046058.9928284691,-999300.5073161861,-983875.9592032976
-1046353.47263872,-999594.9871264371,-984170.4390135487
-1046672.0315278722,-999913.5460155893,-984488.9979027008
-1047017.3226953017,-1000258.8371830188,-984834.2890701303
-1047392.3981404185,-1000633.9126281355,-985209.364515247
-1047800.7876422344,-1001042.3021299514,-985617.7540170631
-1048246.5973845265,-1001488.1118722436,-986063.5637593551
-1048734.6341397185,-1001976.1486274357,-986551.6005145472
-1049270.5630227795,-1002512.0775104967,-987087.5293976082
-1049861.1097850944,-1003102.6242728116,-987678.0761599231
-1050514.322838355,-1003755.8373260723,-988331.2892131837
-1051239.916290443,-1004481.43077816,-989056.8826652714
-1052049.7241787955,-1005291.2386665124,-989866.690553624
-1052958.3092671018,-1006199.823754819,-990775.2756419305
-1053983.7895397304,-1007225.3040274474,-991800.7559145588
-1055148.9755741395,-1008390.4900618566,-992965.9419489681
-1056482.958250354,-1009724.4727380711,-994299.9246251828
-520871.06005777797,-497491.5698871448,-489779.0484162088
-520871.06005777797,-497491.5698871448,-489779.0484162088
-520871.8558145206,-497492.3656438875,-489779.84417295153
-520872.5724031776,-497493.0822325445,-489780.56076160853
-520873.2961057882,-497493.805935155,-489781.28446421906
-520874.02702476527,-497494.5368541321,-489782.0153831962
-520874.76526441734,-497495.2750937841,-489782.75362284813
-520875.51093097345,-497496.0207603403,-489783.49928940437
-520876.2641326334,-497496.7739620002,-489784.25249106425
-520877.02497961174,-497497.53480897855,-489785.0133380426
-520877.79358418443,-497498.30341355124,-489785.7819426153
-520878.57006073673,-497499.07989010355,-489786.55841916765
-520879.3545258117,-497499.86435517855,-489787.3428842426
-520880.14709816064,-497500.6569275274,-489788.13545659144
-520880.947898794,-497501.4577281608,-489788.9362572248
-520881.7570510355,-497502.26688040234,-489789.7454094664
-520882.57468057633,-497503.08450994315,-489790.56303900725
-520883.4009155309,-497503.91074489773,-489791.3892739618
-520884.23588649434,-497504.7457158612,-489792.22424492525
-520885.07972660265,-497505.58955596946,-489793.06808503356
-520885.9325715932,-497506.44240095996,-489793.920930024
-520886.7945598671,-497507.304389234,-489794.78291829803
-520887.66583255486,-497508.1756619217,-489795.65419098566
-520888.54653358145,-497509.05636294826,-489796.53489201225
-520889.4368097358,-497509.94663910265,-489797.42516816664
-520890.33681074093,-497510.84664010775,-489798.32516917173
-520891.24668932566,-497511.75651869253,-489799.2350477566
-520892.1666013006,-497512.6764306674,-489800.1549597315
-520893.09670563356,-497513.60653500044,-489801.0850640645
-520894.0371645298,-497514.5469938966,-489802.02552296064
-520894.9881435126,-497515.49797287944,-489802.9765019435
-520895.9498115078,-497516.4596408746,-489803.9381699386
-520896.92234093015,-497517.432170297,-489804.91069936106
-520897.90590777266,-497518.41573713947,-489805.8942662035
-520898.90069169784,-497519.4105210646,-489806.88905012864
-520899.9068761331,-497520.4167055,-489807.895234564
-520900.92464836827,-497521.4344777351,-489808.9130067992
-520901.95419965603,-497522.46402902284,-489809.9425580869
-520902.99572531605,-497523.50555468287,-489810.98408374685
-520904.0494248412,-497524.55925420806,-489812.0377832721
-520905.11550200987,-497525.62533137674,-489813.1038604408
-520906.1941649986,-497526.7039943654,-489814.18252342945
-520907.28562649974,-497527.79545586655,-489815.2739849306
-520908.3901038436,-497528.8999332104,-489816.3784622744
-520909.5078191235,-497530.0176484904,-489817.4961775544
-520910.6389993257,-497531.1488286925,-489818.62735775654
-520911.78387646214,-497532.29370582895,-489819.77223489305
-520912.9426877097,-497533.45251707657,-489820.9310461406
-520914.11567555246,-497534.6255049193,-489822.1040339833
-520915.3030879288,-497535.8129172956,-489823.29144635965
-520916.50517838466,-497537.01500775147,-489824.4935368155
-520917.7222062303,-497538.2320355971,-489825.71056466113
-520918.9544367037,-497539.4642660706,-489826.94279513456
-520920.2021411392,-497540.711970506,-489828.19049957005
-520921.4655971416,-497541.9754265084,-489829.4539555724
-520922.7450887655,-497543.2549181323,-489830.7334471964
-520924.04090670403,-497544.55073607084,-489832.0292651349
-520925.35334847984,-497545.86317784665,-489833.3417069107
-520926.6827186461,-497547.1925480129,-489834.6710770769
-520928.029328993,-497548.53915835987,-489836.01768742397
-520929.3934987631,-497549.90332812996,-489837.38185719395
-520930.7755548719,-497551.2853842387,-489838.76391330274
-520932.1758321389,-497552.68566150573,-489840.16419056983
-520933.59467352653,-497554.10450289334,-489841.5830319574
-520935.0324303856,-497555.54225975246,-489843.0207888165
-520936.4894627139,-497556.9992920807,-489844.47782114474
-520937.96613941994,-497558.47596878675,-489845.95449785085
-520939.46283860045,-497559.9726679673,-489847.4511970314
-520940.9799478255,-497561.4897771923,-489848.96830625634
-520942.5178644351,-497563.02769380197,-489850.506222866
-520944.0769958495,-497564.5868252163,-489852.06535428035
-520945.6577598867,-497566.1675892535,-489853.64611831756
-520947.2605850974,-497567.77041446423,-489855.2489435282
-520948.8859111089,-497569.39574047574,-489856.8742695397
-520950.53418898553,-497571.04401835235,-489858.5225474164
-520952.2058816006,-497572.71571096743,-489860.1942400314
-520953.90146402566,-497574.4112933924,-489861.88982245646
-520955.6214239342,-497576.131253301,-489863.60978236503
-520957.366262021,-497577.8760913878,-489865.35462045186
-520959.1364924409,-497579.64632180764,-489867.1248508717
-520960.93264326203,-497581.44247262884,-489868.9210016929
-520962.75525694207,-497583.2650863089,-489870.74361537286
-520964.6048908204,-497585.1147201872,-489872.5932492513
-520966.48211763427,-497586.99194700114,-489874.4704760651
-520968.3875260541,-497588.8973554209,-489876.3758844849
-520970.3217212439,-497590.83155061066,-489878.31007967464
-520972.2853254439,-497592.7951548107,-489880.27368387475
-520974.2789785811,-497594.7888079479,-489882.2673370119
-520976.3033389033,-497596.81316827005,-489884.2916973341
-520978.3590836441,-497598.8689130109,-489886.347442075
-520980.4469097163,-497600.95673908317,-489888.4352681472
-520982.56753443583,-497603.0773638027,-489890.55589286675
-520984.7216962801,-497605.23152564693,-489892.710054711
-520986.91015568026,-497607.4199850471,-489894.8985141111
-520989.1336958495,-497609.6435252163,-489897.12205428036
-520991.39312365156,-497611.9029530184,-489899.38148208236
-520993.68927050853,-497614.19909987535,-489901.6776289394
-520996.0229933531,-497616.5328227199,-489904.01135178393
-520998.3951756253,-497618.90500499215,-489906.3835340562
-521000.80672831874,-497621.31655768555,-489908.7950867496
-521003.2585910766,-497623.76842044346,-489911.2469495075
-521005.75173334376,-497626.26156271057,-489913.7400917746
-521008.2871555739,-497628.7969849407,-489916.27551400475
-521010.86589049984,-497631.37571986666,-489918.85424893076
-521013.48900446657,-497633.9988338334,-489921.4773628975
-521016.1575988346,-497636.6674282015,-489924.1459572655
-521018.87281145476,-497639.38264082157,-489926.86116988567
-521021.6358182208,-497642.1456475876,-489929.62417665165
-521024.44783470535,-497644.9576640722,-489932.43619313627
-521027.3101178826,-497647.81994724943,-489935.29847631353
-521030.2239679444,-497650.73379731126,-489938.2123263753
-521033.190730217,-497653.7005595837,-489941.1790886478
-521036.2117971827,-497656.7216265495,-489944.20015561354
-521039.28861061606,-497659.7984399828,-489947.27696904686
-521042.4226638407,-497662.93249320757,-489950.41102227167
-521045.6155041165,-497666.12533348333,-489953.6038625474
-521048.868735163,-497669.3785645298,-489956.8570935939
-521052.1840198354,-497672.6938492022,-489960.17237826623
-521055.5630829546,-497676.0729123214,-489963.55144138547
-521059.0077143128,-497679.51754367957,-489966.99607274355
-521062.51977185823,-497683.02960122505,-489970.5081302891
-521066.10118507966,-497686.6110144465,-489974.0895435105
-521069.75395860017,-497690.263787967,-489977.742317031
-521073.4801760002,-497693.990005367,-489981.4685344311
-521077.2820038855,-497697.7918332523,-489985.2703623164
-521081.16169621976,-497701.6715255866,-489989.1500546506
-521085.1215989426,-497705.6314283094,-489993.1099573735
-521089.1641548971,-497709.6739842639,-489997.15251332795
-521093.2919090899,-497713.8017384567,-490001.2802675207
-521097.50751431414,-497718.01734368096,-490005.495872745
-521101.81373716396,-497722.32356653083,-490009.8020955948
-521106.21346447343,-497726.72329384024,-490014.2018229043
-521110.7097102191,-497731.2195395859,-490018.6980686499
-521115.305622924,-497735.8154522908,-490023.29398135486
-521120.0044936097,-497740.5143229765,-490027.9928520405
-521124.80976434547,-497745.3195937123,-490032.7981227763
-521129.72503744817,-497750.23486681504,-490037.71339587914
-521134.754085397,-497755.2639147638,-490042.74244382785
-521139.90086152445,-497760.41069089127,-490047.8892199553
-521145.169511567,-497765.6793409338,-490053.1578699978
-521150.564386151,-497771.0742155178,-490058.55274458183
-521156.0900543125,-497776.5998836793,-490064.07841274334
-521161.7513181533,-497782.26114752016,-490069.7396765842
-521167.55322874995,-497788.06305811676,-490075.5415871808
-521173.50110344734,-497794.01093281416,-490081.4894618782
-521179.6005446848,-497800.1103740516,-490087.58890311565
-521185.85746051866,-497806.3672898855,-490093.8458189495
-521192.27808703086,-497812.7879163977,-490100.2664454618
-521198.86901283346,-497819.37884220027,-490106.8573712643
-521205.6372059098,-497826.14703527663,-490113.6255643406
-521212.5900430639,-497833.0998724307,-490120.5784014948
-521219.73534228874,-497840.2451716555,-490127.7237007195
-521227.0813984063,-497847.59122777317,-490135.0697568372
-521234.6370223843,-497855.1468517512,-490142.62538081524
-521242.41158479045,-497862.92141415726,-490150.3999432213
-521250.41506391973,-497870.92489328654,-490158.4034223506
-521258.6580992069,-497879.16792857373,-490166.6464576378
-521267.1520506316,-497887.6618799984,-490175.14040906244
-521275.90906493925,-497896.41889430606,-490183.89742337004
-521284.9421496315,-497905.4519789983,-490192.93050806236
-521294.2652558395,-497914.77508520626,-490202.2536142703
-521303.89337138063,-497924.40320074745,-490211.88172981143
-521313.84262552846,-497934.3524548952,-490221.83098395925
-521324.1304072932,-497944.64023666,-490232.11876572407
-521334.7754993395,-497955.2853287063,-490242.7638577704
-521345.7982300654,-497966.30805943214,-490253.7865884962
-521357.2206468466,-497977.7304762134,-490265.20900527743
-521369.0667140425,-497989.5765434094,-490277.0550724734
-521381.3625400809,-498001.8723694478,-490289.3508985118
-521394.13663883234,-498014.64646819915,-490302.1249972632
-521407.4202315952,-498027.93006096204,-490315.4085900261
-521421.24759738863,-498041.75742675544,-490329.23595581943
-521435.65648098395,-498056.16631035076,-490343.64483941474
-521450.6885702925,-498071.1983996593,-490358.67692872335
-521466.3900574939,-498086.8998868607,-490374.37841592473
-521482.81230183586,-498103.3221312027,-490390.8006602667
-521500.012616592,-498120.5224459588,-490408.00097502285
-521518.0552085628,-498138.5650379296,-490426.04356699367
-521537.0123062194,-498157.5221355861,-490445.00066465023
-521556.96552271734,-498177.47535208415,-490464.9538811482
-521578.0075134711,-498198.51734283793,-490485.99587190204
-521600.2440059737,-498220.7538353405,-490508.23236440454
-521623.79630386713,-498244.30613323394,-490531.784662298
-521648.8044004296,-498269.3142297964,-490556.79275886045
-521675.4308823186,-498295.94071168546,-490583.4192407495
-521703.86586799205,-498324.37569735886,-490611.8542264229
-521734.33331470453,-498354.84314407135,-490642.32167313533
-521767.0991553213,-498387.6089846881,-490675.08751375217
-521802.48190957383,-498422.99173894065,-490710.4702680047
-521840.8666815788,-498461.3765109457,-490748.85504000966
-521882.7238494919,-498503.2336788587,-490790.71220792277
-521928.6343411192,-498549.1441704861,-490836.6226995501
-521979.3242765768,-498599.8341059436,-490887.31263500766
-522035.71311189036,-498656.2229412572,-490943.70147032116
-522098.981498166,-498719.49132753286,-491006.9698565969
