1.0,0.0026421743791121013,1.6653345369377348e-16,0.013888888888888888
1.0,1.0526468643692095e-13,5.551115123125783e-17,0.013888888888888888
1.0,2.491433852702074e-12,2.220446049250313e-16,0.013888888888888888
1.0,1.6138743289618245e-13,1.1102230246251565e-16,0.013888888888888888
1.0,9.485881464139337e-14,5.551115123125783e-17,0.013888888888888888
1.0,7.859507509725288e-14,1.1102230246251565e-16,0.013888888888888888
1.0,3.022776400505827e-13,1.1102230246251565e-16,0.013888888888888888
1.0,8.365933599188863e-14,0.0,0.013888888888888888
1.0,1.4167678177460154e-12,5.551115123125783e-17,0.013888888888888888
1.0,4.2076636516584393e-13,0.0,0.013888888888888888
1.0,1.136394186649203e-12,2.7755575615628914e-16,0.013888888888888888
1.0,4.316289461900215e-13,0.0,0.013888888888888888
1.0,9.323290880095368e-14,0.0,0.013888888888888888
1.0,7.622841833454352e-14,1.6653345369377348e-16,0.013888888888888888
1.0,5.748923295099502e-14,1.6653345369377348e-16,0.013888888888888888
1.0,5.145296775071755e-12,5.551115123125783e-17,0.013888888888888888
1.0,1.854695030789654e-12,0.0,0.013888888888888888
1.0,2.8299277930535713e-12,1.1102230246251565e-16,0.013888888888888888
1.0,1.306085300050672e-11,5.551115123125783e-17,0.013888888888888888
1.0,6.920435968698158e-12,0.0,0.013888888888888888
1.0,1.6330107111958586e-12,1.6653345369377348e-16,0.013888888888888888
1.0,3.6049342230698157e-12,5.551115123125783e-17,0.013888888888888888
1.0,1.1255735967756357e-12,0.0,0.013888888888888888
1.0,9.837949557021045e-13,3.885780586188048e-16,0.013888888888888888
1.0,6.843820317818966e-13,2.7755575615628914e-16,0.013888888888888888
1.0,2.7741145101685607e-12,5.551115123125783e-17,0.013888888888888888
1.0,1.0957488128429827e-12,5.551115123125783e-17,0.013888888888888888
1.0,5.541624960155847e-13,1.6653345369377348e-16,0.013888888888888888
1.0,4.2200460163416255e-13,5.551115123125783e-17,0.013888888888888888
1.0,2.62281074497231e-13,4.996003610813204e-16,0.013888888888888888
1.0,2.081838409957656e-12,1.6653345369377348e-16,0.013888888888888888
1.0,1.9351001647714589e-13,2.220446049250313e-16,0.013888888888888888
1.0,1.9355389796058154e-12,2.7755575615628914e-16,0.013888888888888888
1.0,5.396826380118638e-13,3.3306690738754696e-16,0.013888888888888888
1.0,4.3426185736321054e-13,5.551115123125783e-17,0.013888888888888888
1.0,2.3802286663506662e-06,5.551115123125783e-17,0.013888888888888888
1.0,8.509754309252583e-06,1.1102230246251565e-16,0.013888888888888888
1.0,8.061491524329379e-06,2.7755575615628914e-16,0.013888888888888888
1.0,7.404066221288943e-06,5.551115123125783e-17,0.013888888888888888
1.0,6.792992516138509e-06,5.551115123125783e-17,0.013888888888888888
1.0,6.227578228267427e-06,1.6653345369377348e-16,0.013888888888888888
1.0,5.705494507145426e-06,1.1102230246251565e-16,0.013888888888888888
1.0,5.224148830692716e-06,1.1102230246251565e-16,0.013888888888888888
1.0,4.780926294392676e-06,1.1102230246251565e-16,0.013888888888888888
1.0,4.373272909665479e-06,5.551115123125783e-17,0.013888888888888888
1.0,3.9987321414435e-06,5.551115123125783e-17,0.013888888888888888
1.0,3.6549640021886527e-06,1.1102230246251565e-16,0.013888888888888888
1.0,3.339727035983005e-06,5.551115123125783e-17,0.013888888888888888
1.0,3.050925530357105e-06,5.551115123125783e-17,0.013888888888888888
1.0,2.7865655476721797e-06,5.551115123125783e-17,0.013888888888888888
1.0,2.5447851573614493e-06,5.551115123125783e-17,0.013888888888888888
1.0,2.323834557734094e-06,0.0,0.013888888888888888
1.0,2.1220855043719346e-06,5.551115123125783e-17,0.013888888888888888
1.0,1.9380124367358846e-06,1.1102230246251565e-16,0.013888888888888888
1.0,1.7701960772532623e-06,5.551115123125783e-17,0.013888888888888888
1.0,1.6173207223972681e-06,5.551115123125783e-17,0.013888888888888888
1.0,1.4781672728526085e-06,1.1102230246251565e-16,0.013888888888888888
1.0,1.351595719129167e-06,1.1102230246251565e-16,0.013888888888888888
1.0,1.2365690752895293e-06,0.0,0.013888888888888888
1.0,1.1321143565613083e-06,1.6653345369377348e-16,0.013888888888888888
1.0,1.0373376464534794e-06,0.0,0.013888888888888888
1.0,9.514190834491375e-07,0.0,0.013888888888888888
1.0,8.735988708372775e-07,0.0,0.013888888888888888
1.0,8.031779553378162e-07,1.1102230246251565e-16,0.013888888888888888
1.0,7.395205225589535e-07,1.1102230246251565e-16,0.013888888888888888
1.0,6.820305869291853e-07,2.7755575615628914e-16,0.013888888888888888
1.0,6.301715368173318e-07,1.1102230246251565e-16,0.013888888888888888
1.0,5.834468605946309e-07,5.551115123125783e-17,0.013888888888888888
1.0,5.413979906805914e-07,5.551115123125783e-17,0.013888888888888888
1.0,5.036163895922228e-07,1.6653345369377348e-16,0.013888888888888888
1.0,4.69714540000761e-07,1.6653345369377348e-16,0.013888888888888888
1.0,4.3934306035278536e-07,1.6653345369377348e-16,0.013888888888888888
1.0,3.3434836026579524e-07,5.551115123125783e-17,0.013888888888888888
1.0,3.00798235500935e-07,5.551115123125783e-17,0.013888888888888888
1.0,2.728430270791424e-07,5.551115123125783e-17,0.013888888888888888
1.0,2.476732671590972e-07,1.6653345369377348e-16,0.013888888888888888
1.0,2.2499655681981809e-07,1.1102230246251565e-16,0.013888888888888888
1.0,2.0455355220707145e-07,1.1102230246251565e-16,0.013888888888888888
1.0,1.8612366811345662e-07,5.551115123125783e-17,0.013888888888888888
1.0,1.6950554653527448e-07,5.551115123125783e-17,0.013888888888888888
1.0,1.5452540676513143e-07,1.6653345369377348e-16,0.013888888888888888
1.0,1.4101593371130335e-07,1.6653345369377348e-16,0.013888888888888888
1.0,1.2883551249268538e-07,5.551115123125783e-17,0.013888888888888888
1.0,1.1784966138118886e-07,5.551115123125783e-17,0.013888888888888888
1.0,1.0794460960650144e-07,1.1102230246251565e-16,0.013888888888888888
1.0,9.901109763334794e-08,5.551115123125783e-17,0.013888888888888888
1.0,9.095444971646346e-08,1.1102230246251565e-16,0.013888888888888888
1.0,8.368643595211412e-08,1.1102230246251565e-16,0.013888888888888888
1.0,7.713080175354777e-08,1.1102230246251565e-16,0.013888888888888888
1.0,7.121676271043497e-08,1.1102230246251565e-16,0.013888888888888888
1.0,6.587155073394572e-08,0.0,0.013888888888888888
1.0,6.110012327493373e-08,5.551115123125783e-17,0.013888888888888888
1.0,5.67534874113117e-08,1.1102230246251565e-16,0.013888888888888888
1.0,5.283094847202503e-08,0.0,0.013888888888888888
1.0,4.929225579828288e-08,5.551115123125783e-17,0.013888888888888888
1.0,4.609627447863015e-08,1.1102230246251565e-16,0.013888888888888888
1.0,4.3210589553615527e-08,0.0,0.013888888888888888
1.0,4.060697561195724e-08,5.551115123125783e-17,0.013888888888888888
1.0,3.8254690176005454e-08,5.551115123125783e-17,0.013888888888888888
1.0,3.611496947075794e-08,5.551115123125783e-17,0.013888888888888888
1.0,3.421546885912265e-08,5.551115123125783e-17,0.013888888888888888
1.0,3.2502064427946895e-08,5.551115123125783e-17,0.013888888888888888
1.0,3.09324520344134e-08,0.0,0.013888888888888888
1.0,2.9512790445853467e-08,0.0,0.013888888888888888
1.0,2.822885419972443e-08,5.551115123125783e-17,0.013888888888888888
1.0,2.7064748086663137e-08,0.0,0.013888888888888888
1.0,2.6014952767858435e-08,1.1102230246251565e-16,0.013888888888888888
1.0,4.298939194670044e-06,5.551115123125783e-17,0.013888888888888888
1.0,2.11927576105668e-07,5.551115123125783e-17,0.013888888888888888
1.0,2.1206790513331128e-08,1.1102230246251565e-16,0.013888888888888888
1.0,1.287824355744598e-08,1.1102230246251565e-16,0.013888888888888888
1.0,8.0937960359784e-09,2.7755575615628914e-16,0.013888888888888888
1.0,4.653317452626746e-09,1.6653345369377348e-16,0.013888888888888888
1.0,2.4599189243939893e-09,1.1102230246251565e-16,0.013888888888888888
1.0,2.1159669524312554e-09,1.6653345369377348e-16,0.013888888888888888
1.0,5.237723454381144e-09,1.1102230246251565e-16,0.013888888888888888
1.0,8.356558438601667e-09,1.6653345369377348e-16,0.013888888888888888
1.0,1.1503753686760906e-08,1.1102230246251565e-16,0.013888888888888888
1.0,1.4686482742436604e-08,1.1102230246251565e-16,0.013888888888888888
1.0,1.7902693633789504e-08,1.1102230246251565e-16,0.013888888888888888
1.0,2.115681363934054e-08,5.551115123125783e-17,0.013888888888888888
1.0,2.444691729842499e-08,1.6653345369377348e-16,0.013888888888888888
1.0,2.7771724573281888e-08,1.1102230246251565e-16,0.013888888888888888
1.0,3.1127310672741596e-08,5.551115123125783e-17,0.013888888888888888
1.0,3.4507979295650944e-08,5.551115123125783e-17,0.013888888888888888
1.0,3.790888213348859e-08,1.6653345369377348e-16,0.013888888888888888
1.0,4.132705649160336e-08,1.6653345369377348e-16,0.013888888888888888
1.0,4.4765170841637876e-08,1.1102230246251565e-16,0.013888888888888888
1.0,4.821223991175958e-08,1.1102230246251565e-16,0.013888888888888888
1.0,5.166811051350034e-08,5.551115123125783e-17,0.013888888888888888
1.0,5.5131186942801906e-08,1.1102230246251565e-16,0.013888888888888888
1.0,5.859802611601265e-08,1.1102230246251565e-16,0.013888888888888888
1.0,6.206422339689327e-08,1.1102230246251565e-16,0.013888888888888888
1.0,6.552736090969728e-08,2.7755575615628914e-16,0.013888888888888888
1.0,6.898756421556811e-08,1.6653345369377348e-16,0.013888888888888888
1.0,7.244074533765074e-08,1.6653345369377348e-16,0.013888888888888888
1.0,7.588628343744006e-08,1.1102230246251565e-16,0.013888888888888888
1.0,7.932054628026615e-08,1.1102230246251565e-16,0.013888888888888888
1.0,8.273850994694878e-08,2.220446049250313e-16,0.013888888888888888
1.0,8.614856279175663e-08,1.1102230246251565e-16,0.013888888888888888
1.0,8.954255570914662e-08,5.551115123125783e-17,0.013888888888888888
1.0,9.291619896891453e-08,5.551115123125783e-17,0.013888888888888888
1.0,9.627332597155835e-08,5.551115123125783e-17,0.013888888888888888
1.0,9.961070993886772e-08,1.1102230246251565e-16,0.013888888888888888
1.0,2.3922168345077316e-08,1.6653345369377348e-16,0.013888888888888888
1.0,2.064297749520161e-08,1.1102230246251565e-16,0.013888888888888888
1.0,2.0417189811349912e-08,1.6653345369377348e-16,0.013888888888888888
1.0,2.028476544933458e-08,1.6653345369377348e-16,0.013888888888888888
1.0,2.018607346468566e-08,2.220446049250313e-16,0.013888888888888888
1.0,2.0105956144112433e-08,5.551115123125783e-17,0.013888888888888888
1.0,2.0033152929932082e-08,2.7755575615628914e-16,0.013888888888888888
1.0,1.997061157191968e-08,1.6653345369377348e-16,0.013888888888888888
1.0,1.9912094552948088e-08,1.1102230246251565e-16,0.013888888888888888
1.0,1.9856374581438768e-08,1.1102230246251565e-16,0.013888888888888888
1.0,1.9806576559764814e-08,1.6653345369377348e-16,0.013888888888888888
1.0,1.975371776646727e-08,1.6653345369377348e-16,0.013888888888888888
1.0,1.9705199375773648e-08,0.0,0.013888888888888888
1.0,1.9656441493164084e-08,1.1102230246251565e-16,0.013888888888888888
1.0,1.961058165391731e-08,5.551115123125783e-17,0.013888888888888888
1.0,1.9565987789387e-08,1.6653345369377348e-16,0.013888888888888888
1.0,1.9520572424956227e-08,1.1102230246251565e-16,0.013888888888888888
1.0,1.94775236570473e-08,5.551115123125783e-17,0.013888888888888888
1.0,1.943413411410877e-08,1.1102230246251565e-16,0.013888888888888888
1.0,1.939375631134614e-08,1.1102230246251565e-16,0.013888888888888888
1.0,1.935041895955247e-08,5.551115123125783e-17,0.013888888888888888
1.0,1.9309612574183525e-08,1.1102230246251565e-16,0.013888888888888888
1.0,1.926761778011827e-08,1.1102230246251565e-16,0.013888888888888888
1.0,1.9227116544190533e-08,5.551115123125783e-17,0.013888888888888888
1.0,1.9187666065759587e-08,1.1102230246251565e-16,0.013888888888888888
1.0,1.9147431991675375e-08,5.551115123125783e-17,0.013888888888888888
1.0,1.9108122149012935e-08,1.1102230246251565e-16,0.013888888888888888
1.0,1.9070293138117737e-08,1.6653345369377348e-16,0.013888888888888888
1.0,1.9033084707006707e-08,1.1102230246251565e-16,0.013888888888888888
1.0,1.899332161977436e-08,5.551115123125783e-17,0.013888888888888888
1.0,1.8955254389337544e-08,1.1102230246251565e-16,0.013888888888888888
1.0,1.8917048712921085e-08,2.220446049250313e-16,0.013888888888888888
1.0,1.8881171355843627e-08,5.551115123125783e-17,0.013888888888888888
1.0,1.8844320623643303e-08,1.1102230246251565e-16,0.013888888888888888
1.0,1.8805851382051066e-08,1.1102230246251565e-16,0.013888888888888888
1.0,2.4444793639355405e-06,5.551115123125783e-17,0.013888888888888888
1.0,1.1052601872026534e-07,2.220446049250313e-16,0.013888888888888888
1.0,6.586517629736623e-09,0.0,0.013888888888888888
1.0,1.5373528228637742e-09,4.440892098500626e-16,0.013888888888888888
1.0,4.608485258787349e-09,5.551115123125783e-17,0.013888888888888888
1.0,8.024506765919223e-09,1.6653345369377348e-16,0.013888888888888888
1.0,1.0988403629448758e-08,5.551115123125783e-17,0.013888888888888888
1.0,1.3724056135278724e-08,1.1102230246251565e-16,0.013888888888888888
1.0,1.6337723259778985e-08,5.551115123125783e-17,0.013888888888888888
1.0,1.8880288458646596e-08,1.6653345369377348e-16,0.013888888888888888
1.0,2.1384151170388314e-08,1.6653345369377348e-16,0.013888888888888888
1.0,2.386694662046353e-08,5.551115123125783e-17,0.013888888888888888
1.0,2.6334810101856244e-08,2.220446049250313e-16,0.013888888888888888
1.0,2.8797583459469436e-08,1.6653345369377348e-16,0.013888888888888888
1.0,3.125398840442747e-08,2.7755575615628914e-16,0.013888888888888888
1.0,3.3710893670547484e-08,2.220446049250313e-16,0.013888888888888888
1.0,3.6163175159063904e-08,2.7755575615628914e-16,0.013888888888888888
1.0,3.86138431362444e-08,2.220446049250313e-16,0.013888888888888888
1.0,4.1064402416459715e-08,1.6653345369377348e-16,0.013888888888888888
1.0,4.351360002735019e-08,2.220446049250313e-16,0.013888888888888888
1.0,4.595833610884979e-08,1.6653345369377348e-16,0.013888888888888888
1.0,4.839825596797236e-08,2.220446049250313e-16,0.013888888888888888
1.0,5.0833283234842773e-08,1.1102230246251565e-16,0.013888888888888888
1.0,5.326484690025979e-08,1.6653345369377348e-16,0.013888888888888888
1.0,5.568860758493568e-08,2.7755575615628914e-16,0.013888888888888888
1.0,5.810618409092222e-08,5.551115123125783e-17,0.013888888888888888
1.0,6.051469189329116e-08,2.220446049250313e-16,0.013888888888888888
1.0,6.291390297983024e-08,1.1102230246251565e-16,0.013888888888888888
1.0,6.530419653657454e-08,1.1102230246251565e-16,0.013888888888888888
1.0,6.768405433525057e-08,5.551115123125783e-17,0.013888888888888888
1.0,7.005329903623338e-08,1.6653345369377348e-16,0.013888888888888888
1.0,7.241091846691744e-08,2.220446049250313e-16,0.013888888888888888
1.0,7.475663415018917e-08,2.220446049250313e-16,0.013888888888888888
1.0,7.708923159832386e-08,2.7755575615628914e-16,0.013888888888888888
1.0,7.940663624108696e-08,5.551115123125783e-17,0.013888888888888888
1.0,8.17134901529134e-08,5.551115123125783e-17,0.013888888888888888
1.0,8.400105284178459e-08,2.7755575615628914e-16,0.013888888888888888
1.0,2.128863216989745e-08,1.6653345369377348e-16,0.013888888888888888
1.0,1.862145195222009e-08,1.1102230246251565e-16,0.013888888888888888
1.0,1.8399808921693986e-08,1.1102230246251565e-16,0.013888888888888888
1.0,1.827408234482043e-08,1.6653345369377348e-16,0.013888888888888888
1.0,1.8188326484141912e-08,2.220446049250313e-16,0.013888888888888888
1.0,1.8124794989415337e-08,1.1102230246251565e-16,0.013888888888888888
1.0,1.8075063712942912e-08,5.551115123125783e-17,0.013888888888888888
1.0,1.8031884963277133e-08,0.0,0.013888888888888888
1.0,1.7993576424936944e-08,2.220446049250313e-16,0.013888888888888888
1.0,1.795794988648523e-08,1.1102230246251565e-16,0.013888888888888888
1.0,1.7923538122557667e-08,2.220446049250313e-16,0.013888888888888888
1.0,1.7890821741176603e-08,1.6653345369377348e-16,0.013888888888888888
1.0,1.786187499306975e-08,0.0,0.013888888888888888
1.0,1.7831512155770878e-08,1.6653345369377348e-16,0.013888888888888888
1.0,1.780255373126039e-08,1.1102230246251565e-16,0.013888888888888888
1.0,1.777506293725438e-08,0.0,0.013888888888888888
1.0,1.7746004281165582e-08,1.1102230246251565e-16,0.013888888888888888
1.0,1.771687021562974e-08,1.1102230246251565e-16,0.013888888888888888
1.0,1.768967172030322e-08,1.1102230246251565e-16,0.013888888888888888
1.0,1.7660386824234008e-08,1.6653345369377348e-16,0.013888888888888888
1.0,1.763498520244903e-08,1.1102230246251565e-16,0.013888888888888888
1.0,1.7607206286558776e-08,1.6653345369377348e-16,0.013888888888888888
1.0,1.7580401680037157e-08,5.551115123125783e-17,0.013888888888888888
1.0,1.7552750144263222e-08,1.1102230246251565e-16,0.013888888888888888
1.0,1.7526249966954698e-08,1.1102230246251565e-16,0.013888888888888888
1.0,1.7498940803753816e-08,1.6653345369377348e-16,0.013888888888888888
1.0,1.74713917885928e-08,3.3306690738754696e-16,0.013888888888888888
1.0,1.744394439625911e-08,1.6653345369377348e-16,0.013888888888888888
1.0,1.7420810107749963e-08,5.551115123125783e-17,0.013888888888888888
1.0,1.7393110639459077e-08,2.220446049250313e-16,0.013888888888888888
1.0,1.736738454288704e-08,2.7755575615628914e-16,0.013888888888888888
1.0,1.7338686840615498e-08,5.551115123125783e-17,0.013888888888888888
1.0,1.731282248538961e-08,1.1102230246251565e-16,0.013888888888888888
1.0,1.7285086822014737e-08,1.6653345369377348e-16,0.013888888888888888
1.0,1.7261588259014923e-08,3.3306690738754696e-16,0.013888888888888888
1.0,1.4607941799244378e-06,1.1102230246251565e-16,0.013888888888888888
1.0,5.2850417284279514e-08,3.885780586188048e-16,0.013888888888888888
1.0,2.9599423952218366e-09,1.1102230246251565e-16,0.013888888888888888
1.0,7.45589285172211e-09,2.220446049250313e-16,0.013888888888888888
1.0,1.0661826297716736e-08,2.7755575615628914e-16,0.013888888888888888
1.0,1.3219937296258297e-08,1.6653345369377348e-16,0.013888888888888888
1.0,1.5421024655650542e-08,2.7755575615628914e-16,0.013888888888888888
1.0,1.7420365097217552e-08,1.6653345369377348e-16,0.013888888888888888
1.0,1.929938468391797e-08,1.6653345369377348e-16,0.013888888888888888
1.0,2.1106953888208546e-08,2.7755575615628914e-16,0.013888888888888888
1.0,2.287109964847354e-08,4.440892098500626e-16,0.013888888888888888
1.0,2.4609755945562015e-08,2.7755575615628914e-16,0.013888888888888888
1.0,2.633362227689059e-08,2.7755575615628914e-16,0.013888888888888888
1.0,2.804845294013759e-08,1.1102230246251565e-16,0.013888888888888888
1.0,2.9753375092211334e-08,1.6653345369377348e-16,0.013888888888888888
1.0,3.145902465125736e-08,2.220446049250313e-16,0.013888888888888888
1.0,3.316150604635592e-08,2.220446049250313e-16,0.013888888888888888
1.0,3.4860148733559156e-08,1.6653345369377348e-16,0.013888888888888888
1.0,3.655898678726168e-08,3.3306690738754696e-16,0.013888888888888888
1.0,3.825665406280209e-08,1.6653345369377348e-16,0.013888888888888888
1.0,3.995360556516962e-08,5.551115123125783e-17,0.013888888888888888
1.0,4.164485827105666e-08,2.220446049250313e-16,0.013888888888888888
1.0,4.333467386170221e-08,0.0,0.013888888888888888
1.0,4.5023330306825375e-08,1.1102230246251565e-16,0.013888888888888888
1.0,4.670748871632862e-08,1.1102230246251565e-16,0.013888888888888888
1.0,4.838755358207895e-08,5.551115123125783e-17,0.013888888888888888
1.0,5.0062462431925456e-08,2.220446049250313e-16,0.013888888888888888
1.0,5.17328853464331e-08,1.6653345369377348e-16,0.013888888888888888
1.0,5.339784840763645e-08,1.6653345369377348e-16,0.013888888888888888
1.0,5.505606157642829e-08,2.7755575615628914e-16,0.013888888888888888
1.0,5.6707878820993634e-08,2.7755575615628914e-16,0.013888888888888888
1.0,5.8353363253384394e-08,1.6653345369377348e-16,0.013888888888888888
1.0,5.999151574550251e-08,1.1102230246251565e-16,0.013888888888888888
1.0,6.162097047449236e-08,1.1102230246251565e-16,0.013888888888888888
1.0,6.324191706917281e-08,3.885780586188048e-16,0.013888888888888888
1.0,6.485656844825741e-08,1.6653345369377348e-16,0.013888888888888888
1.0,6.64608526848071e-08,2.220446049250313e-16,0.013888888888888888
1.0,1.845740367330032e-08,2.7755575615628914e-16,0.013888888888888888
1.0,1.653414644386617e-08,1.6653345369377348e-16,0.013888888888888888
1.0,1.6325584410361016e-08,1.6653345369377348e-16,0.013888888888888888
1.0,1.619228881825494e-08,2.7755575615628914e-16,0.013888888888888888
1.0,1.6102392818549635e-08,5.551115123125783e-17,0.013888888888888888
1.0,1.603551188285104e-08,1.6653345369377348e-16,0.013888888888888888
1.0,1.5981731963875644e-08,5.551115123125783e-17,0.013888888888888888
1.0,1.5938751501929776e-08,2.7755575615628914e-16,0.013888888888888888
1.0,1.590108243029792e-08,2.220446049250313e-16,0.013888888888888888
1.0,1.58692431282003e-08,1.1102230246251565e-16,0.013888888888888888
1.0,1.5839376825830566e-08,1.1102230246251565e-16,0.013888888888888888
1.0,1.5812027227901836e-08,2.220446049250313e-16,0.013888888888888888
1.0,1.578442508845708e-08,1.6653345369377348e-16,0.013888888888888888
1.0,1.5758340676793526e-08,1.1102230246251565e-16,0.013888888888888888
1.0,1.5733786618672086e-08,2.220446049250313e-16,0.013888888888888888
1.0,1.5712204387519093e-08,2.220446049250313e-16,0.013888888888888888
1.0,1.568765097551903e-08,1.6653345369377348e-16,0.013888888888888888
1.0,1.5664412926183596e-08,1.6653345369377348e-16,0.013888888888888888
1.0,1.56422120436395e-08,2.220446049250313e-16,0.013888888888888888
1.0,1.5620036756783223e-08,1.1102230246251565e-16,0.013888888888888888
1.0,1.5597406576021693e-08,3.3306690738754696e-16,0.013888888888888888
1.0,1.5574574393085676e-08,2.220446049250313e-16,0.013888888888888888
1.0,1.555432196192214e-08,1.6653345369377348e-16,0.013888888888888888
1.0,1.553431005976798e-08,2.220446049250313e-16,0.013888888888888888
1.0,1.5511478778192756e-08,2.220446049250313e-16,0.013888888888888888
1.0,1.5491227215847268e-08,1.1102230246251565e-16,0.013888888888888888
1.0,1.5470609258136415e-08,1.1102230246251565e-16,0.013888888888888888
1.0,1.544965019641327e-08,2.220446049250313e-16,0.013888888888888888
1.0,1.5429007523797288e-08,2.220446049250313e-16,0.013888888888888888
1.0,1.5409237571550478e-08,2.7755575615628914e-16,0.013888888888888888
1.0,1.5388544888227736e-08,2.220446049250313e-16,0.013888888888888888
1.0,1.5367675473399536e-08,1.6653345369377348e-16,0.013888888888888888
1.0,1.534750175399834e-08,2.220446049250313e-16,0.013888888888888888
1.0,1.5328415679301544e-08,1.1102230246251565e-16,0.013888888888888888
1.0,1.5308482741000567e-08,2.220446049250313e-16,0.013888888888888888
1.0,9.104530098790108e-07,2.7755575615628914e-16,0.013888888888888888
1.0,2.2929646052443897e-08,1.6653345369377348e-16,0.013888888888888888
1.0,6.923600522418669e-09,2.220446049250313e-16,0.013888888888888888
1.0,9.48715373100581e-09,2.7755575615628914e-16,0.013888888888888888
1.0,1.172973770572057e-08,2.7755575615628914e-16,0.013888888888888888
1.0,1.3617608037855895e-08,1.6653345369377348e-16,0.013888888888888888
1.0,1.525704287993424e-08,1.6653345369377348e-16,0.013888888888888888
1.0,1.6733354884475197e-08,1.6653345369377348e-16,0.013888888888888888
1.0,1.8106870718535468e-08,2.7755575615628914e-16,0.013888888888888888
1.0,1.941634539878869e-08,3.3306690738754696e-16,0.013888888888888888
1.0,2.0684955945217554e-08,2.7755575615628914e-16,0.013888888888888888
1.0,2.192463855007039e-08,2.7755575615628914e-16,0.013888888888888888
1.0,2.3151893678736567e-08,1.1102230246251565e-16,0.013888888888888888
1.0,2.436557071399646e-08,1.6653345369377348e-16,0.013888888888888888
1.0,2.5574836408355225e-08,1.1102230246251565e-16,0.013888888888888888
1.0,2.678046191667261e-08,1.6653345369377348e-16,0.013888888888888888
1.0,2.7983483902495227e-08,4.440892098500626e-16,0.013888888888888888
1.0,2.9182953963652727e-08,1.1102230246251565e-16,0.013888888888888888
1.0,3.038432137292963e-08,5.551115123125783e-17,0.013888888888888888
1.0,3.158520896516971e-08,2.7755575615628914e-16,0.013888888888888888
1.0,3.2782582159144834e-08,1.1102230246251565e-16,0.013888888888888888
1.0,3.397975342674737e-08,2.7755575615628914e-16,0.013888888888888888
1.0,3.517593873459805e-08,2.220446049250313e-16,0.013888888888888888
1.0,3.637131495737566e-08,1.6653345369377348e-16,0.013888888888888888
1.0,3.756460499640647e-08,1.1102230246251565e-16,0.013888888888888888
1.0,3.875652940281102e-08,1.1102230246251565e-16,0.013888888888888888
1.0,3.994392727812335e-08,1.1102230246251565e-16,0.013888888888888888
1.0,4.112982024523642e-08,2.220446049250313e-16,0.013888888888888888
1.0,4.231370247472359e-08,3.3306690738754696e-16,0.013888888888888888
1.0,4.349284299218276e-08,2.7755575615628914e-16,0.013888888888888888
1.0,4.4670516247335653e-08,3.3306690738754696e-16,0.013888888888888888
1.0,4.584036280238666e-08,2.220446049250313e-16,0.013888888888888888
1.0,4.700982923610473e-08,1.6653345369377348e-16,0.013888888888888888
1.0,4.8172404451862986e-08,2.7755575615628914e-16,0.013888888888888888
1.0,4.933089510279603e-08,1.6653345369377348e-16,0.013888888888888888
1.0,5.048254506152037e-08,2.7755575615628914e-16,0.013888888888888888
1.0,5.1630236814031725e-08,1.1102230246251565e-16,0.013888888888888888
1.0,3.8281545563058137e-07,1.6653345369377348e-16,0.013888888888888888
1.0,3.8076095926149724e-07,2.7755575615628914e-16,0.013888888888888888
1.0,3.6547766916962743e-07,3.3306690738754696e-16,0.013888888888888888
1.0,3.506736136014706e-07,1.1102230246251565e-16,0.013888888888888888
1.0,3.3657593410221536e-07,2.7755575615628914e-16,0.013888888888888888
1.0,3.232149192236091e-07,1.6653345369377348e-16,0.013888888888888888
1.0,3.10572582177374e-07,2.7755575615628914e-16,0.013888888888888888
1.0,2.986167129917848e-07,2.220446049250313e-16,0.013888888888888888
1.0,2.873092437245167e-07,4.440892098500626e-16,0.013888888888888888
1.0,2.7660627228451664e-07,3.3306690738754696e-16,0.013888888888888888
1.0,2.664722487391189e-07,2.7755575615628914e-16,0.013888888888888888
1.0,2.568712539207557e-07,1.6653345369377348e-16,0.013888888888888888
1.0,2.4776790693721806e-07,2.220446049250313e-16,0.013888888888888888
1.0,2.391278558095686e-07,2.220446049250313e-16,0.013888888888888888
1.0,2.3092572066860014e-07,2.7755575615628914e-16,0.013888888888888888
1.0,2.2312776097359453e-07,2.220446049250313e-16,0.013888888888888888
1.0,2.1571481257200575e-07,1.6653345369377348e-16,0.013888888888888888
1.0,2.086587165279334e-07,2.7755575615628914e-16,0.013888888888888888
1.0,2.019391800500484e-07,2.7755575615628914e-16,0.013888888888888888
1.0,1.955313852914975e-07,1.1102230246251565e-16,0.013888888888888888
1.0,1.894226462505678e-07,2.7755575615628914e-16,0.013888888888888888
1.0,1.8359491631425654e-07,2.7755575615628914e-16,0.013888888888888888
1.0,1.780262913319316e-07,1.6653345369377348e-16,0.013888888888888888
1.0,1.7270537936573176e-07,1.1102230246251565e-16,0.013888888888888888
1.0,1.6761810364971026e-07,1.6653345369377348e-16,0.013888888888888888
1.0,1.627504299304456e-07,2.7755575615628914e-16,0.013888888888888888
1.0,1.5809027263333963e-07,2.220446049250313e-16,0.013888888888888888
1.0,1.5362488077600504e-07,2.220446049250313e-16,0.013888888888888888
1.0,1.4934496623875876e-07,2.7755575615628914e-16,0.013888888888888888
1.0,1.4524128170102552e-07,5.551115123125783e-17,0.013888888888888888
1.0,1.413059965070073e-07,2.7755575615628914e-16,0.013888888888888888
1.0,1.3752649780264669e-07,1.6653345369377348e-16,0.013888888888888888
1.0,1.3389344502380032e-07,3.3306690738754696e-16,0.013888888888888888
1.0,1.3040410195011384e-07,3.3306690738754696e-16,0.013888888888888888
1.0,1.2705050774220593e-07,3.3306690738754696e-16,0.013888888888888888
1.0,5.142760749017747e-07,2.7755575615628914e-16,0.013888888888888888
1.0,9.840469516798103e-08,4.440892098500626e-16,0.013888888888888888
1.0,1.1375567389697175e-07,1.1102230246251565e-16,0.013888888888888888
1.0,1.1229352498452116e-07,2.7755575615628914e-16,0.013888888888888888
1.0,1.1114839113456478e-07,4.440892098500626e-16,0.013888888888888888
1.0,1.0998762584421267e-07,5.551115123125783e-17,0.013888888888888888
1.0,1.0878039091447822e-07,2.7755575615628914e-16,0.013888888888888888
1.0,1.0755112159922794e-07,5.551115123125783e-17,0.013888888888888888
1.0,1.0633215243924152e-07,1.6653345369377348e-16,0.013888888888888888
1.0,1.0514300500540053e-07,3.3306690738754696e-16,0.013888888888888888
1.0,1.0399609392556494e-07,3.885780586188048e-16,0.013888888888888888
1.0,1.0290045074087124e-07,2.220446049250313e-16,0.013888888888888888
1.0,1.0186034858462294e-07,2.7755575615628914e-16,0.013888888888888888
1.0,1.008801109951445e-07,1.1102230246251565e-16,0.013888888888888888
1.0,9.995425552774852e-08,4.440892098500626e-16,0.013888888888888888
1.0,9.908797683534308e-08,2.7755575615628914e-16,0.013888888888888888
1.0,9.827851894951572e-08,2.7755575615628914e-16,0.013888888888888888
1.0,9.752103141717869e-08,2.7755575615628914e-16,0.013888888888888888
1.0,9.681601488481797e-08,2.220446049250313e-16,0.013888888888888888
1.0,9.616548442337533e-08,4.440892098500626e-16,0.013888888888888888
1.0,9.555879828193642e-08,3.3306690738754696e-16,0.013888888888888888
1.0,9.499918355446273e-08,3.885780586188048e-16,0.013888888888888888
1.0,9.448373461776633e-08,2.7755575615628914e-16,0.013888888888888888
1.0,9.400968493964933e-08,2.220446049250313e-16,0.013888888888888888
1.0,9.357488654899428e-08,2.7755575615628914e-16,0.013888888888888888
1.0,9.317924843737245e-08,2.220446049250313e-16,0.013888888888888888
1.0,9.281991637693994e-08,1.6653345369377348e-16,0.013888888888888888
1.0,9.249502056417654e-08,5.551115123125783e-17,0.013888888888888888
1.0,9.22035619843269e-08,2.7755575615628914e-16,0.013888888888888888
1.0,9.194006258991546e-08,3.3306690738754696e-16,0.013888888888888888
1.0,9.170911320094858e-08,2.7755575615628914e-16,0.013888888888888888
1.0,9.150399961093969e-08,3.3306690738754696e-16,0.013888888888888888
1.0,9.132824028356494e-08,2.220446049250313e-16,0.013888888888888888
1.0,9.11768499082158e-08,1.1102230246251565e-16,0.013888888888888888
1.0,9.104832563863317e-08,2.7755575615628914e-16,0.013888888888888888
1.0,9.09424263833425e-08,4.440892098500626e-16,0.013888888888888888
1.0,9.085795227168957e-08,3.885780586188048e-16,0.013888888888888888
1.0,4.704049684190671e-08,1.6653345369377348e-16,0.013888888888888888
1.0,4.551568006776552e-08,2.220446049250313e-16,0.013888888888888888
1.0,4.535571678276438e-08,1.6653345369377348e-16,0.013888888888888888
1.0,4.5184900350354326e-08,2.7755575615628914e-16,0.013888888888888888
1.0,4.499861365721799e-08,2.7755575615628914e-16,0.013888888888888888
1.0,4.479471237730375e-08,2.7755575615628914e-16,0.013888888888888888
1.0,4.456885717219646e-08,2.7755575615628914e-16,0.013888888888888888
1.0,4.432302908021382e-08,3.885780586188048e-16,0.013888888888888888
1.0,4.405797276711816e-08,2.7755575615628914e-16,0.013888888888888888
1.0,4.3773726414724004e-08,2.7755575615628914e-16,0.013888888888888888
1.0,4.3470492182608276e-08,2.220446049250313e-16,0.013888888888888888
1.0,4.31531901493587e-08,2.7755575615628914e-16,0.013888888888888888
1.0,4.2824482184232864e-08,1.1102230246251565e-16,0.013888888888888888
1.0,4.248121472843363e-08,3.3306690738754696e-16,0.013888888888888888
1.0,4.2130452065016203e-08,1.6653345369377348e-16,0.013888888888888888
1.0,4.176965868515723e-08,2.7755575615628914e-16,0.013888888888888888
1.0,4.140195036418606e-08,2.7755575615628914e-16,0.013888888888888888
1.0,4.1029774224068284e-08,2.7755575615628914e-16,0.013888888888888888
1.0,4.065125067213088e-08,2.220446049250313e-16,0.013888888888888888
1.0,4.0267527535449335e-08,1.1102230246251565e-16,0.013888888888888888
1.0,3.988416747682591e-08,3.3306690738754696e-16,0.013888888888888888
1.0,3.949773933979171e-08,3.3306690738754696e-16,0.013888888888888888
1.0,3.9109226877344394e-08,2.7755575615628914e-16,0.013888888888888888
1.0,3.8721089612063035e-08,2.220446049250313e-16,0.013888888888888888
1.0,3.8335105867589784e-08,2.220446049250313e-16,0.013888888888888888
1.0,3.7946696736177263e-08,3.885780586188048e-16,0.013888888888888888
1.0,3.7559683949896795e-08,2.220446049250313e-16,0.013888888888888888
1.0,3.717534125442256e-08,2.7755575615628914e-16,0.013888888888888888
1.0,3.6794046827929615e-08,3.3306690738754696e-16,0.013888888888888888
1.0,3.6413038175965644e-08,1.1102230246251565e-16,0.013888888888888888
1.0,3.603308453261079e-08,2.220446049250313e-16,0.013888888888888888
1.0,3.565785609615312e-08,2.220446049250313e-16,0.013888888888888888
1.0,3.5286280532933416e-08,3.885780586188048e-16,0.013888888888888888
1.0,3.49166675147035e-08,2.7755575615628914e-16,0.013888888888888888
1.0,3.4550076333270956e-08,2.7755575615628914e-16,0.013888888888888888
1.0,4.67476098491601e-07,2.7755575615628914e-16,0.013888888888888888
1.0,1.7729811818939333e-08,4.440892098500626e-16,0.013888888888888888
1.0,3.083593863887535e-08,2.7755575615628914e-16,0.013888888888888888
1.0,3.115146980718174e-08,2.7755575615628914e-16,0.013888888888888888
1.0,3.193106363997436e-08,2.220446049250313e-16,0.013888888888888888
1.0,3.275179164205194e-08,1.6653345369377348e-16,0.013888888888888888
1.0,3.351551337610733e-08,4.440892098500626e-16,0.013888888888888888
1.0,3.4214649649631935e-08,3.3306690738754696e-16,0.013888888888888888
1.0,3.4859745733634695e-08,2.7755575615628914e-16,0.013888888888888888
1.0,3.5469406042040815e-08,3.3306690738754696e-16,0.013888888888888888
1.0,3.605252296759739e-08,3.885780586188048e-16,0.013888888888888888
1.0,3.6620019282432875e-08,2.7755575615628914e-16,0.013888888888888888
1.0,3.717609514849289e-08,1.6653345369377348e-16,0.013888888888888888
1.0,3.7727939723964416e-08,1.1102230246251565e-16,0.013888888888888888
1.0,3.8275376505129406e-08,3.885780586188048e-16,0.013888888888888888
1.0,3.882086491477958e-08,3.3306690738754696e-16,0.013888888888888888
1.0,3.9368655221580735e-08,3.885780586188048e-16,0.013888888888888888
1.0,3.991366477046997e-08,3.3306690738754696e-16,0.013888888888888888
1.0,4.046238870408649e-08,3.3306690738754696e-16,0.013888888888888888
1.0,4.100994618984661e-08,3.885780586188048e-16,0.013888888888888888
1.0,4.156218906935559e-08,3.885780586188048e-16,0.013888888888888888
1.0,4.211284927004402e-08,2.220446049250313e-16,0.013888888888888888
1.0,4.266432300548582e-08,3.3306690738754696e-16,0.013888888888888888
1.0,4.321721560260286e-08,3.3306690738754696e-16,0.013888888888888888
1.0,4.377217020845335e-08,2.220446049250313e-16,0.013888888888888888
1.0,4.432636183675647e-08,3.885780586188048e-16,0.013888888888888888
1.0,4.4881883960588305e-08,3.3306690738754696e-16,0.013888888888888888
1.0,4.5435445024822025e-08,4.996003610813204e-16,0.013888888888888888
1.0,4.5990677055809516e-08,2.7755575615628914e-16,0.013888888888888888
1.0,4.6546066688358404e-08,3.885780586188048e-16,0.013888888888888888
1.0,4.7099470043538e-08,1.6653345369377348e-16,0.013888888888888888
1.0,4.7652677893527475e-08,3.3306690738754696e-16,0.013888888888888888
1.0,4.820393732611457e-08,1.1102230246251565e-16,0.013888888888888888
1.0,4.8754383332942454e-08,4.996003610813204e-16,0.013888888888888888
1.0,4.9304911276552146e-08,2.220446049250313e-16,0.013888888888888888
1.0,4.985278464294929e-08,2.7755575615628914e-16,0.013888888888888888
1.0,5.039889881649321e-08,3.885780586188048e-16,0.013888888888888888
1.0,2.1609524524075444e-08,1.6653345369377348e-16,0.013888888888888888
1.0,2.0706988500284242e-08,3.885780586188048e-16,0.013888888888888888
1.0,2.0628549162517946e-08,3.885780586188048e-16,0.013888888888888888
1.0,2.053984617931019e-08,3.3306690738754696e-16,0.013888888888888888
1.0,2.0456768642087103e-08,1.6653345369377348e-16,0.013888888888888888
1.0,2.0378030239274915e-08,2.7755575615628914e-16,0.013888888888888888
1.0,2.0301007995899365e-08,1.6653345369377348e-16,0.013888888888888888
1.0,2.0220493891794145e-08,1.6653345369377348e-16,0.013888888888888888
1.0,2.0140737567847136e-08,3.3306690738754696e-16,0.013888888888888888
1.0,2.0057678566335473e-08,1.6653345369377348e-16,0.013888888888888888
1.0,1.9973271468757936e-08,4.996003610813204e-16,0.013888888888888888
1.0,1.9882119208946564e-08,2.7755575615628914e-16,0.013888888888888888
1.0,1.9790186348579353e-08,3.3306690738754696e-16,0.013888888888888888
1.0,1.9694698709028293e-08,2.220446049250313e-16,0.013888888888888888
1.0,1.9594584479028112e-08,2.7755575615628914e-16,0.013888888888888888
1.0,1.9492907877678445e-08,3.885780586188048e-16,0.013888888888888888
1.0,1.9388029639526317e-08,3.885780586188048e-16,0.013888888888888888
1.0,1.9282345631686915e-08,3.885780586188048e-16,0.013888888888888888
1.0,1.91725142842645e-08,2.220446049250313e-16,0.013888888888888888
1.0,1.9062432003716116e-08,2.220446049250313e-16,0.013888888888888888
1.0,1.8952237484777284e-08,2.7755575615628914e-16,0.013888888888888888
1.0,1.8836748187442903e-08,3.3306690738754696e-16,0.013888888888888888
1.0,1.8723769439767908e-08,3.3306690738754696e-16,0.013888888888888888
1.0,1.8608055661988228e-08,3.3306690738754696e-16,0.013888888888888888
1.0,1.8491359578037917e-08,1.1102230246251565e-16,0.013888888888888888
1.0,1.8374992560613185e-08,3.3306690738754696e-16,0.013888888888888888
1.0,1.8258752843141898e-08,4.440892098500626e-16,0.013888888888888888
1.0,1.8141455134826717e-08,5.551115123125783e-17,0.013888888888888888
1.0,1.802424687624356e-08,2.7755575615628914e-16,0.013888888888888888
1.0,1.790475751556439e-08,1.6653345369377348e-16,0.013888888888888888
1.0,1.7788169442643435e-08,3.3306690738754696e-16,0.013888888888888888
1.0,1.766923720487456e-08,1.6653345369377348e-16,0.013888888888888888
1.0,1.755208399501621e-08,3.885780586188048e-16,0.013888888888888888
1.0,1.7434339274897576e-08,2.220446049250313e-16,0.013888888888888888
1.0,1.7317604386725928e-08,2.220446049250313e-16,0.013888888888888888
1.0,3.97514307079497e-07,3.885780586188048e-16,0.013888888888888888
1.0,4.573701701886143e-09,3.885780586188048e-16,0.013888888888888888
1.0,1.5227172939445588e-08,4.440892098500626e-16,0.013888888888888888
1.0,1.532446097917999e-08,1.6653345369377348e-16,0.013888888888888888
1.0,1.5967455334479066e-08,2.220446049250313e-16,0.013888888888888888
1.0,1.6750295348068657e-08,3.3306690738754696e-16,0.013888888888888888
1.0,1.753229807573582e-08,2.220446049250313e-16,0.013888888888888888
1.0,1.8282192561536035e-08,2.7755575615628914e-16,0.013888888888888888
1.0,1.8993523126441824e-08,4.996003610813204e-16,0.013888888888888888
1.0,1.9676188254216442e-08,3.3306690738754696e-16,0.013888888888888888
1.0,2.033479048363721e-08,3.3306690738754696e-16,0.013888888888888888
1.0,2.097857244336781e-08,2.220446049250313e-16,0.013888888888888888
1.0,2.160952645226538e-08,4.996003610813204e-16,0.013888888888888888
1.0,2.2234146220600516e-08,3.3306690738754696e-16,0.013888888888888888
1.0,2.2850754771590603e-08,1.6653345369377348e-16,0.013888888888888888
1.0,2.3463260903604034e-08,1.6653345369377348e-16,0.013888888888888888
1.0,2.4074476393751806e-08,5.551115123125783e-17,0.013888888888888888
1.0,2.4680454645666024e-08,1.6653345369377348e-16,0.013888888888888888
1.0,2.5285016135267144e-08,2.220446049250313e-16,0.013888888888888888
1.0,2.588768170330419e-08,2.7755575615628914e-16,0.013888888888888888
1.0,2.6488110893527804e-08,2.220446049250313e-16,0.013888888888888888
1.0,2.7086656732085483e-08,4.440892098500626e-16,0.013888888888888888
1.0,2.7685248320014817e-08,2.7755575615628914e-16,0.013888888888888888
1.0,2.8278829575608254e-08,3.3306690738754696e-16,0.013888888888888888
1.0,2.8872986098177953e-08,1.6653345369377348e-16,0.013888888888888888
1.0,2.9463657908295857e-08,1.1102230246251565e-16,0.013888888888888888
1.0,3.0052837142695355e-08,2.7755575615628914e-16,0.013888888888888888
1.0,3.0640183354942444e-08,2.7755575615628914e-16,0.013888888888888888
1.0,3.122333876518957e-08,3.3306690738754696e-16,0.013888888888888888
1.0,3.1805959798314634e-08,5.551115123125783e-16,0.013888888888888888
1.0,3.238392352005819e-08,2.220446049250313e-16,0.013888888888888888
1.0,3.296059634682511e-08,5.551115123125783e-16,0.013888888888888888
1.0,3.353281360604526e-08,2.220446049250313e-16,0.013888888888888888
1.0,3.410433254213817e-08,4.996003610813204e-16,0.013888888888888888
1.0,3.467066465058823e-08,3.885780586188048e-16,0.013888888888888888
1.0,3.523439460970633e-08,4.440892098500626e-16,0.013888888888888888
1.0,3.579408510762344e-08,2.220446049250313e-16,0.013888888888888888
1.0,3.863765230719799e-08,4.440892098500626e-16,0.013888888888888888
1.0,3.868149923705737e-08,3.3306690738754696e-16,0.013888888888888888
1.0,3.833351979575977e-08,2.220446049250313e-16,0.013888888888888888
1.0,3.793386455192102e-08,4.440892098500626e-16,0.013888888888888888
1.0,3.7519046150983055e-08,1.1102230246251565e-16,0.013888888888888888
1.0,3.710114292882115e-08,4.440892098500626e-16,0.013888888888888888
1.0,3.66834833177548e-08,2.220446049250313e-16,0.013888888888888888
1.0,3.6267164150879996e-08,3.3306690738754696e-16,0.013888888888888888
1.0,3.5852702295902445e-08,2.220446049250313e-16,0.013888888888888888
1.0,3.543832004545232e-08,3.3306690738754696e-16,0.013888888888888888
1.0,3.5025378976560464e-08,3.885780586188048e-16,0.013888888888888888
1.0,3.461282002185195e-08,3.885780586188048e-16,0.013888888888888888
1.0,3.420216863958671e-08,3.885780586188048e-16,0.013888888888888888
1.0,3.379303395252809e-08,3.885780586188048e-16,0.013888888888888888
1.0,3.338472251473912e-08,2.7755575615628914e-16,0.013888888888888888
1.0,3.297680564227138e-08,3.3306690738754696e-16,0.013888888888888888
1.0,3.257388492155938e-08,3.885780586188048e-16,0.013888888888888888
1.0,3.2169744952337566e-08,2.7755575615628914e-16,0.013888888888888888
1.0,3.1767953524272775e-08,4.440892098500626e-16,0.013888888888888888
1.0,3.1368775330614217e-08,2.220446049250313e-16,0.013888888888888888
1.0,3.0971365645547923e-08,3.885780586188048e-16,0.013888888888888888
1.0,3.0576354768893704e-08,3.3306690738754696e-16,0.013888888888888888
1.0,3.0182507169823037e-08,3.885780586188048e-16,0.013888888888888888
1.0,2.9792029008361667e-08,3.885780586188048e-16,0.013888888888888888
1.0,2.9404428555067054e-08,3.3306690738754696e-16,0.013888888888888888
1.0,2.9019441009823824e-08,2.7755575615628914e-16,0.013888888888888888
1.0,2.863531398273265e-08,3.885780586188048e-16,0.013888888888888888
1.0,2.8255703376445363e-08,4.996003610813204e-16,0.013888888888888888
1.0,2.7877154897760227e-08,2.220446049250313e-16,0.013888888888888888
1.0,2.75029084052398e-08,3.3306690738754696e-16,0.013888888888888888
1.0,2.7129837403093242e-08,4.440892098500626e-16,0.013888888888888888
1.0,2.6759530274391127e-08,2.220446049250313e-16,0.013888888888888888
1.0,2.639294505766222e-08,2.7755575615628914e-16,0.013888888888888888
1.0,2.6029010144143207e-08,2.220446049250313e-16,0.013888888888888888
1.0,2.5668935695953476e-08,3.3306690738754696e-16,0.013888888888888888
1.0,2.2554751122650341e-07,4.440892098500626e-16,0.013888888888888888
1.0,1.9801223841766164e-08,4.996003610813204e-16,0.013888888888888888
1.0,2.5192559209251977e-08,2.7755575615628914e-16,0.013888888888888888
1.0,2.4728514261942437e-08,3.885780586188048e-16,0.013888888888888888
1.0,2.4695883027851126e-08,7.216449660063518e-16,0.013888888888888888
1.0,2.4807483201611295e-08,4.996003610813204e-16,0.013888888888888888
1.0,2.4945038728519073e-08,3.885780586188048e-16,0.013888888888888888
1.0,2.507529337824994e-08,3.3306690738754696e-16,0.013888888888888888
1.0,2.5181846205360035e-08,4.440892098500626e-16,0.013888888888888888
1.0,2.526743303231705e-08,2.7755575615628914e-16,0.013888888888888888
1.0,2.5335167839450906e-08,2.7755575615628914e-16,0.013888888888888888
1.0,2.5384748252286194e-08,4.440892098500626e-16,0.013888888888888888
1.0,2.5422906211205133e-08,3.3306690738754696e-16,0.013888888888888888
1.0,2.5449011519973643e-08,4.440892098500626e-16,0.013888888888888888
1.0,2.546316515297659e-08,4.440892098500626e-16,0.013888888888888888
1.0,2.5467825435456644e-08,3.885780586188048e-16,0.013888888888888888
1.0,2.5463105923871827e-08,2.7755575615628914e-16,0.013888888888888888
1.0,2.5451969143754553e-08,4.440892098500626e-16,0.013888888888888888
1.0,2.543082245326451e-08,3.885780586188048e-16,0.013888888888888888
1.0,2.5402401459044093e-08,4.440892098500626e-16,0.013888888888888888
1.0,2.5367286116878913e-08,2.220446049250313e-16,0.013888888888888888
1.0,2.5323547807669374e-08,2.7755575615628914e-16,0.013888888888888888
1.0,2.5273266593609252e-08,3.3306690738754696e-16,0.013888888888888888
1.0,2.5215093737052887e-08,4.440892098500626e-16,0.013888888888888888
1.0,2.5150567232708113e-08,2.7755575615628914e-16,0.013888888888888888
1.0,2.5079359413390646e-08,4.440892098500626e-16,0.013888888888888888
1.0,2.499984423954141e-08,3.885780586188048e-16,0.013888888888888888
1.0,2.491413955324473e-08,4.440892098500626e-16,0.013888888888888888
1.0,2.4822371492053163e-08,2.220446049250313e-16,0.013888888888888888
1.0,2.472292663822928e-08,6.106226635438361e-16,0.013888888888888888
1.0,2.4616851344469427e-08,1.6653345369377348e-16,0.013888888888888888
1.0,2.450432217761539e-08,3.885780586188048e-16,0.013888888888888888
1.0,2.4387053550819016e-08,4.996003610813204e-16,0.013888888888888888
1.0,2.4260696720720337e-08,3.885780586188048e-16,0.013888888888888888
1.0,2.4129676240865003e-08,4.996003610813204e-16,0.013888888888888888
1.0,2.3994156050163948e-08,2.7755575615628914e-16,0.013888888888888888
1.0,2.3849421913412616e-08,3.3306690738754696e-16,0.013888888888888888
1.0,1.579083804057973e-08,3.3306690738754696e-16,0.013888888888888888
1.0,1.530756707904643e-08,2.7755575615628914e-16,0.013888888888888888
1.0,1.5002054660185723e-08,3.885780586188048e-16,0.013888888888888888
1.0,1.4690456010711265e-08,2.220446049250313e-16,0.013888888888888888
1.0,1.4380712260851442e-08,5.551115123125783e-16,0.013888888888888888
1.0,1.4079327496218918e-08,2.7755575615628914e-16,0.013888888888888888
1.0,1.3785986508197625e-08,3.3306690738754696e-16,0.013888888888888888
1.0,1.3499995948478161e-08,3.3306690738754696e-16,0.013888888888888888
1.0,1.3221708674268428e-08,4.440892098500626e-16,0.013888888888888888
1.0,1.2949485990143518e-08,2.7755575615628914e-16,0.013888888888888888
1.0,1.268331522727567e-08,3.885780586188048e-16,0.013888888888888888
1.0,1.24209778991222e-08,5.551115123125783e-16,0.013888888888888888
1.0,1.2164364657865032e-08,3.3306690738754696e-16,0.013888888888888888
1.0,1.1913979629007934e-08,4.996003610813204e-16,0.013888888888888888
1.0,1.1667516112542154e-08,4.996003610813204e-16,0.013888888888888888
1.0,1.1425629501556255e-08,2.220446049250313e-16,0.013888888888888888
1.0,1.1187500454917724e-08,2.7755575615628914e-16,0.013888888888888888
1.0,1.0952044946523573e-08,2.7755575615628914e-16,0.013888888888888888
1.0,1.0723296367490354e-08,2.220446049250313e-16,0.013888888888888888
1.0,1.0495859965707861e-08,3.885780586188048e-16,0.013888888888888888
1.0,1.0273214530194352e-08,2.7755575615628914e-16,0.013888888888888888
1.0,1.005459114876548e-08,3.3306690738754696e-16,0.013888888888888888
1.0,9.838893205273153e-09,3.3306690738754696e-16,0.013888888888888888
1.0,9.625918999437767e-09,5.551115123125783e-16,0.013888888888888888
1.0,9.417168407817206e-09,3.3306690738754696e-16,0.013888888888888888
1.0,9.209893668955622e-09,2.7755575615628914e-16,0.013888888888888888
1.0,9.007195394413082e-09,4.996003610813204e-16,0.013888888888888888
1.0,8.808090417089172e-09,3.885780586188048e-16,0.013888888888888888
1.0,8.611557767611891e-09,3.885780586188048e-16,0.013888888888888888
1.0,8.417937729717451e-09,2.220446049250313e-16,0.013888888888888888
1.0,8.227343710883487e-09,1.6653345369377348e-16,0.013888888888888888
1.0,8.039347144155346e-09,2.7755575615628914e-16,0.013888888888888888
1.0,7.854464767613386e-09,3.885780586188048e-16,0.013888888888888888
1.0,7.670453043565483e-09,8.326672684688674e-16,0.013888888888888888
1.0,7.49173594427117e-09,3.3306690738754696e-16,0.013888888888888888
1.0,1.9982267099990706e-07,5.551115123125783e-16,0.013888888888888888
1.0,6.31806202353022e-09,3.885780586188048e-16,0.013888888888888888
1.0,7.432522684600096e-09,4.440892098500626e-16,0.013888888888888888
1.0,7.148568294972487e-09,3.885780586188048e-16,0.013888888888888888
1.0,7.040280692888448e-09,2.7755575615628914e-16,0.013888888888888888
1.0,7.0006612273744965e-09,3.885780586188048e-16,0.013888888888888888
1.0,6.982557049622831e-09,3.885780586188048e-16,0.013888888888888888
1.0,6.969746422510404e-09,3.885780586188048e-16,0.013888888888888888
1.0,6.956229732440261e-09,3.3306690738754696e-16,0.013888888888888888
1.0,6.938503041306877e-09,4.996003610813204e-16,0.013888888888888888
1.0,6.917965436323018e-09,6.106226635438361e-16,0.013888888888888888
1.0,6.893734657895493e-09,4.996003610813204e-16,0.013888888888888888
1.0,6.867625716098718e-09,3.885780586188048e-16,0.013888888888888888
1.0,6.837823655467994e-09,3.885780586188048e-16,0.013888888888888888
1.0,6.8054880725635975e-09,2.220446049250313e-16,0.013888888888888888
1.0,6.771854175257937e-09,4.440892098500626e-16,0.013888888888888888
1.0,6.736090122545267e-09,5.551115123125783e-16,0.013888888888888888
1.0,6.698284163621317e-09,4.440892098500626e-16,0.013888888888888888
1.0,6.659305982821094e-09,3.885780586188048e-16,0.013888888888888888
1.0,6.617996048875583e-09,3.3306690738754696e-16,0.013888888888888888
1.0,6.576534831782615e-09,3.3306690738754696e-16,0.013888888888888888
1.0,6.777205783173151e-09,1.6653345369377348e-16,0.013888888888888888
1.0,7.562608652700349e-09,4.996003610813204e-16,0.013888888888888888
1.0,8.384744296147714e-09,3.885780586188048e-16,0.013888888888888888
1.0,9.246947199906153e-09,2.220446049250313e-16,0.013888888888888888
1.0,1.0142135632540706e-08,2.7755575615628914e-16,0.013888888888888888
1.0,1.107329497640162e-08,3.885780586188048e-16,0.013888888888888888
1.0,1.2042468622485128e-08,3.885780586188048e-16,0.013888888888888888
1.0,1.3043717725301027e-08,3.885780586188048e-16,0.013888888888888888
1.0,1.4080245814257556e-08,4.440892098500626e-16,0.013888888888888888
1.0,1.515204932233249e-08,6.661338147750939e-16,0.013888888888888888
1.0,1.6255726874002048e-08,2.7755575615628914e-16,0.013888888888888888
1.0,1.7392740130258367e-08,5.551115123125783e-16,0.013888888888888888
1.0,1.8562329247311297e-08,3.3306690738754696e-16,0.013888888888888888
1.0,1.9762978596782618e-08,3.885780586188048e-16,0.013888888888888888
1.0,2.0994145029704386e-08,6.106226635438361e-16,0.013888888888888888
1.0,2.2256563559184555e-08,4.996003610813204e-16,0.013888888888888888
1.0,1.404585958841586e-09,2.7755575615628914e-16,0.013888888888888888
1.0,7.843360979155665e-10,6.106226635438361e-16,0.013888888888888888
1.0,7.508745851703986e-10,1.6653345369377348e-16,0.013888888888888888
1.0,7.199967407461144e-10,3.3306690738754696e-16,0.013888888888888888
1.0,6.915135130943882e-10,6.106226635438361e-16,0.013888888888888888
1.0,6.64908173888294e-10,3.885780586188048e-16,0.013888888888888888
1.0,6.404705867553377e-10,3.885780586188048e-16,0.013888888888888888
1.0,6.195870729486104e-10,2.7755575615628914e-16,0.013888888888888888
1.0,5.992707235862418e-10,3.3306690738754696e-16,0.013888888888888888
1.0,5.805297729853635e-10,3.885780586188048e-16,0.013888888888888888
1.0,5.634650411514072e-10,2.220446049250313e-16,0.013888888888888888
1.0,5.47106098329875e-10,5.551115123125783e-16,0.013888888888888888
1.0,5.327132356891562e-10,4.996003610813204e-16,0.013888888888888888
1.0,5.183582021883002e-10,4.996003610813204e-16,0.013888888888888888
1.0,5.051248480321376e-10,4.996003610813204e-16,0.013888888888888888
1.0,4.940844181230394e-10,4.996003610813204e-16,0.013888888888888888
1.0,4.823130353298241e-10,3.3306690738754696e-16,0.013888888888888888
1.0,4.715372970756289e-10,3.3306690738754696e-16,0.013888888888888888
1.0,4.6112705704824085e-10,5.551115123125783e-16,0.013888888888888888
1.0,4.522417794262135e-10,3.885780586188048e-16,0.013888888888888888
1.0,4.425625326631866e-10,2.7755575615628914e-16,0.013888888888888888
1.0,4.339293364621927e-10,2.220446049250313e-16,0.013888888888888888
1.0,4.2485505135790026e-10,3.3306690738754696e-16,0.013888888888888888
1.0,4.1748216312196947e-10,3.885780586188048e-16,0.013888888888888888
1.0,4.097185961538461e-10,4.996003610813204e-16,0.013888888888888888
1.0,4.030388833814955e-10,5.551115123125783e-16,0.013888888888888888
1.0,3.9624575363846533e-10,3.3306690738754696e-16,0.013888888888888888
1.0,3.9023400783670596e-10,2.7755575615628914e-16,0.013888888888888888
1.0,3.831510296856333e-10,2.220446049250313e-16,0.013888888888888888
1.0,3.7780724882575525e-10,3.885780586188048e-16,0.013888888888888888
1.0,3.715182638795235e-10,3.885780586188048e-16,0.013888888888888888
1.0,3.6597285195964387e-10,3.885780586188048e-16,0.013888888888888888
1.0,3.6112060070184484e-10,3.3306690738754696e-16,0.013888888888888888
1.0,3.5596588838262844e-10,3.885780586188048e-16,0.013888888888888888
1.0,3.5078597665620175e-10,3.3306690738754696e-16,0.013888888888888888
1.0,3.467403213489494e-10,3.885780586188048e-16,0.013888888888888888
1.0,3.424300127339745e-10,2.7755575615628914e-16,0.013888888888888888
1.0,3.3725011815718947e-10,2.220446049250313e-16,0.013888888888888888
1.0,3.334439307278706e-10,2.220446049250313e-16,0.013888888888888888
1.0,3.289571989042956e-10,4.996003610813204e-16,0.013888888888888888
1.0,3.2542828139420395e-10,2.220446049250313e-16,0.013888888888888888
1.0,3.2145827192520507e-10,3.885780586188048e-16,0.013888888888888888
1.0,3.1757648617371274e-10,4.440892098500626e-16,0.013888888888888888
1.0,3.144634717186817e-10,3.885780586188048e-16,0.013888888888888888
1.0,3.102162151771956e-10,6.106226635438361e-16,0.013888888888888888
1.0,3.074182766418239e-10,4.996003610813204e-16,0.013888888888888888
1.0,3.0409102718391243e-10,3.3306690738754696e-16,0.013888888888888888
1.0,3.0037309729724326e-10,1.6653345369377348e-16,0.013888888888888888
1.0,2.977264016977709e-10,3.885780586188048e-16,0.013888888888888888
1.0,2.943487523358036e-10,4.440892098500626e-16,0.013888888888888888
1.0,2.906434364454547e-10,4.996003610813204e-16,0.013888888888888888
1.0,2.8871510419838643e-10,2.220446049250313e-16,0.013888888888888888
1.0,2.8516102752958934e-10,3.885780586188048e-16,0.013888888888888888
1.0,2.821488699004598e-10,2.220446049250313e-16,0.013888888888888888
1.0,2.799810948852347e-10,4.440892098500626e-16,0.013888888888888888
1.0,2.763514122809224e-10,3.3306690738754696e-16,0.013888888888888888
1.0,2.73881178739079e-10,3.3306690738754696e-16,0.013888888888888888
1.0,2.71713411762692e-10,2.7755575615628914e-16,0.013888888888888888
1.0,2.694448259124159e-10,2.7755575615628914e-16,0.013888888888888888
1.0,2.674156929117582e-10,4.996003610813204e-16,0.013888888888888888
1.0,2.647060191491102e-10,4.996003610813204e-16,0.013888888888888888
1.0,2.622484009860502e-10,3.3306690738754696e-16,0.013888888888888888
1.0,2.5953873257276424e-10,3.885780586188048e-16,0.013888888888888888
1.0,2.5681646420972097e-10,5.551115123125783e-16,0.013888888888888888
1.0,2.5569473235034815e-10,2.220446049250313e-16,0.013888888888888888
1.0,2.5307328968025303e-10,3.3306690738754696e-16,0.013888888888888888
1.0,2.512710197961503e-10,7.216449660063518e-16,0.013888888888888888
1.0,2.4900245508580013e-10,4.440892098500626e-16,0.013888888888888888
1.0,2.473388178759389e-10,4.440892098500626e-16,0.013888888888888888
1.0,2.454861433568378e-10,4.996003610813204e-16,0.013888888888888888
1.0,2.4340662391938035e-10,2.7755575615628914e-16,0.013888888888888888
1.0,2.409364260499712e-10,3.3306690738754696e-16,0.013888888888888888
1.0,6.231097599270397e-10,2.7755575615628914e-16,0.013888888888888888
1.0,6.196058679833526e-10,3.3306690738754696e-16,0.013888888888888888
1.0,6.014325930526267e-10,3.3306690738754696e-16,0.013888888888888888
1.0,5.841793337425867e-10,4.440892098500626e-16,0.013888888888888888
1.0,5.679217027863207e-10,2.7755575615628914e-16,0.013888888888888888
1.0,5.51840531729165e-10,4.996003610813204e-16,0.013888888888888888
1.0,5.376245604503337e-10,3.885780586188048e-16,0.013888888888888888
1.0,5.229675207306153e-10,3.885780586188048e-16,0.013888888888888888
1.0,5.108184049594838e-10,4.996003610813204e-16,0.013888888888888888
1.0,4.974972713618202e-10,3.3306690738754696e-16,0.013888888888888888
1.0,4.859657130518779e-10,1.6653345369377348e-16,0.013888888888888888
1.0,4.750642957165879e-10,6.106226635438361e-16,0.013888888888888888
1.0,4.628774371030313e-10,3.3306690738754696e-16,0.013888888888888888
1.0,4.540050510943819e-10,2.220446049250313e-16,0.013888888888888888
1.0,4.435195575098299e-10,4.440892098500626e-16,0.013888888888888888
1.0,4.355797792644123e-10,2.7755575615628914e-16,0.013888888888888888
1.0,4.252581421199777e-10,2.7755575615628914e-16,0.013888888888888888
1.0,4.1705373302081846e-10,6.106226635438361e-16,0.013888888888888888
1.0,4.0965589189647e-10,3.885780586188048e-16,0.013888888888888888
1.0,4.0180437099277506e-10,2.220446049250313e-16,0.013888888888888888
1.0,3.9446956004243415e-10,3.3306690738754696e-16,0.013888888888888888
1.0,3.8612656133706774e-10,4.440892098500626e-16,0.013888888888888888
1.0,3.797747585560378e-10,3.3306690738754696e-16,0.013888888888888888
1.0,3.7324652888076417e-10,2.7755575615628914e-16,0.013888888888888888
1.0,3.6741144052811044e-10,4.440892098500626e-16,0.013888888888888888
1.0,3.6137471984692273e-10,3.885780586188048e-16,0.013888888888888888
1.0,3.557286809929549e-10,2.7755575615628914e-16,0.013888888888888888
1.0,3.493391054821398e-10,3.3306690738754696e-16,0.013888888888888888
1.0,3.455708390981075e-10,3.885780586188048e-16,0.013888888888888888
1.0,3.396349625288921e-10,4.996003610813204e-16,0.013888888888888888
1.0,3.3480810372660367e-10,3.3306690738754696e-16,0.013888888888888888
1.0,3.301198764310585e-10,3.885780586188048e-16,0.013888888888888888
1.0,3.2465030553509877e-10,3.3306690738754696e-16,0.013888888888888888
1.0,3.1969743808871783e-10,6.106226635438361e-16,0.013888888888888888
1.0,3.156645497348973e-10,3.885780586188048e-16,0.013888888888888888
1.0,3.107116917714616e-10,3.885780586188048e-16,0.013888888888888888
1.0,3.0785083298226544e-10,2.220446049250313e-16,0.013888888888888888
1.0,3.0320044067584145e-10,4.440892098500626e-16,0.013888888888888888
1.0,2.9947002554642425e-10,4.996003610813204e-16,0.013888888888888888
1.0,2.9505908660175644e-10,3.885780586188048e-16,0.013888888888888888
1.0,2.9271493830362854e-10,5.551115123125783e-16,0.013888888888888888
1.0,2.8897193150084467e-10,3.885780586188048e-16,0.013888888888888888
1.0,2.85405361119038e-10,4.996003610813204e-16,0.013888888888888888
1.0,2.8243110422995713e-10,2.7755575615628914e-16,0.013888888888888888
1.0,2.784234585147466e-10,2.7755575615628914e-16,0.013888888888888888
1.0,2.7470567008724607e-10,2.7755575615628914e-16,0.013888888888888888
1.0,2.713281479091515e-10,3.3306690738754696e-16,0.013888888888888888
1.0,2.692990775573725e-10,3.885780586188048e-16,0.013888888888888888
1.0,2.659341633440322e-10,4.996003610813204e-16,0.013888888888888888
1.0,2.639807115114842e-10,5.551115123125783e-16,0.013888888888888888
1.0,2.6081743975389733e-10,3.885780586188048e-16,0.013888888888888888
1.0,2.569988508138816e-10,2.7755575615628914e-16,0.013888888888888888
1.0,2.544530976742593e-10,2.7755575615628914e-16,0.013888888888888888
1.0,2.520963813207178e-10,3.3306690738754696e-16,0.013888888888888888
1.0,2.504958047808848e-10,2.7755575615628914e-16,0.013888888888888888
1.0,2.475467848188577e-10,3.3306690738754696e-16,0.013888888888888888
1.0,2.438668347745645e-10,2.220446049250313e-16,0.013888888888888888
1.0,2.433500604053764e-10,4.996003610813204e-16,0.013888888888888888
1.0,2.4008599036545446e-10,3.885780586188048e-16,0.013888888888888888
1.0,2.3795612756874785e-10,6.106226635438361e-16,0.013888888888888888
1.0,2.358010620996551e-10,6.661338147750939e-16,0.013888888888888888
1.0,2.333057373305935e-10,2.7755575615628914e-16,0.013888888888888888
1.0,2.3136491411827925e-10,3.3306690738754696e-16,0.013888888888888888
1.0,2.2878137747494612e-10,3.3306690738754696e-16,0.013888888888888888
1.0,2.2730684119212758e-10,3.3306690738754696e-16,0.013888888888888888
1.0,2.2540382979240418e-10,3.885780586188048e-16,0.013888888888888888
1.0,2.231101504011086e-10,2.7755575615628914e-16,0.013888888888888888
1.0,2.2206409474287853e-10,5.551115123125783e-16,0.013888888888888888
1.0,2.1963179401473246e-10,3.885780586188048e-16,0.013888888888888888
1.0,2.1840930959961222e-10,5.551115123125783e-16,0.013888888888888888
1.0,2.167205438187696e-10,4.440892098500626e-16,0.013888888888888888
1.0,2.1544765289630094e-10,4.440892098500626e-16,0.013888888888888888
1.0,6.418933769458085e-10,4.440892098500626e-16,0.013888888888888888
1.0,6.388862568737587e-10,3.3306690738754696e-16,0.013888888888888888
1.0,6.162494504005217e-10,2.7755575615628914e-16,0.013888888888888888
1.0,5.93438236931466e-10,5.551115123125783e-16,0.013888888888888888
1.0,5.712226954310524e-10,4.996003610813204e-16,0.013888888888888888
1.0,5.51448109425454e-10,5.551115123125783e-16,0.013888888888888888
1.0,5.334751761615325e-10,7.216449660063518e-16,0.013888888888888888
1.0,5.161124588644641e-10,5.551115123125783e-16,0.013888888888888888
1.0,4.998685030664108e-10,6.106226635438361e-16,0.013888888888888888
1.0,4.850484382314949e-10,3.3306690738754696e-16,0.013888888888888888
1.0,4.696035646699992e-10,3.885780586188048e-16,0.013888888888888888
1.0,4.559022432900101e-10,2.7755575615628914e-16,0.013888888888888888
1.0,4.424624355193004e-10,6.106226635438361e-16,0.013888888888888888
1.0,4.3069353722472383e-10,4.996003610813204e-16,0.013888888888888888
1.0,4.193605150007021e-10,3.3306690738754696e-16,0.013888888888888888
1.0,4.073155114927984e-10,7.216449660063518e-16,0.013888888888888888
1.0,3.980456940254205e-10,4.996003610813204e-16,0.013888888888888888
1.0,3.8719210548575256e-10,4.440892098500626e-16,0.013888888888888888
1.0,3.7760260073692525e-10,3.3306690738754696e-16,0.013888888888888888
1.0,3.6965495952303425e-10,6.106226635438361e-16,0.013888888888888888
1.0,3.6051585463137467e-10,2.7755575615628914e-16,0.013888888888888888
1.0,3.530767359458691e-10,4.996003610813204e-16,0.013888888888888888
1.0,3.451726492537171e-10,2.7755575615628914e-16,0.013888888888888888
1.0,3.384745351602632e-10,2.7755575615628914e-16,0.013888888888888888
1.0,3.316020525021425e-10,4.440892098500626e-16,0.013888888888888888
1.0,3.252090484193514e-10,6.106226635438361e-16,0.013888888888888888
1.0,3.180168887749205e-10,3.3306690738754696e-16,0.013888888888888888
1.0,3.11711046955663e-10,3.3306690738754696e-16,0.013888888888888888
1.0,3.052744273801321e-10,4.996003610813204e-16,0.013888888888888888
1.0,2.995497680434839e-10,2.220446049250313e-16,0.013888888888888888
1.0,2.9476954970004996e-10,4.440892098500626e-16,0.013888888888888888
1.0,2.899457352544928e-10,8.881784197001252e-16,0.013888888888888888
1.0,2.8378515602988234e-10,3.885780586188048e-16,0.013888888888888888
1.0,2.7893226897458645e-10,4.440892098500626e-16,0.013888888888888888
1.0,2.752417760234762e-10,1.1102230246251565e-16,0.013888888888888888
1.0,2.71623928428116e-10,2.220446049250313e-16,0.013888888888888888
1.0,2.657103343811688e-10,3.885780586188048e-16,0.013888888888888888
1.0,2.619181166142731e-10,3.3306690738754696e-16,0.013888888888888888
1.0,2.5805324424363363e-10,3.3306690738754696e-16,0.013888888888888888
1.0,2.5402853707151734e-10,4.440892098500626e-16,0.013888888888888888
1.0,2.5062861699965006e-10,2.7755575615628914e-16,0.013888888888888888
1.0,2.4719963293734466e-10,5.551115123125783e-16,0.013888888888888888
1.0,2.4297149227926775e-10,3.885780586188048e-16,0.013888888888888888
1.0,2.40007462020526e-10,3.885780586188048e-16,0.013888888888888888
1.0,2.363169253299077e-10,4.996003610813204e-16,0.013888888888888888
1.0,2.3245202394709863e-10,4.440892098500626e-16,0.013888888888888888
1.0,2.306649191368677e-10,7.216449660063518e-16,0.013888888888888888
1.0,2.2780258621747034e-10,5.551115123125783e-16,0.013888888888888888
1.0,2.2283338788579568e-10,4.996003610813204e-16,0.013888888888888888
1.0,2.2126422618898442e-10,4.996003610813204e-16,0.013888888888888888
1.0,2.1899761791656635e-10,2.7755575615628914e-16,0.013888888888888888
1.0,2.159027913641163e-10,4.996003610813204e-16,0.013888888888888888
1.0,2.1221222733649664e-10,4.996003610813204e-16,0.013888888888888888
1.0,2.1000373143174815e-10,5.551115123125783e-16,0.013888888888888888
1.0,2.0724308871414532e-10,5.551115123125783e-16,0.013888888888888888
1.0,2.0558673279336556e-10,5.551115123125783e-16,0.013888888888888888
1.0,2.0288420570207977e-10,4.440892098500626e-16,0.013888888888888888
1.0,2.001380856432979e-10,6.106226635438361e-16,0.013888888888888888
1.0,1.976099151364929e-10,4.996003610813204e-16,0.013888888888888888
1.0,1.954159356233454e-10,4.440892098500626e-16,0.013888888888888888
1.0,1.9351255704482743e-10,4.996003610813204e-16,0.013888888888888888
1.0,1.9096984971327208e-10,2.7755575615628914e-16,0.013888888888888888
1.0,1.9060666437911266e-10,4.440892098500626e-16,0.013888888888888888
1.0,1.867998287245485e-10,4.440892098500626e-16,0.013888888888888888
1.0,1.8479473129153966e-10,2.7755575615628914e-16,0.013888888888888888
1.0,1.8406828763460326e-10,3.885780586188048e-16,0.013888888888888888
1.0,1.8184523425872273e-10,1.6653345369377348e-16,0.013888888888888888
1.0,1.8001449399773746e-10,3.3306690738754696e-16,0.013888888888888888
1.0,1.780820407319497e-10,4.996003610813204e-16,0.013888888888888888
1.0,1.767162634654748e-10,4.996003610813204e-16,0.013888888888888888
1.0,1.7446414253948198e-10,2.7755575615628914e-16,0.013888888888888888
1.0,1.721974895163523e-10,4.440892098500626e-16,0.013888888888888888
1.0,6.636825029631111e-10,4.440892098500626e-16,0.013888888888888888
1.0,6.548924223021823e-10,3.885780586188048e-16,0.013888888888888888
1.0,6.242487935688112e-10,2.220446049250313e-16,0.013888888888888888
1.0,5.959589824817444e-10,4.440892098500626e-16,0.013888888888888888
1.0,5.69005881023011e-10,2.7755575615628914e-16,0.013888888888888888
1.0,5.445955118240921e-10,6.106226635438361e-16,0.013888888888888888
1.0,5.226842945965431e-10,3.885780586188048e-16,0.013888888888888888
1.0,5.004388262699003e-10,2.7755575615628914e-16,0.013888888888888888
1.0,4.805472206189974e-10,3.3306690738754696e-16,0.013888888888888888
1.0,4.6161457271829247e-10,2.7755575615628914e-16,0.013888888888888888
1.0,4.441639799052165e-10,1.6653345369377348e-16,0.013888888888888888
1.0,4.2703301801478166e-10,1.6653345369377348e-16,0.013888888888888888
1.0,4.1251748949887374e-10,4.440892098500626e-16,0.013888888888888888
1.0,3.9744977646911685e-10,5.551115123125783e-16,0.013888888888888888
1.0,3.847214288275815e-10,3.885780586188048e-16,0.013888888888888888
1.0,3.7148449207904887e-10,3.885780586188048e-16,0.013888888888888888
1.0,3.5940996461242737e-10,3.885780586188048e-16,0.013888888888888888
1.0,3.475533717056325e-10,2.220446049250313e-16,0.013888888888888888
1.0,3.362198538652005e-10,4.440892098500626e-16,0.013888888888888888
1.0,3.267026228513823e-10,4.440892098500626e-16,0.013888888888888888
1.0,3.1740333232919213e-10,2.220446049250313e-16,0.013888888888888888
1.0,3.076245208564249e-10,2.7755575615628914e-16,0.013888888888888888
1.0,2.9951669854110636e-10,2.220446049250313e-16,0.013888888888888888
1.0,2.9126355829235906e-10,3.885780586188048e-16,0.013888888888888888
1.0,2.8293775275872573e-10,3.3306690738754696e-16,0.013888888888888888
1.0,2.745974042344656e-10,1.1102230246251565e-16,0.013888888888888888
1.0,2.6749213684531506e-10,7.216449660063518e-16,0.013888888888888888
1.0,2.6149117831694e-10,5.551115123125783e-16,0.013888888888888888
1.0,2.5434229944033247e-10,4.440892098500626e-16,0.013888888888888888
1.0,2.484866280592775e-10,3.885780586188048e-16,0.013888888888888888
1.0,2.4251470411944126e-10,3.885780586188048e-16,0.013888888888888888
1.0,2.368769746300423e-10,4.996003610813204e-16,0.013888888888888888
1.0,2.3003320158209983e-10,4.996003610813204e-16,0.013888888888888888
1.0,2.2664769355137667e-10,4.996003610813204e-16,0.013888888888888888
1.0,2.2114071757336786e-10,4.440892098500626e-16,0.013888888888888888
1.0,2.1559014299969675e-10,4.440892098500626e-16,0.013888888888888888
1.0,2.115652727895861e-10,3.3306690738754696e-16,0.013888888888888888
1.0,2.0546252324113478e-10,4.996003610813204e-16,0.013888888888888888
1.0,2.027453954568513e-10,4.440892098500626e-16,0.013888888888888888
1.0,1.9815381631717006e-10,2.220446049250313e-16,0.013888888888888888
1.0,1.9409986438544404e-10,3.885780586188048e-16,0.013888888888888888
1.0,1.8975529545764897e-10,3.3306690738754696e-16,0.013888888888888888
1.0,1.8680566127916293e-10,2.7755575615628914e-16,0.013888888888888888
1.0,1.8253373648762225e-10,2.7755575615628914e-16,0.013888888888888888
1.0,1.7988923801753524e-10,4.440892098500626e-16,0.013888888888888888
1.0,1.757044886575049e-10,4.440892098500626e-16,0.013888888888888888
1.0,1.7226079786281457e-10,4.996003610813204e-16,0.013888888888888888
1.0,1.691658390452668e-10,4.440892098500626e-16,0.013888888888888888
1.0,1.663324287566858e-10,4.440892098500626e-16,0.013888888888888888
1.0,1.625109303911071e-10,3.885780586188048e-16,0.013888888888888888
1.0,1.5963392172839243e-10,2.7755575615628914e-16,0.013888888888888888
1.0,1.570620542843583e-10,3.885780586188048e-16,0.013888888888888888
1.0,1.5549280108022463e-10,3.3306690738754696e-16,0.013888888888888888
1.0,1.5297905151790892e-10,4.996003610813204e-16,0.013888888888888888
1.0,1.4899769971488852e-10,2.7755575615628914e-16,0.013888888888888888
1.0,1.4706517247282326e-10,2.7755575615628914e-16,0.013888888888888888
1.0,1.4417361696897209e-10,3.3306690738754696e-16,0.013888888888888888
1.0,1.4289496723444487e-10,1.1102230246251565e-16,0.013888888888888888
1.0,1.395820164239857e-10,3.885780586188048e-16,0.013888888888888888
1.0,1.375332351158532e-10,4.996003610813204e-16,0.013888888888888888
1.0,1.3638535664567319e-10,3.885780586188048e-16,0.013888888888888888
1.0,1.3262194603800616e-10,4.440892098500626e-16,0.013888888888888888
1.0,1.3233137735124543e-10,3.3306690738754696e-16,0.013888888888888888
1.0,1.296141749454752e-10,4.996003610813204e-16,0.013888888888888888
1.0,1.2750726144385322e-10,2.7755575615628914e-16,0.013888888888888888
1.0,1.24877239236211e-10,2.220446049250313e-16,0.013888888888888888
1.0,1.2272672969994764e-10,1.6653345369377348e-16,0.013888888888888888
1.0,1.2147712528472132e-10,3.885780586188048e-16,0.013888888888888888
1.0,1.2031470426684094e-10,4.440892098500626e-16,0.013888888888888888
1.0,1.1739405945266543e-10,2.7755575615628914e-16,0.013888888888888888
1.0,1.1653678187827844e-10,3.885780586188048e-16,0.013888888888888888
1.0,1.1421189511912934e-10,3.3306690738754696e-16,0.013888888888888888
1.0,5.308245709145634e-10,3.885780586188048e-16,0.013888888888888888
1.0,5.166432662968839e-10,6.106226635438361e-16,0.013888888888888888
1.0,4.876259004192979e-10,3.885780586188048e-16,0.013888888888888888
1.0,4.585503023374968e-10,4.996003610813204e-16,0.013888888888888888
1.0,4.3367402604212495e-10,5.551115123125783e-16,0.013888888888888888
1.0,4.110644844781625e-10,3.885780586188048e-16,0.013888888888888888
1.0,3.8980624349680913e-10,2.7755575615628914e-16,0.013888888888888888
1.0,3.698411884787954e-10,6.106226635438361e-16,0.013888888888888888
1.0,3.4986154260579233e-10,4.440892098500626e-16,0.013888888888888888
1.0,3.340958184538004e-10,2.7755575615628914e-16,0.013888888888888888
1.0,3.1818473972543663e-10,4.440892098500626e-16,0.013888888888888888
1.0,3.0240439721563067e-10,4.440892098500626e-16,0.013888888888888888
1.0,2.894575599254015e-10,4.996003610813204e-16,0.013888888888888888
1.0,2.7568242183504663e-10,5.551115123125783e-16,0.013888888888888888
1.0,2.6484251869106247e-10,4.440892098500626e-16,0.013888888888888888
1.0,2.528255751559118e-10,3.3306690738754696e-16,0.013888888888888888
1.0,2.4231983429065487e-10,3.3306690738754696e-16,0.013888888888888888
1.0,2.3213375372158707e-10,5.551115123125783e-16,0.013888888888888888
1.0,2.250427707298288e-10,4.440892098500626e-16,0.013888888888888888
1.0,2.1460962187056877e-10,3.885780586188048e-16,0.013888888888888888
1.0,2.0612361994982075e-10,3.885780586188048e-16,0.013888888888888888
1.0,1.977974437344909e-10,3.885780586188048e-16,0.013888888888888888
1.0,1.917962308779046e-10,3.3306690738754696e-16,0.013888888888888888
1.0,1.8419658215194313e-10,2.220446049250313e-16,0.013888888888888888
1.0,1.775414439750182e-10,3.3306690738754696e-16,0.013888888888888888
1.0,1.7215050395873716e-10,3.885780586188048e-16,0.013888888888888888
1.0,1.663962754099741e-10,4.996003610813204e-16,0.013888888888888888
1.0,1.5963938672155606e-10,3.885780586188048e-16,0.013888888888888888
1.0,1.559351316452208e-10,4.996003610813204e-16,0.013888888888888888
1.0,1.5073055108156179e-10,6.106226635438361e-16,0.013888888888888888
1.0,1.4833618122876356e-10,4.440892098500626e-16,0.013888888888888888
1.0,1.4563936843495757e-10,4.440892098500626e-16,0.013888888888888888
1.0,1.4285434390537905e-10,1.6653345369377348e-16,0.013888888888888888
1.0,1.4013232958530654e-10,2.7755575615628914e-16,0.013888888888888888
1.0,1.367298176569866e-10,2.7755575615628914e-16,0.013888888888888888
1.0,1.3495294231076471e-10,2.7755575615628914e-16,0.013888888888888888
1.0,1.3215532000913347e-10,4.440892098500626e-16,0.013888888888888888
1.0,1.300507988628728e-10,3.885780586188048e-16,0.013888888888888888
1.0,1.2817311124577317e-10,3.3306690738754696e-16,0.013888888888888888
1.0,1.2619460977513937e-10,3.3306690738754696e-16,0.013888888888888888
1.0,1.2449334897796116e-10,2.220446049250313e-16,0.013888888888888888
1.0,1.220737853240175e-10,3.3306690738754696e-16,0.013888888888888888
1.0,1.21393272756523e-10,2.220446049250313e-16,0.013888888888888888
1.0,1.1845703612543082e-10,5.551115123125783e-16,0.013888888888888888
1.0,1.153695786295724e-10,1.6653345369377348e-16,0.013888888888888888
1.0,1.1536956532663665e-10,4.440892098500626e-16,0.013888888888888888
1.0,1.1302561589826213e-10,2.220446049250313e-16,0.013888888888888888
1.0,1.1238291104206265e-10,2.7755575615628914e-16,0.013888888888888888
1.0,1.1036660971421343e-10,4.996003610813204e-16,0.013888888888888888
1.0,1.0935845327719625e-10,4.440892098500626e-16,0.013888888888888888
1.0,1.0686328451185509e-10,3.3306690738754696e-16,0.013888888888888888
1.0,1.0683806942450616e-10,4.440892098500626e-16,0.013888888888888888
1.0,1.0425468912488615e-10,3.885780586188048e-16,0.013888888888888888
1.0,1.0347336666291199e-10,5.551115123125783e-16,0.013888888888888888
1.0,1.0207455642324496e-10,3.885780586188048e-16,0.013888888888888888
1.0,1.0110420764176257e-10,2.7755575615628914e-16,0.013888888888888888
1.0,9.981881430421088e-11,3.885780586188048e-16,0.013888888888888888
1.0,9.91257056133135e-11,4.440892098500626e-16,0.013888888888888888
1.0,9.646671761316523e-11,3.885780586188048e-16,0.013888888888888888
1.0,9.621467226726034e-11,3.3306690738754696e-16,0.013888888888888888
1.0,9.443781053421494e-11,6.661338147750939e-16,0.013888888888888888
1.0,9.625245889677062e-11,5.551115123125783e-16,0.013888888888888888
1.0,9.334143684606211e-11,3.3306690738754696e-16,0.013888888888888888
1.0,9.288776368120895e-11,3.3306690738754696e-16,0.013888888888888888
1.0,9.142594790912192e-11,6.106226635438361e-16,0.013888888888888888
1.0,9.104788587197235e-11,2.7755575615628914e-16,0.013888888888888888
1.0,8.910720297090495e-11,3.885780586188048e-16,0.013888888888888888
1.0,8.94852482398875e-11,2.7755575615628914e-16,0.013888888888888888
1.0,8.814945142577706e-11,4.996003610813204e-16,0.013888888888888888
1.0,8.783439901480014e-11,4.440892098500626e-16,0.013888888888888888
1.0,8.623396539401184e-11,4.440892098500626e-16,0.013888888888888888
1.0,8.575509024681691e-11,5.551115123125783e-16,0.013888888888888888
